Make,Model,Year,Mileage,Price,Fuel,Registration_City,Documents,Assembly,Transmission,Car_Age,Mileage_Per_Year
Toyota,Passo,2021,54000,4190000,Petrol,Unregistered,Original,Imported,Automatic,5,9000.0
Suzuki,Ravi,2018,95000,1300000,Petrol,Karachi,Original,Local,Manual,8,10555.555555555555
Suzuki,Bolan,2015,50000,800000,Petrol,Karachi,Original,Local,Manual,11,4166.666666666667
Daihatsu,Move,2013,94000,2155000,Petrol,Lahore,Original,Imported,Automatic,13,6714.285714285715
Suzuki,Swift,2011,126544,1440000,Petrol,Karachi,Original,Local,Manual,15,7909.0
Suzuki,Wagon R,2020,54000,2830000,Petrol,Lahore,Original,Local,Automatic,6,7714.285714285715
Daihatsu,Mira,2013,140000,2150000,Petrol,Karachi,Original,Imported,Automatic,13,10000.0
Suzuki,Bolan,2016,32000,1050000,Petrol,Karachi,Original,Local,Manual,10,2909.090909090909
Honda,City IDSI,2004,160000,1230000,Petrol,Sindh,Original,Local,Manual,22,6956.521739130435
Suzuki,Cultus VXR,2008,75000,950000,Petrol,Faisalabad,Original,Local,Manual,18,3947.3684210526317
Suzuki,Every,2018,101628,1850000,Petrol,Islamabad,Original,Imported,Automatic,8,11292.0
Toyota,Corolla XLI,2007,346000,1895000,Petrol,Lahore,Original,Local,Manual,19,17300.0
Suzuki,Baleno,2004,140000,930000,Petrol,Karachi,Original,Imported,Manual,22,6086.95652173913
Honda,City Vario,2006,80000,1670000,Petrol,Karachi,Original,Imported,Automatic,20,3809.5238095238096
Daihatsu,Move,2021,6500,3499000,Petrol,Unregistered,Original,Imported,Automatic,5,1083.3333333333333
Daihatsu,Terios Kid,2004,123123,1425000,Petrol,Sialkot,Original,Imported,Automatic,22,5353.173913043478
Daihatsu,Move,2013,73000,2150000,Petrol,Lahore,Original,Imported,Automatic,13,5214.285714285715
Honda,Civic Prosmetic,2007,160000,1670000,Petrol,Karachi,Original,Local,Automatic,19,8000.0
Suzuki,Cultus VXR,2006,80000,900000,Petrol,Lahore,Original,Imported,Manual,20,3809.5238095238096
Daihatsu,Mira,2011,115000,660000,Petrol,Unregistered,Duplicate,Imported,Automatic,15,7187.5
Honda,City IVTEC,2023,112076,3400000,Petrol,Islamabad,Original,Local,Manual,3,28019.0
Toyota,Corolla XLI,2008,100000,1920000,CNG,Lahore,Original,Imported,Manual,18,5263.1578947368425
Suzuki,Wagon R,2014,125000,1600000,Petrol,Karachi,Original,Local,Manual,12,9615.384615384615
Hyundai,Santro,2007,84298,890000,Petrol,Gujranwala,Original,Local,Manual,19,4214.9
Toyota,Corrolla Altis,2019,49000,4475000,Petrol,Karachi,Original,Local,Automatic,7,6125.0
Suzuki,Cultus VXR,2009,52000,1050000,Petrol,Lahore,Original,Local,Manual,17,2888.8888888888887
Honda,City Aspire,2021,75000,4199000,Petrol,Lahore,Original,Local,Automatic,5,12500.0
Suzuki,Mehran VXR,2009,96000,620000,Petrol,Faisalabad,Original,Local,Manual,17,5333.333333333333
Daihatsu,Cuore,2006,100000,1000000,Petrol,Lahore,Original,Imported,Manual,20,4761.9047619047615
Honda,Civic Prosmetic,2009,105700,1825000,Petrol,Karachi,Original,Local,Automatic,17,5872.222222222223
Mitsubishi,Pajero Mini,2007,100000,1025000,Petrol,Islamabad,Original,Imported,Manual,19,5000.0
Suzuki,Swift,2017,90000,2100000,Petrol,Karachi,Original,Local,Manual,9,9000.0
Toyota,Passo,2015,55600,3090000,Petrol,Karachi,Original,Imported,Automatic,11,4633.333333333333
Honda,City IVTEC,2013,130000,2650000,Petrol,Karachi,Original,Local,Automatic,13,9285.714285714286
Honda,City IVTEC,2013,85000,3100000,Petrol,Islamabad,Original,Local,Manual,13,6071.428571428572
KIA,Picanto,2021,14600,3000000,Petrol,Lahore,Original,Local,Automatic,5,2433.3333333333335
Daihatsu,Cuore,2007,100000,830000,Petrol,Karachi,Original,Imported,Manual,19,5000.0
Suzuki,Bolan,2015,50000,950000,Petrol,Punjab,Original,Local,Manual,11,4166.666666666667
Honda,City Aspire,2021,64000,4500000,Petrol,Punjab,Original,Local,Automatic,5,10666.666666666666
Suzuki,Alto,2012,58600,1165000,Petrol,Karachi,Original,Local,Manual,14,3906.6666666666665
Changan,Karvaan,2021,27000,2250000,Petrol,Karachi,Original,Local,Manual,5,4500.0
Suzuki,Swift,2016,92900,2225000,Petrol,Lahore,Original,Local,Manual,10,8445.454545454546
Suzuki,Ravi,2015,65000,700000,Petrol,Lahore,Original,Local,Manual,11,5416.666666666667
Suzuki,Baleno,2005,109000,1380000,Petrol,Islamabad,Original,Local,Manual,21,4954.545454545455
FAW,X-PV,2016,156000,875000,Petrol,Multan,Original,Imported,Manual,10,14181.818181818182
Daihatsu,Mira,2013,60000,2200000,Petrol,Karachi,Original,Imported,Automatic,13,4285.714285714285
Toyota,Corolla XLI,2017,300000,2720000,Petrol,Lahore,Original,Local,Manual,9,30000.0
Suzuki,Alto,2023,15000,2900000,Petrol,Punjab,Original,Local,Automatic,3,3750.0
Daihatsu,Mira,2011,82356,2010000,Petrol,Lahore,Original,Imported,Automatic,15,5147.25
Suzuki,Bolan,2014,80000,1130000,Petrol,Lahore,Original,Imported,Manual,12,6153.846153846154
Suzuki,Alto,2003,90000,680000,Petrol,Karachi,Original,Local,Manual,23,3750.0
Daihatsu,Hijet,2016,123456,1850000,Petrol,Karachi,Original,Imported,Automatic,10,11223.272727272728
Daihatsu,Cuore,2010,70000,830000,Petrol,Karachi,Original,Local,Manual,16,4117.64705882353
Mitsubishi,Ek Wagon,2013,83000,2000000,Petrol,Karachi,Original,Imported,Automatic,13,5928.571428571428
Suzuki,Swift,2022,13000,4750000,Petrol,Karachi,Original,Local,Automatic,4,2600.0
Suzuki,Baleno,2004,249000,900000,Petrol,Karachi,Original,Imported,Manual,22,10826.08695652174
Suzuki,Wagon R,2012,120000,2100000,Petrol,Lahore,Original,Imported,Automatic,14,8000.0
Suzuki,Bolan,2007,50000,850000,Petrol,Rawalpindi,Original,Imported,Manual,19,2500.0
Toyota,Passo,2018,80000,3750000,Petrol,Islamabad,Original,Imported,Automatic,8,8888.888888888889
Toyota,Corolla XLI,2011,123456,2070000,Petrol,Lahore,Original,Local,Manual,15,7716.0
Toyota,Altis Grande,2014,150000,3300000,Petrol,Sindh,Original,Imported,Manual,12,11538.461538461539
Mercedes,E Class,2003,120000,3600000,Petrol,Sindh,Original,Imported,Automatic,23,5000.0
Honda,City IDSI,2006,152000,1700000,Petrol,Karachi,Original,Local,Manual,20,7238.0952380952385
Hyundai,Santro,2002,100000,650000,Petrol,Sindh,Original,Local,Manual,24,4000.0
Daihatsu,Move,2021,100000,2900000,Petrol,Punjab,Original,Imported,Automatic,5,16666.666666666668
Honda,City IDSI,2001,40000,950000,Petrol,Karachi,Original,Imported,Automatic,25,1538.4615384615386
Daihatsu,Hijet,2011,150000,2300000,Petrol,Islamabad,Original,Imported,Automatic,15,9375.0
Toyota,Corolla XLI,2007,250000,1350000,Petrol,Lahore,Original,Imported,Manual,19,12500.0
Toyota,Yaris,2022,22000,5000000,Petrol,Punjab,Original,Imported,Automatic,4,4400.0
Toyota,Corrolla Altis,2010,105000,2350000,Petrol,Islamabad,Original,Local,Automatic,16,6176.470588235294
Suzuki,Cultus VXR,2005,95000,950000,Petrol,Lahore,Original,Imported,Manual,21,4318.181818181818
Honda,City Aspire,2019,60500,3950000,Petrol,Islamabad,Original,Local,Manual,7,7562.5
Suzuki,Ravi,2017,60000,1500000,Petrol,Islamabad,Original,Imported,Manual,9,6000.0
Suzuki,Swift,2013,99000,1820000,Petrol,Karachi,Original,Local,Manual,13,7071.428571428572
Suzuki,Alto,2022,7300,2815000,Petrol,Karachi,Original,Local,Automatic,4,1460.0
Mitsubishi,Lancer,2005,112233,1200000,Petrol,Karachi,Original,Imported,Manual,21,5101.5
Suzuki,Swift,2016,123000,2200000,Petrol,Lahore,Original,Imported,Manual,10,11181.818181818182
Suzuki,Baleno,2005,75000,560000,Petrol,Karachi,Duplicate,Local,Manual,21,3409.090909090909
Daihatsu,Cuore,2011,35000,1200000,Petrol,Lahore,Original,Local,Automatic,15,2187.5
Suzuki,Wagon R,2018,93575,1925000,Petrol,Lahore,Original,Imported,Manual,8,10397.222222222223
Suzuki,Baleno,2003,99999,930000,Petrol,Faisalabad,Original,Local,Manual,23,4166.625
Changan,Karvaan,2022,7000,2200000,Petrol,Lahore,Original,Local,Manual,4,1400.0
Suzuki,Wagon R,2019,50000,2500000,Petrol,Lahore,Original,Local,Manual,7,6250.0
Toyota,Corolla XLI,2020,48000,4300000,Petrol,Islamabad,Original,Local,Automatic,6,6857.142857142857
Toyota,Corolla GLI,2019,60000,2195000,Petrol,Islamabad,Original,Local,Manual,7,7500.0
FAW,X-PV,2014,150000,900000,Petrol,Lahore,Original,Local,Manual,12,11538.461538461539
Toyota,Yaris,2021,42000,4100000,Petrol,Karachi,Original,Local,Automatic,5,7000.0
Suzuki,Bolan,2009,100000,860000,Petrol,Rawalpindi,Original,Local,Manual,17,5555.555555555556
Suzuki,Mehran VXR,2011,35000,530000,Petrol,Multan,Original,Local,Manual,15,2187.5
Honda,City IVTEC,2010,210000,2490000,Petrol,Islamabad,Original,Local,Manual,16,12352.941176470587
Daihatsu,Mira,2012,100000,2070000,Petrol,Karachi,Original,Imported,Automatic,14,6666.666666666667
Daihatsu,Hijet,2017,5700,1150000,Petrol,Islamabad,Original,Imported,Automatic,9,570.0
Toyota,Corolla GLI,2012,105000,2650000,Petrol,Karachi,Original,Local,Manual,14,7000.0
Suzuki,Swift,2016,74000,2225000,Petrol,Lahore,Original,Local,Manual,10,6727.272727272727
Suzuki,Swift,2019,62000,2690000,Petrol,Lahore,Original,Local,Manual,7,7750.0
Suzuki,Wagon R,2021,8000,2900000,Petrol,Karachi,Original,Local,Manual,5,1333.3333333333333
Suzuki,Bolan,2015,46500,850000,Petrol,Lahore,Original,Local,Manual,11,3875.0
Daihatsu,Cuore,2008,84512,745000,Petrol,Karachi,Original,Local,Manual,18,4448.0
Toyota,Corolla XLI,2007,150000,1650000,Petrol,Multan,Original,Local,Manual,19,7500.0
Honda,City IDSI,2005,95000,1625000,Petrol,Islamabad,Original,Imported,Manual,21,4318.181818181818
Chevrolet,Joy,2009,107000,900000,Petrol,Lahore,Original,Imported,Manual,17,5944.444444444444
Honda,Civic Oriel,2017,90000,4850000,Petrol,Lahore,Original,Local,Automatic,9,9000.0
Toyota,Yaris,2021,20000,4380000,Petrol,Karachi,Original,Local,Automatic,5,3333.3333333333335
Suzuki,Every,2021,15654,3270000,Petrol,Unregistered,Original,Imported,Automatic,5,2609.0
Hyundai,Santro,2003,123456,825000,Petrol,Lahore,Original,Local,Manual,23,5144.0
Suzuki,Alto,2004,100000,480000,CNG,Karachi,Original,Local,Manual,22,4347.826086956522
KIA,Classic,2000,12345,450000,Petrol,Karachi,Original,Local,Manual,26,457.22222222222223
KIA,Spectra,2002,120000,550000,CNG,Karachi,Original,Imported,Manual,24,4800.0
Suzuki,Mehran VXR,2012,70000,820000,Petrol,Lahore,Original,Imported,Manual,14,4666.666666666667
Daihatsu,Move,2012,77000,2275000,Petrol,Lahore,Original,Imported,Automatic,14,5133.333333333333
Suzuki,Alto,2021,70000,2350000,Petrol,Islamabad,Original,Local,Manual,5,11666.666666666666
Suzuki,Mehran VXR,2006,1234,545000,Petrol,Karachi,Original,Local,Manual,20,58.76190476190476
Suzuki,Wagon R,2018,122000,2100000,Petrol,Lahore,Original,Local,Manual,8,13555.555555555555
Daihatsu,Hijet,2018,130000,1395000,Petrol,Karachi,Original,Imported,Automatic,8,14444.444444444445
Honda,City IVTEC,2019,43000,4200000,Petrol,Islamabad,Original,Local,Automatic,7,5375.0
Hyundai,Santro,2007,90000,1055000,Petrol,Lahore,Original,Local,Manual,19,4500.0
Daihatsu,Cuore,2001,12378,580000,Petrol,Faisalabad,Original,Imported,Manual,25,476.0769230769231
Honda,Civic Prosmetic,2010,92000,2600000,Petrol,Bahawalpur,Original,Local,Automatic,16,5411.764705882353
Suzuki,Cultus VXR,2008,85421,836999,Petrol,Lahore,Original,Imported,Manual,18,4495.8421052631575
Suzuki,Bolan,2014,95500,840000,Petrol,Karachi,Original,Local,Manual,12,7346.153846153846
FAW,V2,2018,75000,1550000,Petrol,Islamabad,Original,Imported,Manual,8,8333.333333333334
Toyota,Corolla GLI,2009,250000,2225000,Petrol,Multan,Original,Local,Manual,17,13888.888888888889
Hyundai,Santro,2006,80000,970000,Petrol,Lahore,Original,Local,Manual,20,3809.5238095238096
Toyota,Corolla GLI,2016,94000,3000000,Petrol,Lahore,Original,Local,Manual,10,8545.454545454546
Toyota,Corolla XLI,2008,150000,2100000,Petrol,Islamabad,Original,Local,Manual,18,7894.736842105263
Toyota,Corolla GLI,2012,230000,2400000,Petrol,Sindh,Original,Local,Manual,14,15333.333333333334
Suzuki,Wagon R,2015,83000,1680000,Petrol,Lahore,Original,Imported,Manual,11,6916.666666666667
Suzuki,Cultus VXR,2015,115000,1625000,Petrol,Lahore,Original,Local,Manual,11,9583.333333333334
Hyundai,Santro,2004,177100,750000,Petrol,Sindh,Original,Imported,Manual,22,7700.0
Hyundai,Santro,2005,95000,910000,Petrol,Lahore,Original,Local,Manual,21,4318.181818181818
Hyundai,Santro,2005,1234,800000,Petrol,Faisalabad,Original,Imported,Manual,21,56.09090909090909
KIA,Picanto,2021,18000,3100000,Petrol,Lahore,Original,Imported,Automatic,5,3000.0
Toyota,Corolla GLI,2014,180000,2900000,Petrol,Punjab,Original,Imported,Automatic,12,13846.153846153846
Toyota,Corolla GLI,2011,82000,2550000,Petrol,Sindh,Original,Local,Manual,15,5125.0
Mitsubishi,Ek Wagon,2015,50000,2080000,Petrol,Sindh,Original,Imported,Automatic,11,4166.666666666667
Honda,City Vario,2006,160000,1580000,Petrol,Sindh,Original,Local,Automatic,20,7619.047619047619
Suzuki,Every,2010,200000,1450000,Petrol,Lahore,Original,Imported,Automatic,16,11764.70588235294
KIA,Picanto,2021,65000,2700000,Petrol,Punjab,Original,Local,Automatic,5,10833.333333333334
Changan,Karvaan,2022,12700,2600000,Petrol,Hyderabad,Original,Local,Manual,4,2540.0
Suzuki,Bolan,2019,60700,1375000,Petrol,Lahore,Original,Local,Manual,7,7587.5
Honda,City IVTEC,2021,29400,4050000,Petrol,Islamabad,Original,Local,Manual,5,4900.0
Daihatsu,Cuore,2007,245128,780000,Petrol,Karachi,Original,Local,Manual,19,12256.4
Honda,City Vario,2005,223000,1725000,Petrol,Lahore,Original,Local,Automatic,21,10136.363636363636
Suzuki,Ravi,2005,100000,290000,Petrol,Karachi,Original,Imported,Manual,21,4545.454545454545
Suzuki,Bolan,2008,55000,720000,CNG,Islamabad,Original,Imported,Manual,18,2894.7368421052633
Suzuki,Bolan,2009,91000,950000,Petrol,Islamabad,Original,Local,Manual,17,5055.555555555556
Daihatsu,Mira,2015,70000,1920000,Petrol,Karachi,Original,Imported,Automatic,11,5833.333333333333
Hyundai,Santro,2006,153000,950000,Petrol,Lahore,Original,Imported,Manual,20,7285.714285714285
Suzuki,Mehran VXR,2006,123456,499999,Petrol,Karachi,Original,Local,Manual,20,5878.857142857143
Hyundai,Santro,2003,194857,720000,Petrol,Karachi,Original,Local,Manual,23,8119.041666666667
Suzuki,Swift,2021,41000,3350000,Petrol,Islamabad,Original,Local,Automatic,5,6833.333333333333
Suzuki,Mehran VXR,2006,100000,500000,Petrol,Rahimyar Khan,Original,Local,Manual,20,4761.9047619047615
Honda,City IVTEC,2017,160000,3300000,Petrol,Islamabad,Original,Local,Manual,9,16000.0
Honda,Civic Oriel,2005,130000,1575000,Petrol,Lahore,Original,Imported,Manual,21,5909.090909090909
Hyundai,Santro,2005,120000,985000,Petrol,Lahore,Original,Local,Manual,21,5454.545454545455
Toyota,Corolla GLI,2018,66000,4250000,Petrol,Lahore,Original,Local,Manual,8,7333.333333333333
Suzuki,Swift,2013,110000,1590000,Petrol,Karachi,Original,Local,Manual,13,7857.142857142857
Suzuki,Bolan,2017,58000,1099000,Petrol,Lahore,Original,Local,Manual,9,5800.0
Suzuki,Alto,2021,22000,2370000,Petrol,Lahore,Original,Local,Manual,5,3666.6666666666665
Mitsubishi,Lancer,2005,139000,1350000,Petrol,Faisalabad,Original,Imported,Automatic,21,6318.181818181818
Suzuki,Mehran VXR,2017,78000,1115000,Petrol,Lahore,Original,Local,Manual,9,7800.0
Toyota,Altis Grande,2018,71500,4900000,Petrol,Karachi,Original,Local,Automatic,8,7944.444444444444
Toyota,Passo,2006,90000,1590000,Petrol,Karachi,Original,Imported,Automatic,20,4285.714285714285
Toyota,Yaris,2021,36000,3800000,Petrol,Punjab,Original,Local,Manual,5,6000.0
Mitsubishi,Minicab Bravo,2013,90000,1050000,Petrol,Islamabad,Original,Imported,Manual,13,6428.571428571428
Suzuki,Alto,2017,48000,2800000,Petrol,Karachi,Original,Imported,Automatic,9,4800.0
Suzuki,Bolan,2001,76240,550000,Petrol,Hyderabad,Original,Imported,Manual,25,2932.3076923076924
Honda,City IVTEC,2022,3700,4600000,Petrol,Karachi,Original,Local,Automatic,4,740.0
Suzuki,Mehran VXR,2008,40000,530000,Petrol,Punjab,Original,Local,Manual,18,2105.2631578947367
Toyota,Corolla Assista,2004,166000,2600000,Petrol,Karachi,Original,Local,Manual,22,7217.391304347826
Daihatsu,Cuore,2007,100000,735000,Petrol,Karachi,Original,Local,Manual,19,5000.0
Honda,City Vario,2004,108000,1400000,Petrol,Karachi,Original,Local,Automatic,22,4695.652173913043
Hyundai,Santro,2008,111000,965000,Petrol,Lahore,Original,Local,Manual,18,5842.105263157895
Suzuki,Alto,2010,178526,1000000,CNG,Lahore,Original,Local,Manual,16,10501.529411764706
Daihatsu,Cuore,2005,300000,580000,Petrol,Karachi,Original,Imported,Manual,21,13636.363636363636
Suzuki,Alto,2020,40500,2525000,Petrol,Lahore,Original,Local,Automatic,6,5785.714285714285
Toyota,Yaris,2020,48000,4175000,Petrol,Karachi,Original,Local,Automatic,6,6857.142857142857
Daihatsu,Mira,2010,109621,1660000,Petrol,Lahore,Original,Imported,Automatic,16,6448.294117647059
Hyundai,Santro,2004,186000,1275000,Petrol,Lahore,Original,Local,Manual,22,8086.95652173913
Toyota,Yaris,2020,36000,4500000,Petrol,Karachi,Original,Local,Automatic,6,5142.857142857143
Honda,City IVTEC,2010,165000,2325000,Petrol,Lahore,Original,Local,Manual,16,9705.882352941177
Honda,Civic Prosmetic,2007,142000,1790000,Petrol,Lahore,Original,Local,Automatic,19,7100.0
Honda,Civic Prosmetic,2008,130741,1740000,Petrol,Karachi,Original,Local,Automatic,18,6881.105263157895
Honda,City IVTEC,2017,58000,3480000,Petrol,Islamabad,Original,Local,Manual,9,5800.0
Honda,City IVTEC,2016,53600,3800000,Petrol,Lahore,Original,Local,Automatic,10,4872.727272727273
Honda,City IDSI,2008,200000,1620000,Petrol,Karachi,Original,Local,Manual,18,10526.315789473685
Honda,City IDSI,2003,12345,1315000,Petrol,Lahore,Original,Local,Automatic,23,514.375
Chevrolet,Joy,2006,1234,625000,Petrol,Lahore,Original,Imported,Manual,20,58.76190476190476
Suzuki,Wagon R,2019,110000,2450000,Petrol,Lahore,Original,Local,Manual,7,13750.0
Suzuki,Bolan,2017,65000,1350000,Petrol,Lahore,Original,Local,Manual,9,6500.0
Toyota,Corolla GLI,2011,120000,2860000,Petrol,Islamabad,Original,Local,Manual,15,7500.0
Suzuki,Wagon R,2021,47000,2600000,Petrol,Lahore,Original,Local,Manual,5,7833.333333333333
Hyundai,Santro,2001,10000,745000,Petrol,Lahore,Original,Imported,Manual,25,384.61538461538464
Suzuki,Wagon R,2018,119000,1900000,Petrol,Multan,Original,Local,Manual,8,13222.222222222223
Daihatsu,Cuore,2008,1234,695000,Petrol,Karachi,Original,Local,Manual,18,64.94736842105263
Suzuki,Wagon R,2016,50000,1800000,Petrol,Karachi,Original,Local,Manual,10,4545.454545454545
Hyundai,Santro,2006,75000,847000,Petrol,Faisalabad,Original,Local,Manual,20,3571.4285714285716
Mercedes,E Class,2002,80000,3500000,Petrol,Islamabad,Original,Imported,Automatic,24,3200.0
Honda,City IDSI,2005,100500,1475000,Petrol,Lahore,Original,Local,Manual,21,4568.181818181818
Daihatsu,Mira,2018,99000,2340000,Petrol,Karachi,Original,Imported,Automatic,8,11000.0
Daihatsu,Mira,2014,100000,2050000,Petrol,Karachi,Original,Imported,Automatic,12,7692.307692307692
Daihatsu,Cuore,2007,95000,650000,Petrol,Karachi,Original,Local,Manual,19,4750.0
Changan,Alsvin,2021,21600,3500000,Petrol,Lahore,Original,Local,Manual,5,3600.0
Toyota,Passo,2007,210000,1840000,Petrol,Punjab,Original,Imported,Automatic,19,10500.0
Toyota,Corolla XLI,2011,150000,2375000,Petrol,Lahore,Original,Local,Manual,15,9375.0
Suzuki,Baleno,2003,100000,870000,Petrol,Karachi,Original,Local,Manual,23,4166.666666666667
Hyundai,Santro,2007,169500,895000,Petrol,Lahore,Original,Local,Manual,19,8475.0
Suzuki,Bolan,2018,12345,1280000,Petrol,Karachi,Original,Local,Manual,8,1371.6666666666667
Toyota,Corrolla Altis,2015,145000,3400000,Petrol,Lahore,Original,Local,Automatic,11,12083.333333333334
Suzuki,Swift,2017,71000,2200000,Petrol,Lahore,Original,Local,Manual,9,7100.0
Toyota,Passo,2020,18830,4300000,Petrol,Unregistered,Original,Imported,Automatic,6,2690.0
Honda,Civic Oriel,2017,75000,4790000,Petrol,Lahore,Original,Local,Automatic,9,7500.0
Suzuki,Wagon R,2021,21000,2729000,Petrol,Punjab,Original,Local,Manual,5,3500.0
Honda,City IDSI,2006,28005,1600000,Petrol,Karachi,Original,Local,Manual,20,1333.5714285714287
Changan,Karvaan,2022,2400,2750000,Petrol,Karachi,Original,Local,Manual,4,480.0
Toyota,Yaris,2021,32000,4700000,Petrol,Lahore,Original,Local,Automatic,5,5333.333333333333
Suzuki,Mehran VXR,2003,150000,550000,CNG,Lahore,Original,Local,Manual,23,6250.0
Suzuki,Cultus VXR,2003,69000,825000,Petrol,Lahore,Original,Local,Manual,23,2875.0
Suzuki,Alto,2014,44000,2300000,Petrol,Karachi,Original,Imported,Automatic,12,3384.6153846153848
Hyundai,Santro,2005,150000,775000,Petrol,Lahore,Original,Imported,Manual,21,6818.181818181818
KIA,Classic,2002,150000,700000,CNG,Lahore,Original,Imported,Manual,24,6000.0
Mercedes,E Class,2000,159123,1875000,Petrol,Islamabad,Original,Imported,Automatic,26,5893.444444444444
Suzuki,Alto,2008,45000,870000,Petrol,Lahore,Original,Local,Manual,18,2368.4210526315787
Honda,Civic Oriel,2017,105000,4630000,Petrol,Islamabad,Original,Local,Automatic,9,10500.0
Suzuki,Mehran VXR,2017,60000,1200000,Petrol,Chishtian Mandi,Original,Local,Manual,9,6000.0
Toyota,Passo,2011,100000,2150000,Petrol,Karachi,Original,Imported,Automatic,15,6250.0
Toyota,Yaris,2021,45000,3750000,Petrol,Punjab,Original,Local,Automatic,5,7500.0
Suzuki,Bolan,2010,1234,980000,CNG,Karachi,Original,Local,Manual,16,72.58823529411765
Suzuki,Bolan,2010,10000,640000,Petrol,Lahore,Original,Imported,Manual,16,588.2352941176471
Daihatsu,Cuore,2007,150000,850000,Petrol,Karachi,Original,Local,Automatic,19,7500.0
Daihatsu,Hijet,2011,73000,1335000,Petrol,Karachi,Original,Imported,Automatic,15,4562.5
Honda,Civic Oriel,2010,110000,2350000,Petrol,Lahore,Original,Local,Automatic,16,6470.588235294118
Honda,City IVTEC,2012,67000,2975000,Petrol,Lahore,Original,Local,Automatic,14,4466.666666666667
Honda,City IDSI,2004,150000,1350000,Petrol,Sindh,Original,Local,Manual,22,6521.739130434783
Honda,City IVTEC,2017,92000,3350000,Petrol,Lahore,Original,Local,Manual,9,9200.0
Suzuki,Ravi,2011,94563,720000,Petrol,Karachi,Original,Imported,Manual,15,5910.1875
Honda,City IDSI,2002,100000,980000,Petrol,Lahore,Original,Local,Manual,24,4000.0
Mercedes,C Class,2004,95000,3000000,Petrol,Karachi,Original,Imported,Automatic,22,4130.434782608696
Suzuki,Swift,2013,121000,1600000,Petrol,Lahore,Original,Local,Manual,13,8642.857142857143
Toyota,Yaris,2021,42000,4000000,Petrol,Lahore,Original,Local,Manual,5,7000.0
FAW,X-PV,2017,70000,850000,Petrol,Lahore,Original,Local,Manual,9,7000.0
Daihatsu,Move,2014,99000,2095000,Petrol,Karachi,Original,Imported,Automatic,12,7615.384615384615
Toyota,Corolla GLI,2018,123456,3750000,Petrol,Lahore,Original,Local,Manual,8,13717.333333333334
Daihatsu,Cuore,2006,120000,900000,Petrol,Faisalabad,Original,Local,Manual,20,5714.285714285715
Toyota,Corolla GLI,2013,200000,2650000,Petrol,Lahore,Original,Imported,Manual,13,14285.714285714286
Toyota,Corolla XLI,2007,150000,1800000,Petrol,Lahore,Original,Local,Manual,19,7500.0
Toyota,Corolla GLI,2004,100000,1430000,Petrol,Karachi,Original,Imported,Manual,22,4347.826086956522
Honda,City Aspire,2017,67000,3450000,Petrol,Karachi,Original,Local,Automatic,9,6700.0
Daihatsu,Mira,2016,82000,2800000,Petrol,Lahore,Original,Imported,Automatic,10,7454.545454545455
Suzuki,Mehran VXR,2014,10000,900000,Petrol,Lahore,Original,Imported,Manual,12,769.2307692307693
Suzuki,Alto,2005,150000,700000,CNG,Rawalpindi,Original,Local,Manual,21,6818.181818181818
Suzuki,Wagon R,2018,49000,2240000,Petrol,Islamabad,Original,Local,Manual,8,5444.444444444444
Honda,City Aspire,2017,62000,3650000,Petrol,Lahore,Original,Local,Manual,9,6200.0
Honda,City Vario,2005,154000,1670000,Petrol,Karachi,Original,Local,Automatic,21,7000.0
Suzuki,Mehran VXR,2014,56000,930000,Petrol,Lahore,Original,Local,Manual,12,4307.692307692308
Honda,Civic Oriel,2004,20000,1550000,Petrol,Karachi,Original,Local,Automatic,22,869.5652173913044
Honda,City Aspire,2016,75000,3650000,Petrol,Islamabad,Original,Local,Automatic,10,6818.181818181818
Suzuki,Swift,2022,10000,4280000,Petrol,Karachi,Original,Local,Automatic,4,2000.0
Suzuki,Cultus VXR,2012,82500,1235000,Petrol,Karachi,Original,Local,Manual,14,5500.0
Daihatsu,Cuore,2010,100000,900000,Petrol,Karachi,Original,Imported,Manual,16,5882.35294117647
Honda,Civic Oriel,2010,95000,2700000,Petrol,Lahore,Original,Local,Automatic,16,5588.235294117647
Honda,City IVTEC,2016,99000,3395000,Petrol,Islamabad,Original,Local,Automatic,10,9000.0
Toyota,Corrolla Altis,2017,110000,4600000,Petrol,Sindh,Original,Local,Automatic,9,11000.0
Suzuki,Bolan,2013,16000,800000,Petrol,Karachi,Original,Local,Manual,13,1142.857142857143
Daihatsu,Hijet,2013,165280,1350000,Petrol,Lahore,Original,Imported,Automatic,13,11805.714285714286
KIA,Picanto,2021,43000,2975000,Petrol,Karachi,Original,Local,Automatic,5,7166.666666666667
Daihatsu,Mira,2014,92000,2075000,Petrol,Karachi,Original,Imported,Automatic,12,7076.923076923077
Suzuki,Alto,2004,125000,650000,Petrol,Karachi,Original,Local,Manual,22,5434.782608695652
Daihatsu,Move,2013,117000,1625000,Petrol,Lahore,Original,Imported,Automatic,13,8357.142857142857
Toyota,Passo,2018,80000,3725000,Petrol,Sindh,Original,Imported,Automatic,8,8888.888888888889
Suzuki,Wagon R,2015,134000,1750000,Petrol,Islamabad,Original,Local,Manual,11,11166.666666666666
Suzuki,Swift,2014,120000,1940000,Petrol,Lahore,Original,Local,Manual,12,9230.76923076923
Honda,City Vario,2000,20000,820000,Petrol,Lahore,Original,Local,Manual,26,740.7407407407408
Daihatsu,Hijet,2011,95500,1025000,Petrol,Lahore,Original,Imported,Automatic,15,5968.75
KIA,Picanto,2021,42386,2950000,Petrol,Multan,Original,Local,Manual,5,7064.333333333333
Daihatsu,Mira,2012,145000,2300000,Petrol,Rawalpindi,Original,Imported,Automatic,14,9666.666666666666
Toyota,Corolla XLI,2010,130000,1890000,Petrol,Karachi,Original,Local,Manual,16,7647.058823529412
Mercedes,C Class,2004,100000,2250000,Petrol,Karachi,Original,Imported,Automatic,22,4347.826086956522
Suzuki,Mehran VXR,2018,90000,1180000,Petrol,Lahore,Original,Local,Manual,8,10000.0
Suzuki,Wagon R,2018,73000,2300000,Petrol,Lahore,Original,Local,Manual,8,8111.111111111111
KIA,Picanto,2022,27000,3280000,Petrol,Punjab,Original,Local,Automatic,4,5400.0
Mitsubishi,Lancer,2005,120000,1025000,Petrol,Faisalabad,Original,Local,Manual,21,5454.545454545455
Suzuki,Bolan,2021,5000,1785000,Petrol,Lahore,Original,Imported,Manual,5,833.3333333333334
Daihatsu,Hijet,2019,70000,2600000,Petrol,Karachi,Original,Imported,Automatic,7,8750.0
Toyota,Passo,2012,65000,2070000,Petrol,Sindh,Original,Imported,Automatic,14,4333.333333333333
Suzuki,Alto,2006,75000,575000,Petrol,Karachi,Original,Imported,Manual,20,3571.4285714285716
Suzuki,Alto,2021,42000,2500000,Petrol,Punjab,Original,Local,Automatic,5,7000.0
Honda,Civic Prosmetic,2006,120000,1325000,Petrol,Karachi,Original,Local,Automatic,20,5714.285714285715
Toyota,Corrolla Altis,2018,60000,4775000,Petrol,Lahore,Original,Local,Automatic,8,6666.666666666667
Daihatsu,Cuore,2008,87000,930000,Petrol,Karachi,Original,Local,Manual,18,4578.9473684210525
Daihatsu,Mira,2016,94000,2385000,Petrol,Karachi,Original,Imported,Automatic,10,8545.454545454546
Suzuki,Mehran VXR,2017,70000,1180000,Petrol,Lahore,Original,Local,Manual,9,7000.0
Daihatsu,Hijet,2012,72000,1195000,Petrol,Lahore,Original,Imported,Automatic,14,4800.0
Daihatsu,Cuore,2007,130000,960000,Petrol,Lahore,Original,Local,Manual,19,6500.0
Suzuki,Alto,2006,100057,1100000,Petrol,Karachi,Original,Imported,Automatic,20,4764.619047619048
FAW,X-PV,2013,183000,600000,Petrol,Chiniot,Original,Imported,Manual,13,13071.42857142857
Toyota,Corolla GLI,2010,10880,2375000,Petrol,Lahore,Original,Local,Manual,16,640.0
Honda,City IVTEC,2011,225000,2300000,Petrol,Karachi,Original,Imported,Manual,15,14062.5
Daihatsu,Mira,2007,200000,750000,Petrol,Karachi,Original,Local,Manual,19,10000.0
Daihatsu,Move,2020,21995,3425000,Petrol,Unregistered,Original,Imported,Automatic,6,3142.1428571428573
Honda,Civic Oriel,2004,161500,1425000,Petrol,Lahore,Original,Local,Manual,22,7021.739130434783
Honda,City IVTEC,2009,140000,2250000,Petrol,Lahore,Original,Local,Automatic,17,7777.777777777777
Suzuki,Alto,2021,50000,2675000,Petrol,Lahore,Original,Local,Automatic,5,8333.333333333334
Honda,City IVTEC,2017,90000,3050000,Petrol,Islamabad,Original,Local,Manual,9,9000.0
Daihatsu,Cuore,2008,111000,800000,Petrol,Karachi,Original,Local,Manual,18,5842.105263157895
Daihatsu,Mira,2020,26000,3385000,Petrol,Unregistered,Original,Imported,Automatic,6,3714.285714285714
Mitsubishi,Minicab Bravo,2011,64000,1520000,Petrol,Lahore,Original,Imported,Automatic,15,4000.0
Mitsubishi,Ek Wagon,2019,30000,3200000,Petrol,Karachi,Original,Imported,Automatic,7,3750.0
Daihatsu,Hijet,2012,134000,1695000,Petrol,Lahore,Original,Imported,Automatic,14,8933.333333333334
Toyota,Corolla GLI,2018,87000,4000000,Petrol,Sindh,Original,Local,Manual,8,9666.666666666666
Honda,City IVTEC,2021,22000,4300000,Petrol,Islamabad,Original,Imported,Automatic,5,3666.6666666666665
Daihatsu,Cuore,2009,200000,1100000,Petrol,Faisalabad,Original,Local,Automatic,17,11111.111111111111
Suzuki,Baleno,2003,208000,800000,Petrol,Karachi,Original,Local,Manual,23,8666.666666666666
Daihatsu,Hijet,2013,123456,1450000,Petrol,Karachi,Original,Imported,Automatic,13,8818.285714285714
Suzuki,Mehran VXR,2010,95293,830000,Petrol,Lahore,Original,Local,Manual,16,5605.470588235294
Honda,Civic Prosmetic,2014,91000,3270000,Petrol,Punjab,Original,Local,Automatic,12,7000.0
Toyota,Passo,2017,63000,3200000,Petrol,Karachi,Original,Imported,Automatic,9,6300.0
Honda,City IDSI,2007,150000,1270000,Petrol,Karachi,Original,Local,Manual,19,7500.0
Daihatsu,Mira,2010,126415,1320000,Petrol,Karachi,Original,Local,Manual,16,7436.176470588235
KIA,Classic,2000,12345,625000,Petrol,Lahore,Original,Imported,Manual,26,457.22222222222223
KIA,Picanto,2020,37500,2600000,Petrol,Karachi,Original,Imported,Automatic,6,5357.142857142857
Suzuki,Mehran VXR,2017,18000,1265000,Petrol,Lahore,Original,Local,Manual,9,1800.0
Toyota,Corolla GLI,2018,111000,4350000,Petrol,Wazirabad,Original,Local,Automatic,8,12333.333333333334
Suzuki,Mehran VXR,2012,9999,775000,Petrol,Karachi,Original,Local,Manual,14,666.6
Honda,City IVTEC,2019,60000,3875000,Petrol,Karachi,Original,Local,Automatic,7,7500.0
Suzuki,Every,2003,95000,875000,Petrol,Karachi,Original,Imported,Automatic,23,3958.3333333333335
Suzuki,Mehran VXR,2018,62000,1350000,Petrol,Lahore,Original,Local,Manual,8,6888.888888888889
Honda,City IVTEC,2009,182000,2195000,Petrol,Islamabad,Original,Imported,Manual,17,10111.111111111111
Toyota,Corolla XLI,2003,1000,1650000,Petrol,Lahore,Original,Imported,Manual,23,41.666666666666664
Daihatsu,Mira,2006,99000,1550000,Petrol,Lahore,Original,Imported,Manual,20,4714.285714285715
Suzuki,Cultus VXR,2008,100000,940000,Petrol,Lahore,Original,Local,Manual,18,5263.1578947368425
Suzuki,Bolan,2010,100000,750000,Petrol,Lahore,Original,Local,Manual,16,5882.35294117647
Suzuki,Swift,2018,80100,2380000,Petrol,Sindh,Original,Local,Manual,8,8900.0
Suzuki,Bolan,2015,100000,900000,Petrol,Gujranwala,Original,Local,Manual,11,8333.333333333334
Hyundai,Santro,2005,86000,949999,Petrol,Islamabad,Original,Imported,Automatic,21,3909.090909090909
Daihatsu,Cuore,2003,120000,690000,Petrol,Karachi,Original,Local,Automatic,23,5000.0
Hyundai,Santro,2009,200000,1300000,Petrol,Lahore,Original,Local,Manual,17,11111.111111111111
Toyota,Corolla XLI,2011,165000,2050000,Petrol,Punjab,Original,Local,Manual,15,10312.5
Suzuki,Bolan,2020,120000,1650000,Petrol,Karachi,Original,Imported,Automatic,6,17142.85714285714
Honda,Civic Oriel,2016,98000,4495000,Petrol,Lahore,Original,Local,Automatic,10,8909.09090909091
Suzuki,Every,2013,99885,1650000,Petrol,Rawalpindi,Original,Imported,Automatic,13,7134.642857142857
Toyota,Altis Grande,2016,113000,4170000,Petrol,Lahore,Original,Local,Automatic,10,10272.727272727272
Toyota,Corolla GLI,2009,171000,2500000,Petrol,Lahore,Original,Local,Manual,17,9500.0
Suzuki,Cultus VXR,2014,77700,1425000,Petrol,Lahore,Original,Local,Manual,12,5976.923076923077
Toyota,Corrolla Altis,2009,145000,2400000,Petrol,Faisalabad,Original,Local,Automatic,17,8055.555555555556
Toyota,Corolla GLI,2004,140000,1750000,Petrol,Karachi,Original,Local,Manual,22,6086.95652173913
Hyundai,Santro,2006,65500,847000,Petrol,Faisalabad,Original,Local,Manual,20,3119.0476190476193
Toyota,Corolla GLI,2016,157000,3650000,Petrol,Lahore,Original,Local,Manual,10,14272.727272727272
Suzuki,Every,2020,170000,1850000,Petrol,Punjab,Original,Imported,Automatic,6,24285.714285714286
Mitsubishi,Pajero Mini,2006,123456,820000,Petrol,Sindh,Original,Imported,Manual,20,5878.857142857143
KIA,Picanto,2022,22000,3300000,Petrol,Hyderabad,Original,Local,Automatic,4,4400.0
Mitsubishi,Ek Wagon,2019,130000,2360000,Petrol,Lahore,Original,Imported,Automatic,7,16250.0
Hyundai,Santro,2007,100000,975000,Petrol,Multan,Original,Local,Manual,19,5000.0
Suzuki,Swift,2016,89000,2150000,Petrol,Lahore,Original,Local,Manual,10,8090.909090909091
Honda,City Vario,2017,10000,3100000,Petrol,Multan,Original,Local,Manual,9,1000.0
Toyota,Passo,2012,86000,1820000,Petrol,Hyderabad,Original,Imported,Automatic,14,5733.333333333333
Toyota,Yaris,2021,18500,4050000,Petrol,Punjab,Original,Local,Manual,5,3083.3333333333335
Suzuki,Bolan,2019,93334,1750000,Petrol,Lahore,Original,Local,Manual,7,11666.75
Daihatsu,Mira,2015,65000,600000,Petrol,Karachi,Duplicate,Imported,Automatic,11,5416.666666666667
Honda,Civic Prosmetic,2005,212000,1475000,Petrol,Lahore,Original,Local,Automatic,21,9636.363636363636
Suzuki,Alto,2008,186400,650000,Petrol,Karachi,Original,Local,Manual,18,9810.526315789473
Honda,City IVTEC,2013,85000,2785000,Petrol,Lahore,Original,Local,Manual,13,6071.428571428572
Honda,City IVTEC,2017,93000,2650000,Petrol,Lahore,Original,Local,Manual,9,9300.0
Suzuki,Mehran VXR,2007,82820,700000,CNG,Lahore,Original,Local,Manual,19,4141.0
Toyota,Yaris,2021,19053,4375000,Petrol,Lahore,Original,Local,Automatic,5,3175.5
Honda,City IDSI,2019,83000,3500000,Petrol,Lahore,Original,Local,Manual,7,10375.0
Honda,City IVTEC,2013,96000,2825000,Petrol,Lahore,Original,Local,Automatic,13,6857.142857142857
Toyota,Yaris,2022,7000,4190000,Petrol,Karachi,Original,Local,Automatic,4,1400.0
Daihatsu,Cuore,2007,145000,750000,Petrol,Sindh,Original,Local,Manual,19,7250.0
Toyota,Corolla GLI,2019,65000,4550000,Petrol,Islamabad,Original,Local,Automatic,7,8125.0
Toyota,Corolla GLI,2009,250000,2250000,Petrol,Lahore,Original,Local,Manual,17,13888.888888888889
Suzuki,Swift,2022,40000,2650000,Petrol,Punjab,Original,Local,Automatic,4,8000.0
Daihatsu,Cuore,2007,99800,820000,Petrol,Karachi,Original,Local,Manual,19,4990.0
Suzuki,Alto,2008,30000,750000,Petrol,Karachi,Original,Imported,Manual,18,1578.9473684210527
Daihatsu,Cuore,2010,164000,1149000,Petrol,Lahore,Original,Local,Manual,16,9647.058823529413
Daihatsu,Hijet,2012,163000,1500000,Petrol,Karachi,Original,Imported,Automatic,14,10866.666666666666
Suzuki,Mehran VXR,2007,100000,560000,Petrol,Karachi,Original,Local,Manual,19,5000.0
Daihatsu,Mira,2018,75000,3270000,Petrol,Karachi,Original,Imported,Automatic,8,8333.333333333334
Toyota,Corolla GLI,2006,150000,2300000,Petrol,Lahore,Original,Imported,Manual,20,7142.857142857143
Mitsubishi,Lancer,2007,96000,1890000,Petrol,Lahore,Original,Imported,Automatic,19,4800.0
KIA,Picanto,2022,3500,3150000,Petrol,Punjab,Original,Local,Automatic,4,700.0
Honda,City IVTEC,2010,74500,2350000,Petrol,Lahore,Original,Local,Manual,16,4382.35294117647
Toyota,Corolla XLI,2011,300000,2250000,Petrol,Islamabad,Original,Local,Manual,15,18750.0
Honda,City IDSI,2006,167000,1620000,Petrol,Lahore,Original,Local,Manual,20,7952.380952380952
FAW,V2,2014,181000,1350000,Petrol,Lahore,Original,Local,Manual,12,13923.076923076924
Honda,Civic Oriel,2016,116000,4550000,Petrol,Lahore,Original,Local,Automatic,10,10545.454545454546
Daihatsu,Cuore,2003,123456,625000,Petrol,Sindh,Original,Imported,Manual,23,5144.0
Toyota,Corrolla Altis,2017,85000,4200000,Petrol,Karachi,Original,Imported,Automatic,9,8500.0
Suzuki,Swift,2012,96500,1700000,Petrol,Karachi,Original,Local,Manual,14,6433.333333333333
Toyota,Corolla GLI,2016,90000,2800000,Petrol,Sindh,Original,Local,Manual,10,8181.818181818182
Toyota,Corolla GLI,2015,120000,3700000,Petrol,Lahore,Original,Imported,Manual,11,10000.0
Daihatsu,Cuore,2009,105000,1020000,Petrol,Sindh,Original,Imported,Automatic,17,5833.333333333333
Suzuki,Every,2003,185000,1230000,Petrol,Karachi,Original,Imported,Automatic,23,7708.333333333333
Suzuki,Alto,2008,86000,925000,Petrol,Lahore,Original,Local,Manual,18,4526.315789473684
Honda,City IVTEC,2013,100000,2450000,Petrol,Sahiwal,Original,Local,Manual,13,7142.857142857143
Toyota,Corolla GLI,2014,110000,3150000,Petrol,Lahore,Original,Local,Manual,12,8461.538461538461
Honda,Civic Oriel,2010,135000,2045000,Petrol,Sindh,Original,Local,Manual,16,7941.176470588235
Hyundai,Santro,2004,194000,1050000,Petrol,Lahore,Original,Local,Manual,22,8434.782608695652
Daihatsu,Cuore,2005,135000,690000,Petrol,Karachi,Original,Local,Automatic,21,6136.363636363636
Honda,City IVTEC,2018,54000,3350000,Petrol,Lahore,Original,Imported,Manual,8,6000.0
Honda,City IVTEC,2016,88000,2800000,Petrol,Sindh,Original,Local,Manual,10,8000.0
Daihatsu,Cuore,2010,123456,995000,Petrol,Sindh,Original,Imported,Manual,16,7262.117647058823
Suzuki,Bolan,2007,10000,750000,Petrol,Lahore,Original,Local,Manual,19,500.0
Honda,City Aspire,2016,95000,2975000,Petrol,Lahore,Original,Local,Manual,10,8636.363636363636
Daihatsu,Hijet,2018,200000,1255000,Petrol,Lahore,Original,Imported,Automatic,8,22222.222222222223
Honda,Civic Prosmetic,2004,175000,1550000,Petrol,Lahore,Original,Imported,Automatic,22,7608.695652173913
Daihatsu,Cuore,2004,12345,880000,Petrol,Faisalabad,Original,Local,Automatic,22,536.7391304347826
Suzuki,Wagon R,2018,18000,2625000,Petrol,Karachi,Original,Local,Manual,8,2000.0
Toyota,Passo,2014,100000,2500000,Petrol,Karachi,Original,Imported,Automatic,12,7692.307692307692
Suzuki,Baleno,2003,10000,850000,Petrol,Lahore,Original,Imported,Manual,23,416.6666666666667
Hyundai,Santro,2005,1234,895000,Petrol,Lahore,Original,Local,Manual,21,56.09090909090909
Daihatsu,Mira,2006,81000,1550000,Petrol,Multan,Original,Imported,Automatic,20,3857.1428571428573
Suzuki,Swift,2018,40327,2500000,Petrol,Karachi,Original,Local,Manual,8,4480.777777777777
KIA,Classic,2004,88000,380000,Petrol,Karachi,Original,Local,Manual,22,3826.086956521739
Honda,City Vario,2007,200000,1700000,Petrol,Sindh,Original,Local,Automatic,19,10000.0
Daihatsu,Mira,2013,107000,2040000,Petrol,Karachi,Original,Imported,Automatic,13,7642.857142857143
Suzuki,Mehran VXR,2018,60000,1320000,Petrol,Lahore,Original,Local,Manual,8,6666.666666666667
Toyota,Corolla XLI,2017,79000,3400000,Petrol,Karachi,Original,Local,Manual,9,7900.0
Daihatsu,Cuore,2007,100000,695000,Petrol,Karachi,Original,Local,Manual,19,5000.0
Honda,Civic Prosmetic,2008,110000,1750000,Petrol,Sindh,Original,Local,Automatic,18,5789.473684210527
Hyundai,Santro,2007,150000,975000,Petrol,Faisalabad,Original,Local,Manual,19,7500.0
Daihatsu,Move,2018,28000,2930000,Petrol,Punjab,Original,Imported,Automatic,8,3111.1111111111113
Suzuki,Mehran VXR,2015,87000,1175000,Petrol,Lahore,Original,Local,Manual,11,7250.0
Toyota,Corolla GLI,2008,333000,1800000,Petrol,Islamabad,Original,Local,Manual,18,17526.315789473683
Daihatsu,Hijet,2013,136500,1200000,Petrol,Karachi,Original,Local,Automatic,13,9750.0
Daihatsu,Hijet,2012,6356,1450000,Petrol,Karachi,Original,Imported,Automatic,14,423.73333333333335
Mitsubishi,Lancer,2007,196000,1890000,Petrol,Islamabad,Original,Imported,Automatic,19,9800.0
Toyota,Passo,2013,106000,2450000,Petrol,Karachi,Original,Imported,Automatic,13,7571.428571428572
Mitsubishi,Minica,2011,100000,940000,Petrol,Karachi,Original,Imported,Automatic,15,6250.0
Changan,Karvaan,2021,21000,2500000,Petrol,Karachi,Original,Local,Manual,5,3500.0
FAW,X-PV,2016,200000,915000,Petrol,Lahore,Original,Imported,Manual,10,18181.81818181818
Suzuki,Cultus VXR,2013,121000,1180000,Petrol,Karachi,Original,Local,Manual,13,8642.857142857143
Suzuki,Swift,2010,77000,1800000,Petrol,Karachi,Original,Imported,Manual,16,4529.411764705882
Suzuki,Baleno,2004,129000,800000,Petrol,Sindh,Original,Imported,Manual,22,5608.695652173913
Daihatsu,Move,2012,54000,1750000,Petrol,Karachi,Original,Imported,Automatic,14,3600.0
Suzuki,Alto,2022,12500,2475000,Petrol,Karachi,Original,Local,Manual,4,2500.0
Suzuki,Baleno,2005,222222,1050000,Petrol,Lahore,Original,Local,Manual,21,10101.0
Daihatsu,Mira,2006,100000,1250000,Petrol,Sindh,Original,Imported,Automatic,20,4761.9047619047615
Honda,City IDSI,2007,1234,1565000,Petrol,Lahore,Original,Local,Manual,19,61.7
Suzuki,Ravi,2022,2700,1850000,Petrol,Punjab,Original,Local,Manual,4,540.0
Suzuki,Cultus VXR,2009,100000,850000,Petrol,Islamabad,Original,Local,Manual,17,5555.555555555556
Daihatsu,Hijet,2006,10000,1100000,Petrol,Karachi,Original,Imported,Automatic,20,476.1904761904762
Toyota,Corrolla Altis,2015,94000,3925000,Petrol,Islamabad,Original,Local,Automatic,11,7833.333333333333
Suzuki,Cultus VXR,2005,100000,800000,Petrol,Faisalabad,Original,Local,Manual,21,4545.454545454545
Suzuki,Wagon R,2018,1230,1660000,Petrol,Lahore,Original,Local,Manual,8,136.66666666666666
Honda,Civic Prosmetic,2009,125000,2200000,Petrol,Islamabad,Original,Local,Automatic,17,6944.444444444444
Daihatsu,Cuore,2011,100000,1190000,Petrol,Faisalabad,Original,Imported,Manual,15,6250.0
Honda,City IVTEC,2019,112000,3890000,Petrol,Lahore,Original,Imported,Manual,7,14000.0
Suzuki,Swift,2012,180000,1900000,Petrol,Lahore,Original,Local,Manual,14,12000.0
Suzuki,Every,2018,75000,2850000,Petrol,Unregistered,Original,Imported,Automatic,8,8333.333333333334
Daihatsu,Mira,2016,46000,2800000,Petrol,Islamabad,Original,Imported,Automatic,10,4181.818181818182
Toyota,Corrolla Altis,2005,195000,2005000,Petrol,Sindh,Original,Local,Automatic,21,8863.636363636364
Suzuki,Baleno,2001,1111,650000,Petrol,Karachi,Original,Imported,Manual,25,42.73076923076923
Suzuki,Swift,2018,50000,2300000,Petrol,Karachi,Original,Local,Manual,8,5555.555555555556
Toyota,Corolla XLI,2011,295000,2360000,CNG,Lahore,Original,Local,Manual,15,18437.5
KIA,Picanto,2021,30000,3600000,Petrol,Punjab,Original,Local,Automatic,5,5000.0
Honda,City IDSI,2005,166000,1550000,Petrol,Sindh,Original,Local,Manual,21,7545.454545454545
Daihatsu,Mira,2011,84000,1900000,Petrol,Karachi,Original,Imported,Automatic,15,5250.0
Honda,City IDSI,2007,195000,1485000,Petrol,Lahore,Original,Local,Manual,19,9750.0
Daihatsu,Hijet,2016,93000,1425000,Petrol,Karachi,Original,Imported,Automatic,10,8454.545454545454
Suzuki,Bolan,2011,75000,765000,Petrol,Karachi,Original,Local,Manual,15,4687.5
Honda,Civic Prosmetic,2013,185000,3275000,Petrol,Islamabad,Original,Imported,Automatic,13,13214.285714285714
Toyota,Corolla XLI,2012,120000,2450000,Petrol,Lahore,Original,Local,Manual,14,8000.0
Suzuki,Alto,2019,75000,2175000,Petrol,Lahore,Original,Local,Manual,7,9375.0
Daihatsu,Cuore,2001,14000,700000,Petrol,Lahore,Original,Imported,Manual,25,538.4615384615385
Toyota,Corolla XLI,2012,90000,2350000,Petrol,Lahore,Original,Local,Manual,14,6000.0
Daihatsu,Mira,2016,92500,2390000,Petrol,Lahore,Original,Imported,Automatic,10,8409.09090909091
Suzuki,Wagon R,2014,100000,1980000,Petrol,Islamabad,Original,Local,Manual,12,7692.307692307692
Toyota,Passo,2010,92000,2300000,Petrol,Karachi,Original,Imported,Automatic,16,5411.764705882353
Suzuki,Swift,2023,1234,4550000,Petrol,Punjab,Original,Local,Automatic,3,308.5
Suzuki,Every,2004,35000,975000,Petrol,Karachi,Original,Imported,Automatic,22,1521.7391304347825
Honda,City IDSI,2008,110000,1950000,Petrol,Lahore,Original,Local,Manual,18,5789.473684210527
Daihatsu,Mira,2017,100000,2999000,Petrol,Punjab,Original,Imported,Automatic,9,10000.0
Honda,City IVTEC,2015,121000,2900000,Petrol,Islamabad,Original,Local,Manual,11,10083.333333333334
KIA,Spectra,2003,150000,790000,Petrol,Lahore,Original,Imported,Manual,23,6250.0
Suzuki,Swift,2016,82000,2350000,Petrol,Karachi,Original,Local,Automatic,10,7454.545454545455
Suzuki,Bolan,2006,99999,740000,Petrol,Karachi,Original,Local,Manual,20,4761.857142857143
Daihatsu,Mira,2008,97000,1250000,Petrol,Karachi,Original,Imported,Automatic,18,5105.263157894737
Suzuki,Alto,2021,23000,2385000,Petrol,Punjab,Original,Local,Manual,5,3833.3333333333335
Suzuki,Alto,2022,24000,2500000,Petrol,Karachi,Original,Local,Manual,4,4800.0
Suzuki,Baleno,2002,171000,980000,Petrol,Sahiwal,Original,Local,Manual,24,6840.0
Toyota,Corolla GLI,2018,125000,4300000,Petrol,Lahore,Original,Imported,Manual,8,13888.888888888889
Honda,City IDSI,2002,200000,850000,Petrol,Lahore,Original,Local,Manual,24,8000.0
Daihatsu,Mira,2021,20000,3590000,Petrol,Unregistered,Original,Imported,Automatic,5,3333.3333333333335
KIA,Classic,2001,100000,495000,Petrol,Karachi,Original,Imported,Manual,25,3846.153846153846
Suzuki,Every,2023,179000,2990000,Petrol,Unregistered,Original,Imported,Automatic,3,44750.0
Suzuki,Wagon R,2016,99999,1870000,Petrol,Karachi,Original,Local,Manual,10,9090.818181818182
KIA,Spectra,2002,1245,775000,Petrol,Lahore,Original,Imported,Manual,24,49.8
Hyundai,Santro,2004,110000,725000,Petrol,Sialkot,Original,Local,Manual,22,4782.608695652174
Suzuki,Wagon R,2022,32871,2800000,Petrol,Gujrat,Original,Local,Manual,4,6574.2
Suzuki,Bolan,2006,10000,700000,Petrol,Islamabad,Original,Local,Manual,20,476.1904761904762
Daihatsu,Cuore,2011,70000,900000,Petrol,Lahore,Original,Imported,Manual,15,4375.0
Honda,City Aspire,2015,94580,2625000,Petrol,Lahore,Original,Local,Manual,11,7881.666666666667
Suzuki,Mehran VXR,2018,60000,1460000,Petrol,Lahore,Original,Local,Manual,8,6666.666666666667
Honda,City Aspire,2016,95000,3350000,Petrol,Lahore,Original,Imported,Automatic,10,8636.363636363636
Suzuki,Bolan,2011,1000,750000,Petrol,Karachi,Original,Local,Manual,15,62.5
Honda,City IVTEC,2017,74000,2790000,Petrol,Sindh,Original,Local,Manual,9,7400.0
KIA,Classic,2000,12345,380000,Petrol,Gujranwala,Original,Local,Manual,26,457.22222222222223
Suzuki,Swift,2018,40000,2650000,Petrol,Karachi,Original,Local,Automatic,8,4444.444444444444
Daihatsu,Terios Kid,2001,120000,1570000,Petrol,Karachi,Original,Imported,Automatic,25,4615.384615384615
Toyota,Yaris,2020,58000,3920000,Petrol,Islamabad,Original,Local,Automatic,6,8285.714285714286
Suzuki,Bolan,2015,75000,895000,Petrol,Lahore,Original,Local,Manual,11,6250.0
Suzuki,Ravi,2021,50000,1650000,Petrol,Abbottabad,Original,Local,Manual,5,8333.333333333334
Daihatsu,Mira,2013,85000,1895000,Petrol,Lahore,Original,Imported,Automatic,13,6071.428571428572
Daihatsu,Cuore,2010,150000,790000,CNG,Karachi,Original,Local,Manual,16,8823.529411764706
Suzuki,Every,2006,200000,1280000,Petrol,Islamabad,Original,Imported,Automatic,20,9523.809523809523
Suzuki,Mehran VXR,2004,55000,395000,Petrol,Karachi,Original,Imported,Manual,22,2391.304347826087
Toyota,Corolla GLI,2015,116000,3050000,Petrol,Sindh,Original,Imported,Manual,11,9666.666666666666
Honda,City Vario,2006,74586,1745000,Petrol,Karachi,Original,Local,Automatic,20,3551.714285714286
Suzuki,Every,2013,80000,1800000,Petrol,Lahore,Original,Imported,Automatic,13,5714.285714285715
Honda,City Aspire,2021,24000,4050000,Petrol,Islamabad,Original,Local,Manual,5,4000.0
Honda,City IVTEC,2015,96000,2800000,Petrol,Lahore,Original,Imported,Manual,11,8000.0
Hyundai,Santro,2004,175281,800000,Petrol,Lahore,Original,Imported,Manual,22,7620.913043478261
Suzuki,Mehran VXR,2004,10000,420000,Petrol,Karachi,Original,Local,Manual,22,434.7826086956522
Toyota,Corrolla Altis,2005,96263,1650000,Petrol,Karachi,Original,Imported,Automatic,21,4375.590909090909
Suzuki,Swift,2017,85098,2200000,Petrol,Lahore,Original,Local,Automatic,9,8509.8
Honda,Civic Prosmetic,2008,1234,2300000,Petrol,Lahore,Duplicate,Imported,Automatic,18,64.94736842105263
Honda,City IDSI,2006,250000,1670000,Petrol,Sindh,Original,Imported,Automatic,20,11904.761904761905
Toyota,Passo,2005,115300,1195000,Petrol,Islamabad,Original,Imported,Automatic,21,5240.909090909091
Daihatsu,Mira,2012,200000,1150000,Petrol,Karachi,Original,Imported,Automatic,14,13333.333333333334
Suzuki,Baleno,2004,12345,1200000,Petrol,Rawalpindi,Original,Imported,Manual,22,536.7391304347826
Toyota,Corolla XLI,2004,295000,1625000,CNG,Lahore,Original,Local,Manual,22,12826.08695652174
Daihatsu,Move,2016,90000,3075000,Petrol,Lahore,Original,Imported,Automatic,10,8181.818181818182
Suzuki,Wagon R,2015,68000,1840000,Petrol,Lahore,Original,Local,Manual,11,5666.666666666667
Hyundai,Santro,2004,170000,745000,Petrol,Karachi,Original,Local,Manual,22,7391.304347826087
Daihatsu,Cuore,2008,123456,770000,Petrol,Karachi,Original,Imported,Manual,18,6497.684210526316
Toyota,Corolla GLI,2005,200000,1450000,Petrol,Lahore,Original,Imported,Manual,21,9090.90909090909
Honda,City IVTEC,2018,52000,3590000,Petrol,Lahore,Original,Local,Manual,8,5777.777777777777
KIA,Spectra,2002,200000,650000,Petrol,Islamabad,Original,Local,Manual,24,8000.0
Daihatsu,Mira,2013,90000,2000000,Petrol,Karachi,Original,Imported,Automatic,13,6428.571428571428
Suzuki,Cultus VXR,2016,64000,1545000,Petrol,Lahore,Original,Local,Manual,10,5818.181818181818
Changan,Alsvin,2021,56000,3250000,Petrol,Sindh,Original,Local,Automatic,5,9333.333333333334
Daihatsu,Terios Kid,2011,150000,3650000,Petrol,Lahore,Original,Imported,Automatic,15,9375.0
Suzuki,Cultus VXR,2015,95000,1450000,Petrol,Karachi,Original,Local,Manual,11,7916.666666666667
Suzuki,Wagon R,2019,62000,2300000,Petrol,Multan,Original,Local,Manual,7,7750.0
Honda,Civic Prosmetic,2014,115000,2720000,Petrol,Karachi,Original,Local,Automatic,12,8846.153846153846
Suzuki,Bolan,2017,19000,1400000,Petrol,Lahore,Original,Local,Manual,9,1900.0
Toyota,Yaris,2021,50500,4165000,Petrol,Karachi,Original,Local,Automatic,5,8416.666666666666
Hyundai,Santro,2005,160000,995000,Petrol,Lahore,Original,Local,Manual,21,7272.727272727273
Suzuki,Bolan,2008,97000,650000,Petrol,Karachi,Original,Local,Manual,18,5105.263157894737
Mitsubishi,Minica,2010,300000,1250000,Petrol,Islamabad,Original,Imported,Automatic,16,17647.058823529413
Suzuki,Swift,2022,6500,4350000,Petrol,Karachi,Original,Local,Automatic,4,1300.0
Toyota,Corrolla Altis,2016,94000,3650000,Petrol,Karachi,Original,Local,Automatic,10,8545.454545454546
Honda,Civic Prosmetic,2004,75000,1500000,Petrol,Karachi,Original,Local,Automatic,22,3260.8695652173915
Daihatsu,Cuore,2001,115000,800000,Petrol,Lahore,Original,Imported,Manual,25,4423.076923076923
Daihatsu,Terios Kid,2015,12345,2275000,Petrol,Islamabad,Original,Imported,Automatic,11,1028.75
Suzuki,Swift,2015,115000,2325000,Petrol,Karachi,Original,Local,Automatic,11,9583.333333333334
Changan,Karvaan,2021,65000,2700000,Petrol,Sindh,Original,Imported,Manual,5,10833.333333333334
Honda,City Aspire,2016,78000,3375000,Petrol,Lahore,Original,Local,Automatic,10,7090.909090909091
Honda,City IVTEC,2009,125000,1930000,Petrol,Karachi,Original,Local,Automatic,17,6944.444444444444
Honda,City IVTEC,2020,41500,3600000,Petrol,Sindh,Original,Local,Automatic,6,5928.571428571428
Daihatsu,Hijet,2011,1234,1450000,Petrol,Karachi,Original,Imported,Automatic,15,77.125
Suzuki,Swift,2018,90000,2570000,Petrol,Islamabad,Original,Local,Automatic,8,10000.0
Toyota,Corolla GLI,2017,131200,3790000,Petrol,Karachi,Original,Local,Automatic,9,13120.0
Suzuki,Swift,2011,151000,1600000,Petrol,Multan,Original,Local,Manual,15,9437.5
Mitsubishi,Lancer,2005,180000,1650000,Petrol,Lahore,Original,Imported,Automatic,21,8181.818181818182
Suzuki,Cultus VXR,2014,90000,1465000,Petrol,Multan,Original,Local,Manual,12,6923.076923076923
Toyota,Corolla GLI,2017,81000,3575000,Petrol,Karachi,Original,Local,Automatic,9,8100.0
Honda,City IVTEC,2018,23500,4300000,Petrol,Islamabad,Original,Local,Automatic,8,2611.1111111111113
Suzuki,Swift,2012,115000,1700000,Petrol,Lahore,Original,Local,Manual,14,7666.666666666667
Daihatsu,Mira,2018,48000,3325000,Petrol,Punjab,Original,Imported,Automatic,8,5333.333333333333
Toyota,Corolla GLI,2015,82000,3050000,Petrol,Karachi,Original,Local,Manual,11,6833.333333333333
Toyota,Corolla GLI,2017,83600,3900000,Petrol,Lahore,Original,Local,Automatic,9,8360.0
Suzuki,Alto,2006,98000,930000,Petrol,Rawalpindi,Original,Local,Manual,20,4666.666666666667
Suzuki,Swift,2014,80000,2399000,Petrol,Lahore,Original,Local,Automatic,12,6153.846153846154
Suzuki,Mehran VXR,2019,27522,1320000,Petrol,Islamabad,Original,Local,Manual,7,3440.25
Daihatsu,Mira,2020,5000,3450000,Petrol,Unregistered,Original,Imported,Automatic,6,714.2857142857143
Toyota,Passo,2009,12000,1900000,Petrol,Karachi,Original,Imported,Automatic,17,666.6666666666666
Toyota,Corolla XLI,2010,12345,2090000,CNG,Sindh,Original,Local,Manual,16,726.1764705882352
Suzuki,Mehran VXR,2007,11800,710000,Petrol,Lahore,Original,Local,Manual,19,590.0
KIA,Spectra,2002,1234,750000,Petrol,Lahore,Original,Imported,Manual,24,49.36
Toyota,Passo,2010,96000,2200000,Petrol,Karachi,Original,Imported,Automatic,16,5647.058823529412
Hyundai,Santro,2006,110000,899000,Petrol,Faisalabad,Original,Imported,Manual,20,5238.0952380952385
Honda,Civic Prosmetic,2008,137000,1870000,Petrol,Lahore,Original,Local,Automatic,18,7210.526315789473
Toyota,Corolla GLI,2006,25588,1600000,Petrol,Lahore,Original,Local,Manual,20,1218.4761904761904
Honda,City Aspire,2019,70000,4200000,Petrol,Islamabad,Original,Local,Automatic,7,8750.0
Suzuki,Mehran VXR,2007,169537,680000,Petrol,Islamabad,Original,Imported,Manual,19,8476.85
Suzuki,Mehran VXR,2008,50000,750000,Petrol,Multan,Original,Local,Manual,18,2631.5789473684213
Toyota,Corrolla Altis,2012,105000,2900000,Petrol,Lahore,Original,Local,Automatic,14,7000.0
Suzuki,Swift,2011,264064,1850000,Petrol,Sialkot,Original,Imported,Manual,15,16504.0
Suzuki,Swift,2019,60000,2840000,Petrol,Lahore,Original,Local,Manual,7,7500.0
Honda,City Aspire,2019,90000,4000000,Petrol,Punjab,Original,Local,Automatic,7,11250.0
Honda,City IDSI,2005,129000,1600000,Petrol,Islamabad,Original,Imported,Manual,21,5863.636363636364
Suzuki,Alto,2007,85000,640000,Petrol,Sindh,Original,Local,Manual,19,4250.0
Suzuki,Alto,2012,78000,1060000,Petrol,Karachi,Original,Local,Manual,14,5200.0
KIA,Picanto,2022,29000,3150000,Petrol,Karachi,Original,Local,Automatic,4,5800.0
Suzuki,Wagon R,2022,53000,2835000,Petrol,Punjab,Original,Local,Manual,4,10600.0
Suzuki,Every,2017,153000,1600000,Petrol,Sindh,Original,Imported,Automatic,9,15300.0
Daihatsu,Cuore,2010,75500,845000,Petrol,Karachi,Original,Local,Manual,16,4441.176470588235
Daihatsu,Terios Kid,2008,150000,1680000,Petrol,Sindh,Original,Imported,Automatic,18,7894.736842105263
Suzuki,Wagon R,2021,35000,2900000,Petrol,Islamabad,Original,Local,Manual,5,5833.333333333333
Suzuki,Ravi,2015,41000,1050000,Petrol,Punjab,Original,Local,Manual,11,3416.6666666666665
Toyota,Corolla XLI,2005,195000,1750000,Petrol,Islamabad,Original,Local,Manual,21,8863.636363636364
Toyota,Corrolla Altis,2017,135000,4750000,Petrol,Islamabad,Original,Local,Automatic,9,13500.0
Toyota,Corolla XLI,2008,90000,1800000,Petrol,Multan,Original,Local,Manual,18,4736.8421052631575
Honda,Civic Oriel,2016,137000,4530000,Petrol,Islamabad,Original,Local,Automatic,10,12454.545454545454
Suzuki,Mehran VXR,2015,70000,1050000,Petrol,Karachi,Original,Local,Manual,11,5833.333333333333
Suzuki,Alto,2018,83000,1950000,Petrol,Lahore,Original,Imported,Automatic,8,9222.222222222223
Suzuki,Mehran VXR,2018,55000,1450000,Petrol,Islamabad,Original,Local,Manual,8,6111.111111111111
Suzuki,Bolan,2015,65000,930000,Petrol,Lahore,Original,Local,Manual,11,5416.666666666667
Toyota,Altis Grande,2014,175000,3950000,Petrol,Khanewal,Original,Local,Automatic,12,13461.538461538461
Toyota,Corolla GLI,2010,193000,2249999,Petrol,Lahore,Original,Local,Manual,16,11352.941176470587
Toyota,Corolla XLI,2014,96000,2800000,Petrol,Karachi,Original,Local,Manual,12,7384.615384615385
Honda,City Vario,2003,175000,1200000,Petrol,Karachi,Original,Local,Automatic,23,7291.666666666667
Suzuki,Alto,2022,22500,2200000,Petrol,Karachi,Original,Local,Manual,4,4500.0
Honda,City IVTEC,2017,67000,3225000,Petrol,Lahore,Original,Local,Manual,9,6700.0
Toyota,Yaris,2022,23000,4600000,Petrol,Karachi,Original,Local,Automatic,4,4600.0
Suzuki,Mehran VXR,2011,11111,660000,CNG,Karachi,Original,Local,Manual,15,694.4375
Toyota,Corolla GLI,2017,76000,3585000,Petrol,Karachi,Original,Local,Manual,9,7600.0
Suzuki,Bolan,2008,250000,425000,Petrol,Sialkot,Original,Local,Manual,18,13157.894736842105
Daihatsu,Cuore,2010,110000,730000,Petrol,Sindh,Original,Imported,Manual,16,6470.588235294118
Toyota,Passo,2007,90000,1825000,Petrol,Karachi,Original,Imported,Automatic,19,4500.0
Toyota,Corrolla Altis,2003,170000,1520000,Petrol,Sindh,Original,Local,Manual,23,7083.333333333333
Daihatsu,Cuore,2010,100000,1060000,Petrol,Karachi,Original,Imported,Manual,16,5882.35294117647
Honda,City IDSI,2004,87000,2000000,Petrol,Rawalpindi,Original,Local,Manual,22,3782.608695652174
Suzuki,Every,2020,40000,1725000,Petrol,Islamabad,Original,Imported,Manual,6,5714.285714285715
Suzuki,Swift,2022,46000,4550000,Petrol,Islamabad,Original,Local,Automatic,4,9200.0
Suzuki,Alto,2021,33600,2270000,Petrol,Karachi,Original,Local,Manual,5,5600.0
Suzuki,Cultus VXR,2008,123456,865000,Petrol,Karachi,Original,Local,Manual,18,6497.684210526316
Toyota,Passo,2013,92000,2350000,Petrol,Karachi,Original,Imported,Automatic,13,6571.428571428572
Suzuki,Mehran VXR,2014,12345,790000,Petrol,Lahore,Original,Local,Manual,12,949.6153846153846
Toyota,Corrolla Altis,2017,90000,3900000,Petrol,Karachi,Original,Local,Automatic,9,9000.0
Suzuki,Bolan,2012,40000,1100000,Petrol,Lahore,Original,Imported,Manual,14,2666.6666666666665
Changan,Alsvin,2022,40000,4090000,Petrol,Lahore,Original,Imported,Automatic,4,8000.0
Toyota,Corolla GLI,2010,200000,1850000,Petrol,Karachi,Original,Local,Manual,16,11764.70588235294
Suzuki,Every,2014,77000,1950000,Petrol,Karachi,Original,Imported,Automatic,12,5923.076923076923
Hyundai,Santro,2005,95000,850000,Petrol,Lahore,Original,Local,Manual,21,4318.181818181818
Toyota,Yaris,2021,63000,4950000,Petrol,Unregistered,Original,Imported,Automatic,5,10500.0
Suzuki,Every,2012,123898,1500000,Petrol,Karachi,Original,Imported,Automatic,14,8259.866666666667
Suzuki,Wagon R,2019,45000,2450000,Petrol,Lahore,Original,Local,Manual,7,5625.0
Suzuki,Wagon R,2021,50000,2790000,Petrol,Islamabad,Original,Local,Manual,5,8333.333333333334
Hyundai,Santro,2006,230000,875000,Petrol,Sindh,Original,Local,Manual,20,10952.380952380952
Honda,City IVTEC,2020,75150,3780000,Petrol,Punjab,Original,Imported,Automatic,6,10735.714285714286
Daihatsu,Mira,2013,135000,1700000,Petrol,Karachi,Original,Imported,Automatic,13,9642.857142857143
Daihatsu,Move,2013,75000,2580000,Petrol,Lahore,Original,Imported,Automatic,13,5357.142857142857
Honda,City Aspire,2013,100000,2350000,Petrol,Islamabad,Original,Imported,Manual,13,7142.857142857143
Suzuki,Bolan,2014,59000,780000,Petrol,Sindh,Original,Local,Manual,12,4538.461538461538
Suzuki,Cultus VXR,2009,74000,1080000,Petrol,Karachi,Original,Local,Manual,17,4111.111111111111
Honda,City Aspire,2015,77000,2660000,Petrol,Karachi,Original,Local,Manual,11,6416.666666666667
Honda,City IDSI,2006,186542,1665000,Petrol,Lahore,Original,Local,Manual,20,8882.952380952382
Suzuki,Swift,2021,35000,3250000,Petrol,Lahore,Original,Local,Automatic,5,5833.333333333333
Honda,City Vario,2006,12345,1550000,Petrol,Karachi,Original,Local,Automatic,20,587.8571428571429
Hyundai,Santro,2005,85000,1140000,Petrol,Lahore,Original,Local,Manual,21,3863.6363636363635
Hyundai,Santro,2007,148000,1060000,Petrol,Lahore,Original,Local,Manual,19,7400.0
Honda,City Aspire,2018,160000,4200000,Petrol,Islamabad,Original,Local,Manual,8,17777.777777777777
Suzuki,Ravi,2008,5000,445000,Petrol,Karachi,Original,Local,Manual,18,263.1578947368421
Honda,City IDSI,2001,99999,1060000,Petrol,Lahore,Original,Local,Manual,25,3846.1153846153848
Suzuki,Bolan,2015,85000,590000,Petrol,Multan,Original,Local,Manual,11,7083.333333333333
Hyundai,Santro,2007,50000,850000,Petrol,Sindh,Original,Imported,Manual,19,2500.0
Suzuki,Cultus VXR,2016,70000,1600000,Petrol,Karachi,Original,Local,Manual,10,6363.636363636364
Suzuki,Bolan,2015,50000,900000,Petrol,Multan,Original,Imported,Manual,11,4166.666666666667
Suzuki,Alto,2004,19488,800000,CNG,Abbottabad,Original,Local,Manual,22,847.304347826087
Suzuki,Mehran VXR,2014,94696,950000,Petrol,Faisalabad,Original,Local,Manual,12,7284.307692307692
Hyundai,Santro,2006,100655,1200000,Petrol,Faisalabad,Original,Imported,Automatic,20,4793.0952380952385
Daihatsu,Hijet,2012,123456,1415000,Petrol,Karachi,Original,Imported,Automatic,14,8230.4
Suzuki,Bolan,2013,65000,730000,CNG,Karachi,Original,Imported,Manual,13,4642.857142857143
Daihatsu,Mira,2020,65000,3100000,Petrol,Punjab,Original,Imported,Automatic,6,9285.714285714286
FAW,X-PV,2016,88000,840000,Petrol,Lahore,Original,Imported,Manual,10,8000.0
Honda,Civic Oriel,2013,77000,3525000,Petrol,Punjab,Original,Local,Automatic,13,5500.0
Suzuki,Alto,2004,55000,630000,CNG,Karachi,Original,Local,Manual,22,2391.304347826087
Toyota,Corrolla Altis,2018,55000,4350000,Petrol,Karachi,Original,Local,Automatic,8,6111.111111111111
Suzuki,Swift,2012,80000,1650000,Petrol,Karachi,Original,Imported,Manual,14,5333.333333333333
Toyota,Corrolla Altis,2013,180000,3000000,Petrol,Lahore,Original,Local,Automatic,13,12857.142857142857
Suzuki,Cultus VXR,2007,83000,900000,Petrol,Lahore,Original,Local,Manual,19,4150.0
Toyota,Corolla GLI,2010,12345,1999999,Petrol,Karachi,Original,Imported,Manual,16,726.1764705882352
Honda,City IVTEC,2021,16709,4325000,Petrol,Punjab,Original,Local,Manual,5,2784.8333333333335
Suzuki,Bolan,2006,50000,550000,Petrol,Karachi,Original,Imported,Manual,20,2380.9523809523807
Toyota,Corolla XLI,2007,166000,1900000,Petrol,Lahore,Original,Local,Manual,19,8300.0
Daihatsu,Cuore,2006,12345,695000,Petrol,Karachi,Original,Imported,Manual,20,587.8571428571429
Honda,Civic Oriel,2017,83000,5000000,Petrol,Lahore,Original,Local,Automatic,9,8300.0
Honda,City IVTEC,2016,82000,3600000,Petrol,Lahore,Original,Local,Automatic,10,7454.545454545455
Suzuki,Bolan,2008,123456,650000,Petrol,Lahore,Original,Local,Manual,18,6497.684210526316
Changan,Karvaan,2021,33000,2350000,Petrol,Lahore,Original,Local,Automatic,5,5500.0
Hyundai,Santro,2005,50000,925000,Petrol,Faisalabad,Original,Local,Manual,21,2272.7272727272725
Honda,City IVTEC,2006,62000,1850000,Petrol,Karachi,Original,Imported,Automatic,20,2952.3809523809523
Honda,City IDSI,2003,90000,1150000,Petrol,Sindh,Original,Local,Manual,23,3750.0
Honda,City IDSI,2005,180000,1450000,Petrol,Sindh,Original,Local,Manual,21,8181.818181818182
Honda,City IVTEC,2019,50000,4300000,Petrol,Islamabad,Original,Imported,Manual,7,6250.0
Suzuki,Cultus VXR,2008,97000,890000,Petrol,Faisalabad,Original,Local,Manual,18,5105.263157894737
Toyota,Corolla XLI,2007,14582,1680000,Petrol,Peshawar,Original,Imported,Manual,19,729.1
Suzuki,Every,2011,85000,1350000,Petrol,Lahore,Original,Imported,Automatic,15,5312.5
Chevrolet,Exclusive,2003,1000,550000,Petrol,Lahore,Original,Imported,Manual,23,41.666666666666664
Suzuki,Bolan,2021,10000,1920000,Petrol,Islamabad,Original,Local,Manual,5,1666.6666666666667
Suzuki,Alto,2005,198500,1050000,Petrol,Karachi,Original,Imported,Automatic,21,9022.727272727272
Honda,Civic Prosmetic,2014,80000,4000000,Petrol,Islamabad,Original,Local,Automatic,12,6153.846153846154
Suzuki,Mehran VXR,2012,85000,750000,Petrol,Karachi,Original,Local,Manual,14,5666.666666666667
Suzuki,Alto,2011,128000,824000,Petrol,Karachi,Original,Local,Manual,15,8000.0
Suzuki,Swift,2013,165500,1825000,Petrol,Lahore,Original,Local,Manual,13,11821.42857142857
Suzuki,Alto,2004,10000,770000,Petrol,Rawalpindi,Original,Local,Manual,22,434.7826086956522
Toyota,Yaris,2021,25000,4450000,Petrol,Karachi,Original,Local,Automatic,5,4166.666666666667
Toyota,Corolla GLI,2012,99000,2625000,Petrol,Islamabad,Original,Imported,Manual,14,6600.0
Suzuki,Cultus VXR,2002,100000,550000,Petrol,Karachi,Original,Local,Manual,24,4000.0
Daihatsu,Hijet,2012,128000,1615000,Petrol,Karachi,Original,Imported,Automatic,14,8533.333333333334
Toyota,Corrolla Altis,2016,800,4300000,Petrol,Lahore,Original,Imported,Automatic,10,72.72727272727273
Honda,City IVTEC,2022,25000,4600000,Petrol,Punjab,Original,Imported,Automatic,4,5000.0
Suzuki,Mehran VXR,2017,91000,1250000,Petrol,Lahore,Original,Local,Manual,9,9100.0
Suzuki,Swift,2022,29900,4050000,Petrol,Karachi,Original,Local,Automatic,4,5980.0
Hyundai,Santro,2006,65500,843000,Petrol,Faisalabad,Original,Local,Manual,20,3119.0476190476193
Honda,City IVTEC,2013,125000,2430000,Petrol,Sargodha,Original,Local,Manual,13,8928.57142857143
Daihatsu,Cuore,2007,104222,910000,Petrol,Karachi,Original,Local,Automatic,19,5211.1
Toyota,Passo,2007,80000,1950000,Petrol,Islamabad,Original,Imported,Automatic,19,4000.0
Suzuki,Wagon R,2018,56245,2150000,Petrol,Lahore,Original,Local,Manual,8,6249.444444444444
Suzuki,Alto,2008,12345,760000,Petrol,Karachi,Original,Local,Manual,18,649.7368421052631
Daihatsu,Mira,2018,69000,2990000,Petrol,Karachi,Original,Imported,Automatic,8,7666.666666666667
Mitsubishi,Lancer,2007,98000,1385000,Petrol,Sindh,Original,Imported,Automatic,19,4900.0
Hyundai,Santro,2004,80070,850000,Petrol,Lahore,Original,Imported,Manual,22,3481.304347826087
Suzuki,Alto,2008,4265,810000,Petrol,Lahore,Original,Local,Manual,18,224.47368421052633
Hyundai,Santro,2003,177000,630000,CNG,Karachi,Duplicate,Imported,Manual,23,7375.0
Toyota,Corolla GLI,2014,123456,3150000,Petrol,Karachi,Original,Local,Manual,12,9496.615384615385
Honda,City Aspire,2019,51000,4100000,Petrol,Islamabad,Original,Local,Automatic,7,6375.0
Honda,Civic Oriel,2017,72000,5000000,Petrol,Lahore,Original,Local,Automatic,9,7200.0
Suzuki,Mehran VXR,2011,6493,720000,Petrol,Lahore,Original,Imported,Manual,15,405.8125
Suzuki,Mehran VXR,2004,18000,455000,Petrol,Faisalabad,Original,Local,Manual,22,782.6086956521739
Suzuki,Bolan,2016,51000,1010000,Petrol,Lahore,Original,Imported,Manual,10,4636.363636363636
Suzuki,Alto,2007,130000,900000,Petrol,Rawalpindi,Original,Local,Manual,19,6500.0
Toyota,Corolla XLI,2009,298000,2250000,Petrol,Lahore,Original,Local,Manual,17,16555.555555555555
Honda,City IVTEC,2016,94523,3090000,Petrol,Karachi,Original,Imported,Automatic,10,8593.0
Mitsubishi,Pajero Mini,2012,132000,1980000,Petrol,Lahore,Original,Imported,Automatic,14,8800.0
Suzuki,Mehran VXR,2003,250000,515000,Petrol,Lahore,Original,Local,Manual,23,10416.666666666666
Daihatsu,Mira,2008,100000,1499000,Petrol,Islamabad,Original,Imported,Automatic,18,5263.1578947368425
Daihatsu,Cuore,2002,100000,700000,CNG,Sindh,Original,Imported,Manual,24,4000.0
Suzuki,Mehran VXR,2018,70000,1195000,Petrol,Lahore,Original,Local,Manual,8,7777.777777777777
Suzuki,Ravi,2019,36500,1350000,Petrol,Rawalpindi,Original,Local,Manual,7,4562.5
Suzuki,Wagon R,2021,45000,2490000,Petrol,Punjab,Original,Local,Manual,5,7500.0
Hyundai,Santro,2006,123000,1050000,Petrol,Lahore,Original,Imported,Manual,20,5857.142857142857
Daihatsu,Hijet,2012,132000,1280000,Petrol,Karachi,Original,Imported,Manual,14,8800.0
Suzuki,Alto,2021,22100,2500000,Petrol,Lahore,Original,Local,Manual,5,3683.3333333333335
Honda,Civic Prosmetic,2006,150000,1830000,Petrol,Lahore,Original,Local,Automatic,20,7142.857142857143
Daihatsu,Terios Kid,2007,100000,1900000,Petrol,Lahore,Original,Imported,Automatic,19,5000.0
Suzuki,Mehran VXR,2018,35000,1290000,Petrol,Lahore,Original,Imported,Manual,8,3888.8888888888887
Honda,City IVTEC,2001,130000,950000,Petrol,Lahore,Original,Local,Automatic,25,5000.0
Toyota,Yaris,2021,50500,3960000,Petrol,Karachi,Original,Local,Automatic,5,8416.666666666666
Changan,Karvaan,2021,10891,2390000,Petrol,Karachi,Original,Local,Manual,5,1815.1666666666667
Daihatsu,Cuore,2007,100000,640000,Petrol,Karachi,Original,Imported,Manual,19,5000.0
FAW,V2,2018,75000,1650000,Petrol,Islamabad,Original,Local,Manual,8,8333.333333333334
Honda,Civic Oriel,2001,100000,1250000,Petrol,Sindh,Original,Local,Manual,25,3846.153846153846
Daihatsu,Cuore,2005,146300,1000000,Petrol,Lahore,Original,Imported,Automatic,21,6650.0
Suzuki,Mehran VXR,2018,82250,1335000,Petrol,Lahore,Original,Local,Manual,8,9138.888888888889
Suzuki,Mehran VXR,2008,86000,750000,Petrol,Lahore,Original,Local,Manual,18,4526.315789473684
Honda,City IVTEC,2017,81000,3490000,Petrol,Lahore,Original,Local,Automatic,9,8100.0
Suzuki,Alto,2020,60000,2230000,Petrol,Islamabad,Original,Local,Manual,6,8571.42857142857
Daihatsu,Cuore,2001,148000,670000,Petrol,Islamabad,Original,Local,Manual,25,5692.307692307692
Toyota,Corolla GLI,2007,300000,1800000,Petrol,Lahore,Original,Local,Manual,19,15000.0
Daihatsu,Cuore,2009,143299,915000,Petrol,Karachi,Original,Imported,Manual,17,7961.055555555556
Daihatsu,Cuore,2004,175932,850000,Petrol,Sindh,Original,Local,Manual,22,7649.217391304348
Mitsubishi,Lancer,2005,109000,1600000,Petrol,Karachi,Original,Imported,Automatic,21,4954.545454545455
Toyota,Corolla GLI,2019,49000,4700000,Petrol,Islamabad,Original,Local,Automatic,7,6125.0
Suzuki,Alto,2008,89000,1575000,Petrol,Karachi,Original,Local,Automatic,18,4684.210526315789
Suzuki,Mehran VXR,2014,70000,920000,Petrol,Sindh,Original,Local,Manual,12,5384.615384615385
Honda,City IVTEC,2009,80000,2250000,Petrol,Lahore,Original,Local,Manual,17,4444.444444444444
Suzuki,Alto,2020,39000,2275000,Petrol,Islamabad,Original,Local,Manual,6,5571.428571428572
Toyota,Corolla XLI,2007,123456,1975000,Petrol,Lahore,Original,Imported,Manual,19,6172.8
Toyota,Corolla GLI,2018,69000,3750000,Petrol,Sindh,Original,Local,Manual,8,7666.666666666667
Hyundai,Santro,2002,123456,675000,Petrol,Faisalabad,Original,Local,Manual,24,4938.24
Changan,Karvaan,2021,34000,2350000,Petrol,Karachi,Original,Local,Manual,5,5666.666666666667
Suzuki,Cultus VXR,2017,36000,1600000,Petrol,Lahore,Original,Local,Manual,9,3600.0
Honda,City Vario,2005,103000,1995000,Petrol,Lahore,Original,Local,Automatic,21,4681.818181818182
Suzuki,Baleno,2004,500000,1050000,Petrol,Lahore,Original,Imported,Manual,22,21739.130434782608
Suzuki,Alto,2021,22060,2600000,Petrol,Karachi,Original,Local,Automatic,5,3676.6666666666665
Daihatsu,Terios Kid,2011,145000,2245000,Petrol,Lahore,Original,Imported,Manual,15,9062.5
Daihatsu,Move,2016,78000,2700000,Petrol,Lahore,Original,Imported,Automatic,10,7090.909090909091
Daihatsu,Mira,2014,200000,1700000,Petrol,Lahore,Original,Imported,Automatic,12,15384.615384615385
Suzuki,Mehran VXR,2018,98000,1280000,Petrol,Sindh,Original,Local,Manual,8,10888.888888888889
Daihatsu,Move,2016,96000,1700000,Petrol,Karachi,Original,Imported,Automatic,10,8727.272727272728
Toyota,Corrolla Altis,2009,19000,2400000,Petrol,Bannu,Original,Local,Automatic,17,1055.5555555555557
KIA,Picanto,2021,26000,2795000,Petrol,Karachi,Original,Local,Automatic,5,4333.333333333333
Toyota,Corolla XLI,2009,10000,1880000,CNG,Sindh,Original,Local,Manual,17,555.5555555555555
Hyundai,Santro,2001,100000,580000,Petrol,Karachi,Original,Imported,Manual,25,3846.153846153846
Suzuki,Alto,2008,150000,1150000,Petrol,Lahore,Original,Local,Manual,18,7894.736842105263
Daihatsu,Mira,2014,40000,2150000,Petrol,Karachi,Original,Imported,Automatic,12,3076.923076923077
Mitsubishi,Ek Wagon,2015,55000,2100000,Petrol,Karachi,Original,Imported,Automatic,11,4583.333333333333
Suzuki,Bolan,2018,50000,1350000,Petrol,Sindh,Original,Local,Manual,8,5555.555555555556
Suzuki,Bolan,2011,95784,730000,Petrol,Lahore,Original,Local,Manual,15,5986.5
KIA,Classic,2003,100000,410000,Petrol,Karachi,Original,Local,Manual,23,4166.666666666667
Suzuki,Baleno,2005,2000,670000,Petrol,Karachi,Original,Imported,Manual,21,90.9090909090909
Toyota,Corolla GLI,2009,175800,2000000,Petrol,Lahore,Original,Imported,Manual,17,9766.666666666666
Honda,City Aspire,2013,98400,2350000,Petrol,Lahore,Original,Local,Manual,13,7028.571428571428
Honda,City IVTEC,2012,19100,2550000,Petrol,Lahore,Original,Local,Manual,14,1273.3333333333333
Suzuki,Wagon R,2015,186000,1700000,Petrol,Lahore,Original,Imported,Manual,11,15500.0
Toyota,Passo,2007,90000,2000000,Petrol,Islamabad,Original,Imported,Automatic,19,4500.0
Daihatsu,Cuore,2008,100000,1025000,Petrol,Lahore,Original,Imported,Manual,18,5263.1578947368425
Suzuki,Alto,2020,40000,2730000,Petrol,Lahore,Original,Local,Automatic,6,5714.285714285715
Toyota,Corolla GLI,2020,75000,4900000,Petrol,Punjab,Original,Local,Automatic,6,10714.285714285714
Daihatsu,Mira,2007,200000,1350000,Petrol,Punjab,Original,Imported,Manual,19,10000.0
Toyota,Corolla GLI,2017,50000,2000000,Petrol,Karachi,Original,Local,Automatic,9,5000.0
Toyota,Corolla GLI,2014,48000,4000000,Petrol,Lahore,Original,Local,Automatic,12,3692.3076923076924
Suzuki,Bolan,2012,58000,970000,CNG,Islamabad,Original,Local,Manual,14,3866.6666666666665
Toyota,Corolla GLI,2010,120000,2590000,Petrol,Karachi,Original,Local,Manual,16,7058.823529411765
Toyota,Corrolla Altis,2003,12345,1500000,Petrol,Karachi,Original,Local,Automatic,23,514.375
Toyota,Corrolla Altis,2012,162000,3300000,Petrol,Islamabad,Original,Local,Automatic,14,10800.0
Daihatsu,Cuore,2003,123456,495000,CNG,Karachi,Original,Imported,Manual,23,5144.0
Suzuki,Swift,2018,165000,2500000,Petrol,Lahore,Original,Local,Manual,8,18333.333333333332
Honda,Civic Prosmetic,2008,147000,2150000,Petrol,Lahore,Original,Local,Automatic,18,7736.8421052631575
Daihatsu,Cuore,2004,100000,770000,Petrol,Karachi,Original,Local,Automatic,22,4347.826086956522
Toyota,Corrolla Altis,2018,63000,4700000,Petrol,Islamabad,Original,Local,Automatic,8,7000.0
Mitsubishi,Lancer,2005,200000,1350000,Petrol,Lahore,Original,Imported,Automatic,21,9090.90909090909
Hyundai,Santro,2006,128568,815000,Petrol,Faisalabad,Original,Local,Manual,20,6122.285714285715
Suzuki,Cultus VXR,2004,120000,560000,Petrol,Karachi,Original,Local,Manual,22,5217.391304347826
Suzuki,Baleno,2000,150000,945000,Petrol,Islamabad,Original,Local,Manual,26,5555.555555555556
Daihatsu,Cuore,2007,123456,930000,Petrol,Lahore,Original,Imported,Manual,19,6172.8
Suzuki,Baleno,2005,444444,875000,Petrol,Lahore,Original,Imported,Manual,21,20202.0
Hyundai,Santro,2007,50000,970000,Petrol,Lahore,Original,Imported,Manual,19,2500.0
Toyota,Corrolla Altis,2007,145000,1720000,Petrol,Karachi,Original,Local,Automatic,19,7250.0
Daihatsu,Mira,2013,82000,2490000,Petrol,Karachi,Original,Local,Automatic,13,5857.142857142857
Suzuki,Every,2016,147000,2075000,Petrol,Karachi,Original,Imported,Automatic,10,13363.636363636364
Hyundai,Santro,2008,75000,1350000,Petrol,Lahore,Original,Imported,Manual,18,3947.3684210526317
Honda,City IVTEC,2020,50000,3900000,Petrol,Punjab,Original,Local,Automatic,6,7142.857142857143
Honda,City Vario,2004,223000,1725000,Petrol,Lahore,Original,Local,Automatic,22,9695.652173913044
Suzuki,Swift,2017,82000,2100000,Petrol,Karachi,Original,Imported,Manual,9,8200.0
Daihatsu,Mira,2014,100000,2290000,Petrol,Lahore,Original,Imported,Automatic,12,7692.307692307692
Suzuki,Mehran VXR,2011,43999,780000,Petrol,Karachi,Original,Local,Manual,15,2749.9375
Changan,Alsvin,2022,29000,3650000,Petrol,Islamabad,Original,Imported,Automatic,4,5800.0
Toyota,Corrolla Altis,2015,120000,4000000,Petrol,Punjab,Original,Local,Automatic,11,10000.0
Suzuki,Swift,2020,41000,2950000,Petrol,Lahore,Original,Local,Manual,6,5857.142857142857
Toyota,Corolla GLI,2019,55000,4300000,Petrol,Karachi,Original,Local,Manual,7,6875.0
Suzuki,Alto,2011,118000,1250000,Petrol,Lahore,Original,Local,Manual,15,7375.0
Suzuki,Ravi,2022,2700,1850000,Petrol,Punjab,Original,Local,Manual,4,540.0
Suzuki,Alto,2022,23703,2470000,Petrol,Punjab,Original,Local,Manual,4,4740.6
Suzuki,Mehran VXR,2007,51214,555000,Petrol,Faisalabad,Original,Local,Manual,19,2560.7
Suzuki,Bolan,2012,58000,775000,Petrol,Lahore,Original,Local,Manual,14,3866.6666666666665
Toyota,Corrolla Altis,2016,86000,3750000,Petrol,Karachi,Original,Local,Automatic,10,7818.181818181818
Honda,City IVTEC,2020,44000,3950000,Petrol,Lahore,Original,Local,Manual,6,6285.714285714285
Honda,City IVTEC,2016,241100,2850000,Petrol,Punjab,Original,Local,Manual,10,21918.18181818182
Daihatsu,Cuore,2008,12345,860000,Petrol,Karachi,Original,Imported,Automatic,18,649.7368421052631
Toyota,Corolla XLI,2008,123456,1600000,Petrol,Lahore,Original,Local,Manual,18,6497.684210526316
Daihatsu,Cuore,2001,51667,500000,Petrol,Karachi,Original,Imported,Manual,25,1987.1923076923076
Daihatsu,Mira,2016,115000,2400000,Petrol,Karachi,Original,Imported,Automatic,10,10454.545454545454
Daihatsu,Mira,2018,70000,3400000,Petrol,Karachi,Original,Imported,Automatic,8,7777.777777777777
Honda,Civic Prosmetic,2008,119500,1875000,Petrol,Sindh,Original,Local,Automatic,18,6289.473684210527
Suzuki,Mehran VXR,2008,12345,645000,Petrol,Lahore,Original,Local,Manual,18,649.7368421052631
Honda,Civic Oriel,2005,100000,1580000,CNG,Karachi,Original,Imported,Manual,21,4545.454545454545
Daihatsu,Mira,2014,73000,2350000,Petrol,Karachi,Original,Imported,Automatic,12,5615.384615384615
Suzuki,Bolan,2014,26600,1070000,Petrol,Karachi,Original,Local,Manual,12,2046.1538461538462
Toyota,Altis Grande,2019,47000,4900000,Petrol,Karachi,Original,Imported,Automatic,7,5875.0
Toyota,Corrolla Altis,2006,123456,1750000,Petrol,Lahore,Original,Imported,Manual,20,5878.857142857143
Toyota,Passo,2010,170000,1860000,Petrol,Karachi,Original,Imported,Automatic,16,10000.0
Suzuki,Alto,2021,112658,2200000,Petrol,Lahore,Original,Imported,Manual,5,18776.333333333332
Suzuki,Cultus VXR,2008,10000,980000,Petrol,Lahore,Original,Imported,Manual,18,526.3157894736842
Honda,City IDSI,2007,140000,1795000,Petrol,Karachi,Original,Local,Manual,19,7000.0
KIA,Spectra,2001,1234,420000,Petrol,Karachi,Duplicate,Local,Manual,25,47.46153846153846
Suzuki,Cultus VXR,2018,236000,2200000,Petrol,Lahore,Original,Local,Manual,8,26222.222222222223
Toyota,Corolla GLI,2015,124900,3000000,Petrol,Sindh,Original,Local,Manual,11,10408.333333333334
Honda,City IVTEC,2018,40000,3450000,Petrol,Lahore,Original,Local,Manual,8,4444.444444444444
Honda,City Aspire,2022,15000,4700000,Petrol,Islamabad,Original,Imported,Automatic,4,3000.0
Honda,City Aspire,2014,113000,2725000,Petrol,Lahore,Original,Local,Manual,12,8692.307692307691
Toyota,Corolla GLI,2017,76000,4350000,Petrol,Islamabad,Original,Local,Automatic,9,7600.0
Suzuki,Alto,2007,200000,1670000,Petrol,Lahore,Original,Imported,Automatic,19,10000.0
Suzuki,Alto,2006,150000,850000,Petrol,Lahore,Duplicate,Local,Manual,20,7142.857142857143
Daihatsu,Mira,2015,73000,2850000,Petrol,Karachi,Original,Imported,Automatic,11,6083.333333333333
Suzuki,Swift,2018,63000,2199999,Petrol,Islamabad,Duplicate,Local,Manual,8,7000.0
Suzuki,Swift,2010,100000,1550000,Petrol,Karachi,Original,Imported,Manual,16,5882.35294117647
Mitsubishi,Lancer,2005,141306,1420000,Petrol,Punjab,Original,Imported,Automatic,21,6423.0
Honda,City IVTEC,2022,32000,4340000,Petrol,Punjab,Original,Local,Manual,4,6400.0
Mitsubishi,Minica,2014,11111,1290000,Petrol,Islamabad,Original,Imported,Manual,12,854.6923076923077
Toyota,Corolla XLI,2007,130000,1650000,Petrol,Islamabad,Original,Local,Manual,19,6500.0
Daihatsu,Move,2016,90000,2350000,Petrol,Lahore,Original,Imported,Automatic,10,8181.818181818182
Honda,Civic Oriel,2016,67000,4600000,Petrol,Karachi,Original,Local,Automatic,10,6090.909090909091
Mitsubishi,Lancer,2006,145000,1375000,Petrol,Karachi,Original,Imported,Automatic,20,6904.761904761905
FAW,X-PV,2018,140000,1380000,Petrol,Lahore,Original,Local,Manual,8,15555.555555555555
Suzuki,Bolan,2003,100000,450000,Petrol,Karachi,Original,Imported,Manual,23,4166.666666666667
Hyundai,Santro,2003,121000,925000,Petrol,Lahore,Original,Local,Manual,23,5041.666666666667
Honda,City IVTEC,2007,246000,1780000,Petrol,Lahore,Original,Local,Manual,19,12300.0
Hyundai,Santro,2004,90000,810000,Petrol,Lahore,Original,Imported,Manual,22,3913.0434782608695
Suzuki,Mehran VXR,2017,24780,1250000,Petrol,Karachi,Original,Local,Manual,9,2478.0
Suzuki,Wagon R,2015,112000,2550000,Petrol,Islamabad,Original,Imported,Automatic,11,9333.333333333334
Suzuki,Bolan,2002,70000,1000000,Petrol,Lahore,Original,Local,Manual,24,2800.0
Suzuki,Alto,2004,85000,1000000,Petrol,Islamabad,Original,Imported,Manual,22,3695.6521739130435
Toyota,Corrolla Altis,2005,135000,1650000,Petrol,Karachi,Original,Local,Automatic,21,6136.363636363636
Honda,City IVTEC,2022,10000,4365000,Petrol,Punjab,Original,Local,Manual,4,2000.0
Daihatsu,Move,2017,76000,2800000,Petrol,Islamabad,Original,Imported,Automatic,9,7600.0
Suzuki,Mehran VXR,2007,97000,575000,Petrol,Faisalabad,Original,Local,Manual,19,4850.0
Suzuki,Cultus VXR,2012,71000,1175000,Petrol,Lahore,Original,Local,Manual,14,4733.333333333333
Daihatsu,Cuore,2010,85000,825000,Petrol,Sindh,Original,Local,Manual,16,5000.0
KIA,Classic,2001,10000,500000,Petrol,Karachi,Original,Local,Manual,25,384.61538461538464
Toyota,Passo,2013,95000,1850000,Petrol,Lahore,Original,Imported,Automatic,13,6785.714285714285
Suzuki,Bolan,2012,60135,880000,Petrol,Karachi,Original,Imported,Manual,14,4009.0
Suzuki,Cultus VXR,2013,80000,1275000,Petrol,Karachi,Original,Local,Manual,13,5714.285714285715
Suzuki,Bolan,2016,55000,775000,Petrol,Lahore,Original,Local,Manual,10,5000.0
FAW,X-PV,2015,1234,710000,Petrol,Lahore,Original,Imported,Manual,11,102.83333333333333
Toyota,Corolla XLI,2007,100000,1980000,CNG,Peshawar,Original,Local,Manual,19,5000.0
Changan,Karvaan,2020,78000,2000000,Petrol,Lahore,Original,Local,Manual,6,11142.857142857143
KIA,Spectra,2002,23458,750000,Petrol,Lahore,Original,Imported,Manual,24,938.32
Daihatsu,Terios Kid,2001,120000,1570000,Petrol,Karachi,Original,Imported,Automatic,25,4615.384615384615
Suzuki,Bolan,2019,60000,1350000,Petrol,Sindh,Original,Imported,Manual,7,7500.0
Toyota,Corolla GLI,2016,137000,3800000,Petrol,Islamabad,Original,Local,Manual,10,12454.545454545454
Honda,City IDSI,2005,71500,1580000,Petrol,Faisalabad,Original,Local,Manual,21,3250.0
Toyota,Corolla GLI,2016,85000,4000000,Petrol,Islamabad,Original,Local,Automatic,10,7727.272727272727
Suzuki,Alto,2019,45000,2449000,Petrol,Islamabad,Original,Local,Automatic,7,5625.0
Toyota,Corolla GLI,2018,87800,3950000,Petrol,Karachi,Original,Local,Automatic,8,9755.555555555555
Suzuki,Wagon R,2021,50000,2675000,Petrol,Punjab,Original,Local,Manual,5,8333.333333333334
Suzuki,Wagon R,2016,72000,2550000,Petrol,Islamabad,Original,Local,Manual,10,6545.454545454545
Suzuki,Bolan,2016,20116,1150000,Petrol,Multan,Original,Imported,Manual,10,1828.7272727272727
Changan,Alsvin,2022,26700,4100000,Petrol,Lahore,Original,Local,Automatic,4,5340.0
Suzuki,Swift,2019,70000,3350000,Petrol,Lahore,Original,Local,Automatic,7,8750.0
Suzuki,Bolan,2010,70000,560000,Petrol,Multan,Original,Imported,Manual,16,4117.64705882353
Suzuki,Baleno,2003,150000,1145000,Petrol,Lahore,Original,Local,Manual,23,6250.0
Toyota,Yaris,2021,90200,4200000,Petrol,Punjab,Original,Local,Automatic,5,15033.333333333334
Chevrolet,Joy,2008,79000,650000,Petrol,Karachi,Original,Local,Manual,18,4157.894736842105
Changan,Alsvin,2021,21000,3450000,Petrol,Punjab,Original,Local,Manual,5,3500.0
Honda,Civic Prosmetic,2003,130000,1225000,Petrol,Karachi,Original,Local,Automatic,23,5416.666666666667
Daihatsu,Cuore,2002,10000,450000,Petrol,Karachi,Original,Imported,Manual,24,400.0
Suzuki,Swift,2014,40000,1895000,Petrol,Lahore,Original,Local,Manual,12,3076.923076923077
Suzuki,Wagon R,2018,68000,1925000,Petrol,Karachi,Original,Local,Manual,8,7555.555555555556
Daihatsu,Mira,2020,3500,3650000,Petrol,Unregistered,Original,Imported,Automatic,6,500.0
Honda,Civic Prosmetic,2004,12345,1250000,Petrol,Karachi,Original,Local,Automatic,22,536.7391304347826
Suzuki,Alto,2009,123456,850000,CNG,Karachi,Original,Local,Manual,17,6858.666666666667
FAW,X-PV,2016,1000,1450000,Petrol,Lahore,Original,Imported,Manual,10,90.9090909090909
Toyota,Passo,2010,66000,2380000,Petrol,Lahore,Original,Imported,Automatic,16,3882.3529411764707
Daihatsu,Cuore,2007,80000,650000,Petrol,Karachi,Original,Local,Manual,19,4000.0
Honda,City IVTEC,2012,95000,2400000,Petrol,Punjab,Original,Local,Manual,14,6333.333333333333
Suzuki,Bolan,2019,35000,1530000,Petrol,Islamabad,Original,Local,Manual,7,4375.0
Suzuki,Mehran VXR,2006,100000,575000,Petrol,Sindh,Duplicate,Local,Manual,20,4761.9047619047615
Daihatsu,Cuore,2003,80000,460000,CNG,Karachi,Original,Imported,Manual,23,3333.3333333333335
Suzuki,Alto,2021,42000,2350000,Petrol,Islamabad,Original,Local,Manual,5,7000.0
Daihatsu,Cuore,2005,100000,570000,Petrol,Karachi,Original,Local,Manual,21,4545.454545454545
Toyota,Corolla XLI,2006,12345,1380000,Petrol,Karachi,Original,Local,Manual,20,587.8571428571429
Suzuki,Wagon R,2020,70000,2550000,Petrol,Lahore,Original,Local,Manual,6,10000.0
Hyundai,Santro,2008,125000,975000,Petrol,Sialkot,Original,Local,Manual,18,6578.9473684210525
Suzuki,Swift,2020,86000,2800000,Petrol,Lahore,Original,Local,Manual,6,12285.714285714286
Honda,Civic Prosmetic,2006,100000,1700000,Petrol,Lahore,Original,Imported,Automatic,20,4761.9047619047615
Daihatsu,Cuore,2006,163000,670000,Petrol,Karachi,Original,Local,Manual,20,7761.9047619047615
Toyota,Yaris,2021,35000,4150000,Petrol,Karachi,Original,Local,Automatic,5,5833.333333333333
Suzuki,Alto,2021,28000,2750000,Petrol,Lahore,Original,Local,Automatic,5,4666.666666666667
Daihatsu,Mira,2014,75000,2530000,Petrol,Karachi,Original,Imported,Automatic,12,5769.2307692307695
Toyota,Corolla GLI,2011,150000,1850000,Petrol,Karachi,Original,Local,Manual,15,9375.0
Suzuki,Bolan,2021,30000,1850000,Petrol,Islamabad,Original,Local,Manual,5,5000.0
Toyota,Altis Grande,2016,113000,4150000,Petrol,Lahore,Original,Local,Automatic,10,10272.727272727272
Suzuki,Ravi,2011,60000,700000,Petrol,Karachi,Original,Imported,Manual,15,3750.0
Honda,Civic Oriel,2006,156000,1700000,Petrol,Lahore,Original,Local,Automatic,20,7428.571428571428
Suzuki,Alto,2006,175000,775000,Petrol,Lahore,Original,Local,Manual,20,8333.333333333334
Chevrolet,Joy,2007,12354,790000,Petrol,Lahore,Original,Imported,Automatic,19,617.7
Suzuki,Alto,2021,65000,2600000,Petrol,Karachi,Original,Imported,Automatic,5,10833.333333333334
Suzuki,Bolan,2016,10000,1000000,Petrol,Karachi,Original,Imported,Manual,10,909.0909090909091
Suzuki,Bolan,2018,20000,1300000,CNG,Sindh,Original,Local,Manual,8,2222.222222222222
Hyundai,Santro,2001,155000,750000,Petrol,Peshawar,Original,Local,Automatic,25,5961.538461538462
Toyota,Corrolla Altis,2015,85000,3450000,Petrol,Karachi,Original,Local,Automatic,11,7083.333333333333
Suzuki,Alto,2006,98000,610000,Petrol,Karachi,Original,Local,Manual,20,4666.666666666667
Suzuki,Wagon R,2017,65000,1950000,Petrol,Karachi,Original,Local,Manual,9,6500.0
Toyota,Yaris,2022,55000,3890000,Petrol,Punjab,Original,Imported,Manual,4,11000.0
Toyota,Corrolla Altis,2019,70000,4775000,Petrol,Karachi,Original,Local,Automatic,7,8750.0
Suzuki,Alto,2007,65000,770000,Petrol,Karachi,Original,Local,Manual,19,3250.0
Suzuki,Mehran VXR,2017,35000,1150000,Petrol,Islamabad,Original,Local,Manual,9,3500.0
Suzuki,Cultus VXR,2013,100000,1375000,Petrol,Lahore,Original,Local,Manual,13,7142.857142857143
Suzuki,Ravi,2013,12345,950000,Petrol,Peshawar,Original,Local,Manual,13,881.7857142857143
Hyundai,Santro,2008,110000,1260000,Petrol,Lahore,Original,Local,Manual,18,5789.473684210527
Hyundai,Santro,2007,1000,1000000,Petrol,Lahore,Original,Imported,Manual,19,50.0
Suzuki,Wagon R,2018,128000,2370000,Petrol,Lahore,Original,Local,Manual,8,14222.222222222223
KIA,Picanto,2020,30000,2580000,Petrol,Karachi,Original,Local,Automatic,6,4285.714285714285
Suzuki,Mehran VXR,2006,45000,630000,Petrol,Punjab,Original,Local,Manual,20,2142.8571428571427
Toyota,Yaris,2022,31500,4850000,Petrol,Islamabad,Original,Local,Automatic,4,6300.0
Honda,City IDSI,2005,203820,1750000,Petrol,Lahore,Original,Imported,Automatic,21,9264.545454545454
Toyota,Corolla GLI,2012,100000,2750000,Petrol,Islamabad,Original,Local,Manual,14,6666.666666666667
Suzuki,Bolan,2010,84000,750000,CNG,Nowshera,Original,Local,Manual,16,4941.176470588235
Toyota,Passo,2008,10000,1950000,Petrol,Islamabad,Original,Imported,Automatic,18,526.3157894736842
Honda,City Aspire,2016,82000,3150000,Petrol,Lahore,Original,Local,Manual,10,7454.545454545455
Suzuki,Wagon R,2016,120000,1900000,Petrol,Multan,Original,Local,Manual,10,10909.09090909091
Honda,City IDSI,2000,123568,845000,Petrol,Karachi,Original,Local,Automatic,26,4576.592592592592
Toyota,Corolla GLI,2013,207400,2685000,Petrol,Islamabad,Original,Local,Manual,13,14814.285714285714
Daihatsu,Mira,2012,81550,1950000,Petrol,Karachi,Original,Imported,Automatic,14,5436.666666666667
Honda,City Aspire,2017,77300,3825000,Petrol,Islamabad,Original,Local,Automatic,9,7730.0
Honda,Civic Prosmetic,2002,100000,1150000,Petrol,Karachi,Original,Imported,Automatic,24,4000.0
Suzuki,Baleno,2004,100000,885000,Petrol,Lahore,Original,Local,Manual,22,4347.826086956522
Mitsubishi,Lancer,2005,150000,1600000,Petrol,Lahore,Original,Imported,Automatic,21,6818.181818181818
Honda,City Vario,2021,30000,4300000,Petrol,Punjab,Original,Imported,Automatic,5,5000.0
Daihatsu,Cuore,2002,267000,550000,Petrol,Sialkot,Original,Local,Manual,24,10680.0
Daihatsu,Cuore,2003,13000,660000,Petrol,Lahore,Original,Imported,Manual,23,541.6666666666666
Honda,City Aspire,2022,31000,4900000,Petrol,Islamabad,Original,Local,Automatic,4,6200.0
KIA,Picanto,2021,64000,3000000,Petrol,Karachi,Original,Local,Automatic,5,10666.666666666666
Suzuki,Every,2013,100000,1525000,Petrol,Islamabad,Original,Imported,Automatic,13,7142.857142857143
Toyota,Corolla XLI,2012,86000,2500000,Petrol,Islamabad,Original,Local,Manual,14,5733.333333333333
Daihatsu,Hijet,2013,12345,1450000,Petrol,Multan,Original,Imported,Automatic,13,881.7857142857143
Suzuki,Cultus VXR,2008,123456,825000,Petrol,Lahore,Original,Local,Manual,18,6497.684210526316
Honda,City Aspire,2016,64800,3570000,Petrol,Multan,Original,Local,Automatic,10,5890.909090909091
Suzuki,Cultus VXR,2009,200000,1050000,Petrol,Lahore,Original,Local,Manual,17,11111.111111111111
Daihatsu,Cuore,2011,1234,950000,Petrol,Karachi,Original,Local,Manual,15,77.125
Toyota,Corolla XLI,2014,102134,2585000,Petrol,Karachi,Original,Local,Manual,12,7856.461538461538
FAW,X-PV,2017,183000,900000,Petrol,Lahore,Original,Local,Manual,9,18300.0
Honda,City Vario,2005,100000,1475000,Petrol,Karachi,Original,Local,Automatic,21,4545.454545454545
Toyota,Corolla GLI,2011,172000,2375000,Petrol,Lahore,Original,Local,Manual,15,10750.0
Honda,City IVTEC,2018,110000,3200000,Petrol,Punjab,Original,Local,Manual,8,12222.222222222223
Hyundai,Santro,2006,91900,995000,Petrol,Lahore,Original,Local,Manual,20,4376.190476190476
Toyota,Corolla GLI,2012,190000,2750000,Petrol,Islamabad,Original,Local,Manual,14,12666.666666666666
Suzuki,Bolan,2010,21600,850000,CNG,Islamabad,Original,Imported,Manual,16,1270.5882352941176
Honda,Civic VTi,2016,99000,4130000,Petrol,Karachi,Original,Imported,Automatic,10,9000.0
Toyota,Altis Grande,2017,92000,4850000,Petrol,Lahore,Original,Local,Automatic,9,9200.0
Honda,City IVTEC,2018,116336,3270000,Petrol,Lahore,Original,Local,Manual,8,12926.222222222223
Honda,Civic Oriel,2017,95000,4950000,Petrol,Islamabad,Original,Local,Automatic,9,9500.0
Daihatsu,Terios Kid,2009,41000,1975000,Petrol,Lahore,Original,Local,Automatic,17,2277.777777777778
Daihatsu,Mira,2006,102000,1400000,Petrol,Lahore,Original,Imported,Manual,20,4857.142857142857
Suzuki,Alto,2022,31000,2475000,Petrol,Punjab,Original,Imported,Manual,4,6200.0
Suzuki,Mehran VXR,2010,100000,670000,Petrol,Karachi,Original,Local,Manual,16,5882.35294117647
Toyota,Corolla GLI,2017,58786,3795000,Petrol,Karachi,Original,Local,Automatic,9,5878.6
Suzuki,Wagon R,2014,130000,1950000,Petrol,Lahore,Original,Local,Manual,12,10000.0
Toyota,Yaris,2020,40000,3575000,Petrol,Islamabad,Original,Local,Manual,6,5714.285714285715
Changan,Alsvin,2022,11000,4510000,Petrol,Islamabad,Original,Local,Automatic,4,2200.0
Suzuki,Bolan,2004,17591,450000,Petrol,Karachi,Original,Local,Manual,22,764.8260869565217
Suzuki,Wagon R,2017,125000,1975000,Petrol,Multan,Original,Local,Manual,9,12500.0
Suzuki,Cultus VXR,2008,155540,980000,Petrol,Faisalabad,Original,Local,Manual,18,8186.315789473684
Suzuki,Cultus VXR,2013,88000,1400000,Petrol,Karachi,Original,Imported,Manual,13,6285.714285714285
Suzuki,Mehran VXR,2011,65321,550000,Petrol,Gujranwala,Original,Local,Manual,15,4082.5625
Hyundai,Santro,2006,123521,798000,Petrol,Lahore,Original,Local,Manual,20,5881.952380952381
Honda,Civic Prosmetic,2011,115000,2075000,Petrol,Karachi,Original,Local,Automatic,15,7187.5
Daihatsu,Hijet,2019,80000,1475000,Petrol,Karachi,Original,Imported,Automatic,7,10000.0
Honda,City IVTEC,2016,76500,2800000,Petrol,Karachi,Original,Local,Manual,10,6954.545454545455
Daihatsu,Cuore,2000,15000,650000,Petrol,Lahore,Original,Imported,Manual,26,555.5555555555555
Daihatsu,Cuore,2008,215792,980000,Petrol,Lahore,Original,Local,Manual,18,11357.473684210527
Daihatsu,Mira,2012,79000,2200000,Petrol,Karachi,Original,Imported,Automatic,14,5266.666666666667
Suzuki,Alto,2022,29000,2400000,Petrol,Karachi,Original,Local,Manual,4,5800.0
Suzuki,Every,2013,109000,2150000,Petrol,Lahore,Original,Imported,Automatic,13,7785.714285714285
Suzuki,Cultus VXR,2006,74000,749000,CNG,Karachi,Original,Local,Manual,20,3523.809523809524
Suzuki,Cultus VXR,2005,1000,735000,Petrol,Lahore,Original,Local,Manual,21,45.45454545454545
Daihatsu,Hijet,2011,117000,1325000,Petrol,Sindh,Original,Imported,Automatic,15,7312.5
Toyota,Corolla GLI,2018,140000,4100000,Petrol,Lahore,Original,Local,Manual,8,15555.555555555555
Suzuki,Wagon R,2021,21000,3600000,Petrol,Unregistered,Original,Imported,Automatic,5,3500.0
Suzuki,Alto,2005,70000,795000,Petrol,Rawalpindi,Original,Local,Manual,21,3181.818181818182
Suzuki,Cultus VXR,2003,200000,795000,Petrol,Lahore,Original,Local,Manual,23,8333.333333333334
Honda,City IVTEC,2018,65000,3700000,Petrol,Islamabad,Original,Local,Manual,8,7222.222222222223
Hyundai,Santro,2007,97000,925000,Petrol,Lahore,Original,Local,Manual,19,4850.0
Toyota,Corolla GLI,2014,110000,3170000,CNG,Lahore,Original,Local,Manual,12,8461.538461538461
Daihatsu,Mira,2018,128700,1950000,Petrol,Lahore,Original,Imported,Automatic,8,14300.0
Suzuki,Ravi,2015,12345,500000,Petrol,Karachi,Original,Imported,Manual,11,1028.75
Daihatsu,Mira,2013,95000,1250000,Petrol,Lahore,Original,Imported,Manual,13,6785.714285714285
Toyota,Yaris,2023,2950,4800000,Petrol,Lahore,Original,Local,Automatic,3,737.5
Honda,Civic Prosmetic,2011,93000,2400000,Petrol,Lahore,Original,Imported,Automatic,15,5812.5
Toyota,Yaris,2020,80000,4150000,Petrol,Lahore,Original,Local,Automatic,6,11428.57142857143
Daihatsu,Mira,2014,86000,2200000,Petrol,Karachi,Original,Imported,Automatic,12,6615.384615384615
Suzuki,Swift,2011,115500,1550000,Petrol,Lahore,Original,Local,Manual,15,7218.75
Daihatsu,Hijet,2018,107000,1650000,Petrol,Islamabad,Original,Imported,Manual,8,11888.888888888889
Suzuki,Wagon R,2019,50000,2550000,Petrol,Lahore,Original,Local,Manual,7,6250.0
Hyundai,Santro,2006,141000,950000,Petrol,Sindh,Original,Local,Manual,20,6714.285714285715
Daihatsu,Mira,2011,78000,1980000,Petrol,Lahore,Original,Imported,Automatic,15,4875.0
Toyota,Yaris,2022,23000,4400000,Petrol,Punjab,Original,Local,Automatic,4,4600.0
Suzuki,Bolan,2018,61000,1250000,Petrol,Lahore,Original,Local,Manual,8,6777.777777777777
Suzuki,Mehran VXR,2009,55000,940000,Petrol,Islamabad,Original,Local,Manual,17,3055.5555555555557
Daihatsu,Mira,2014,125000,2280000,Petrol,Karachi,Original,Imported,Automatic,12,9615.384615384615
Daihatsu,Move,2007,93699,1750000,Petrol,Lahore,Original,Imported,Automatic,19,4684.95
Toyota,Yaris,2022,23000,5000000,Petrol,Punjab,Original,Local,Automatic,4,4600.0
Mitsubishi,Pajero Mini,2007,123456,950000,Petrol,Lahore,Original,Imported,Manual,19,6172.8
Suzuki,Every,2019,145000,2080000,Petrol,Lahore,Original,Imported,Manual,7,18125.0
Honda,Civic Oriel,2017,95000,4800000,Petrol,Islamabad,Original,Imported,Automatic,9,9500.0
Suzuki,Wagon R,2018,98000,2150000,Petrol,Lahore,Original,Imported,Manual,8,10888.888888888889
Toyota,Passo,2015,49000,2950000,Petrol,Lahore,Original,Imported,Automatic,11,4083.3333333333335
Suzuki,Alto,2006,60000,650000,CNG,Karachi,Original,Imported,Manual,20,2857.1428571428573
Toyota,Corolla GLI,2011,140000,2700000,Petrol,Karachi,Original,Local,Automatic,15,8750.0
Suzuki,Every,2008,170000,1350000,Petrol,Sindh,Original,Imported,Automatic,18,8947.368421052632
Daihatsu,Mira,2019,30000,3550000,Petrol,Karachi,Original,Imported,Automatic,7,3750.0
Toyota,Corolla GLI,2011,130000,2575000,Petrol,Islamabad,Original,Local,Manual,15,8125.0
Honda,City IVTEC,2017,82000,3650000,Petrol,Islamabad,Original,Local,Manual,9,8200.0
Honda,City Aspire,2013,156000,2725000,Petrol,Lahore,Original,Local,Manual,13,11142.857142857143
Honda,City IVTEC,2010,168000,2350000,Petrol,Lahore,Original,Local,Manual,16,9882.35294117647
Honda,City IDSI,2004,175000,1550000,Petrol,Lahore,Original,Local,Manual,22,7608.695652173913
Daihatsu,Cuore,2010,139535,1050000,Petrol,Lahore,Original,Imported,Manual,16,8207.941176470587
Honda,Civic Prosmetic,2006,129000,1650000,Petrol,Karachi,Original,Local,Automatic,20,6142.857142857143
Hyundai,Santro,2001,150000,700000,Petrol,Sindh,Original,Imported,Manual,25,5769.2307692307695
Suzuki,Wagon R,2019,85000,2650000,Petrol,Lahore,Original,Local,Manual,7,10625.0
Toyota,Corolla XLI,2019,51336,4175000,Petrol,Lahore,Original,Local,Automatic,7,6417.0
Honda,City Aspire,2014,90000,2900000,Petrol,Lahore,Original,Local,Automatic,12,6923.076923076923
Honda,City IVTEC,2016,96545,3150000,Petrol,Lahore,Original,Local,Manual,10,8776.818181818182
Suzuki,Swift,2012,120000,1750000,Petrol,Lahore,Original,Local,Manual,14,8000.0
Honda,City IDSI,2004,123456,1450000,Petrol,Lahore,Original,Local,Manual,22,5367.652173913043
Daihatsu,Mira,2007,162000,1325000,Petrol,Karachi,Original,Imported,Automatic,19,8100.0
Daihatsu,Mira,2015,110000,2525000,Petrol,Sindh,Original,Imported,Automatic,11,9166.666666666666
Honda,City IDSI,2005,200000,1550000,Petrol,Lahore,Original,Local,Manual,21,9090.90909090909
Suzuki,Bolan,2006,292000,640000,Petrol,Sindh,Original,Local,Manual,20,13904.761904761905
Suzuki,Cultus VXR,2013,9999,1290000,Petrol,Lahore,Original,Imported,Manual,13,714.2142857142857
Honda,Civic Prosmetic,2011,145000,2150000,Petrol,Lahore,Original,Imported,Manual,15,9062.5
Suzuki,Cervo,2007,88000,1345000,Petrol,Karachi,Original,Local,Automatic,19,4400.0
Suzuki,Wagon R,2020,64000,2800000,Petrol,Multan,Original,Imported,Automatic,6,9142.857142857143
Toyota,Yaris,2022,54000,4055000,Petrol,Karachi,Original,Local,Manual,4,10800.0
Toyota,Corolla XLI,2008,155000,1925000,Petrol,Lahore,Original,Local,Manual,18,8157.894736842105
Toyota,Corolla XLI,2017,75600,3435000,Petrol,Lahore,Original,Local,Manual,9,7560.0
Honda,Civic Prosmetic,2014,30000,3600000,Petrol,Islamabad,Original,Imported,Automatic,12,2307.6923076923076
Hyundai,Santro,2006,107000,785000,Petrol,Faisalabad,Original,Imported,Manual,20,5095.238095238095
Honda,Civic Prosmetic,2010,150000,2000000,Petrol,Islamabad,Original,Imported,Automatic,16,8823.529411764706
Daihatsu,Cuore,2006,12345,730000,Petrol,Lahore,Original,Imported,Manual,20,587.8571428571429
Honda,City IVTEC,2010,117000,2450000,Petrol,Karachi,Original,Local,Automatic,16,6882.35294117647
Honda,City Aspire,2006,154378,1650000,Petrol,Lahore,Original,Local,Manual,20,7351.333333333333
Daihatsu,Mira,2015,119000,2290000,Petrol,Karachi,Original,Imported,Automatic,11,9916.666666666666
Toyota,Corolla GLI,2019,84000,4600000,Petrol,Multan,Original,Local,Automatic,7,10500.0
Daihatsu,Move,2014,96000,2200000,Petrol,Multan,Original,Imported,Automatic,12,7384.615384615385
Suzuki,Bolan,2021,45030,1735000,CNG,Islamabad,Original,Local,Manual,5,7505.0
Honda,City IDSI,2005,112000,1395000,Petrol,Faisalabad,Original,Imported,Manual,21,5090.909090909091
Suzuki,Wagon R,2019,73000,2260000,Petrol,Lahore,Original,Local,Manual,7,9125.0
Daihatsu,Hijet,2013,120000,1440000,Petrol,Karachi,Original,Imported,Automatic,13,8571.42857142857
Suzuki,Bolan,2017,3360,1380000,Petrol,Rawalpindi,Original,Imported,Manual,9,336.0
Daihatsu,Cuore,2005,12789,540000,Petrol,Karachi,Original,Imported,Manual,21,581.3181818181819
Toyota,Corolla GLI,2008,80000,1499000,Petrol,Karachi,Original,Imported,Manual,18,4210.526315789473
Suzuki,Wagon R,2020,55000,2950000,Petrol,Karachi,Original,Local,Automatic,6,7857.142857142857
Toyota,Corolla GLI,2016,87000,4100000,Petrol,Lahore,Original,Local,Automatic,10,7909.090909090909
Toyota,Corolla GLI,2012,87501,2650000,Petrol,Karachi,Original,Local,Automatic,14,5833.4
Suzuki,Every,2023,89000,2475000,Petrol,Unregistered,Original,Imported,Automatic,3,22250.0
Toyota,Corolla GLI,2014,123000,3325000,Petrol,Lahore,Original,Local,Manual,12,9461.538461538461
Honda,City Aspire,2014,104500,3150000,Petrol,Lahore,Original,Local,Automatic,12,8038.461538461538
Daihatsu,Move,2017,91000,2950000,Petrol,Punjab,Original,Imported,Automatic,9,9100.0
Toyota,Corrolla Altis,2018,88000,4985000,Petrol,Lahore,Original,Local,Automatic,8,9777.777777777777
Honda,City IDSI,2006,198000,1925000,Petrol,Karachi,Original,Local,Manual,20,9428.57142857143
Honda,City IDSI,2006,72000,2200000,Petrol,Lahore,Original,Local,Manual,20,3428.5714285714284
Toyota,Corrolla Altis,2019,64300,4975000,Petrol,Lahore,Original,Local,Automatic,7,8037.5
Toyota,Corolla XLI,2009,113000,1550000,Petrol,Lahore,Original,Imported,Manual,17,6277.777777777777
Honda,Civic Prosmetic,2005,201400,1400000,Petrol,Sindh,Original,Local,Automatic,21,9154.545454545454
Honda,City Vario,2002,100000,730000,Petrol,Karachi,Original,Imported,Automatic,24,4000.0
Suzuki,Alto,2011,88000,900000,Petrol,Karachi,Original,Local,Manual,15,5500.0
Daihatsu,Cuore,2000,15000,650000,Petrol,Lahore,Original,Imported,Manual,26,555.5555555555555
Toyota,Corolla GLI,2008,100000,1750000,Petrol,Islamabad,Original,Local,Manual,18,5263.1578947368425
Suzuki,Cultus VXR,2008,90000,1050000,Petrol,Sindh,Original,Local,Manual,18,4736.8421052631575
Toyota,Passo,2020,9200,4250000,Petrol,Islamabad,Original,Imported,Automatic,6,1314.2857142857142
Suzuki,Cultus VXR,2007,60000,750000,Petrol,Lahore,Original,Local,Manual,19,3000.0
Honda,Civic Oriel,2010,145000,1750000,Petrol,Lahore,Original,Local,Manual,16,8529.411764705883
Toyota,Corolla GLI,2011,170000,2450000,Petrol,Islamabad,Original,Local,Manual,15,10625.0
Suzuki,Mehran VXR,2007,20000,600000,Petrol,Karachi,Original,Imported,Manual,19,1000.0
Suzuki,Cultus VXR,2017,73000,1800000,Petrol,Karachi,Original,Local,Manual,9,7300.0
Honda,City IVTEC,2015,190000,2720000,Petrol,Lahore,Original,Local,Automatic,11,15833.333333333334
Suzuki,Bolan,2015,21854,955000,Petrol,Multan,Original,Imported,Automatic,11,1821.1666666666667
Toyota,Passo,2015,79000,2725000,Petrol,Karachi,Original,Imported,Automatic,11,6583.333333333333
Suzuki,Alto,2019,65000,2075000,Petrol,Lahore,Original,Local,Manual,7,8125.0
Honda,Civic Oriel,2012,185000,2300000,Petrol,Lahore,Original,Local,Manual,14,12333.333333333334
Honda,Civic Oriel,2017,100000,4600000,Petrol,Lahore,Original,Imported,Automatic,9,10000.0
Daihatsu,Cuore,2008,80000,730000,Petrol,Karachi,Original,Local,Manual,18,4210.526315789473
Mitsubishi,Pajero Mini,2008,20000,1100000,Petrol,Lahore,Original,Imported,Automatic,18,1052.6315789473683
Suzuki,Mehran VXR,2003,10000,350000,Petrol,Karachi,Original,Local,Manual,23,416.6666666666667
Mitsubishi,Lancer,2005,180000,1050000,Petrol,Karachi,Original,Imported,Manual,21,8181.818181818182
Toyota,Yaris,2020,35000,3750000,Petrol,Karachi,Original,Local,Manual,6,5000.0
Suzuki,Cultus VXR,2013,75000,1140000,Petrol,Karachi,Original,Local,Manual,13,5357.142857142857
Daihatsu,Cuore,2004,80000,670000,Petrol,Lahore,Original,Local,Manual,22,3478.2608695652175
Suzuki,Cultus VXR,2013,95000,1270000,Petrol,Karachi,Original,Local,Manual,13,6785.714285714285
Suzuki,Wagon R,2019,114500,1970000,Petrol,Karachi,Original,Local,Manual,7,14312.5
Suzuki,Mehran VXR,2019,96000,1500000,Petrol,Lahore,Original,Local,Manual,7,12000.0
Honda,City IVTEC,2022,7600,4580000,Petrol,Lahore,Original,Local,Automatic,4,1520.0
Honda,City IVTEC,2019,76000,4350000,Petrol,Islamabad,Original,Local,Manual,7,9500.0
Toyota,Corolla GLI,2012,60000,2500000,Petrol,Lahore,Original,Local,Manual,14,4000.0
Honda,City IVTEC,2011,117000,2350000,Petrol,Karachi,Original,Local,Automatic,15,7312.5
Suzuki,Alto,2020,26000,3210000,Petrol,Islamabad,Original,Imported,Automatic,6,3714.285714285714
Daihatsu,Mira,2006,133543,1550000,Petrol,Punjab,Original,Imported,Automatic,20,6359.190476190476
Hyundai,Santro,2005,94258,1050000,Petrol,Lahore,Original,Local,Manual,21,4284.454545454545
Suzuki,Cultus VXR,2008,65000,860000,Petrol,Karachi,Original,Local,Manual,18,3421.0526315789475
Suzuki,Mehran VXR,2006,50000,390000,Petrol,Karachi,Original,Local,Manual,20,2380.9523809523807
Honda,Civic Oriel,2002,136589,1295000,Petrol,Karachi,Original,Local,Manual,24,5463.56
Suzuki,Cultus VXR,2006,125000,795000,Petrol,Lahore,Original,Local,Manual,20,5952.380952380952
Suzuki,Wagon R,2018,124000,2299999,Petrol,Islamabad,Original,Local,Manual,8,13777.777777777777
Toyota,Yaris,2021,46500,4200000,Petrol,Punjab,Original,Imported,Automatic,5,7750.0
Toyota,Corolla GLI,2013,95000,2900000,Petrol,Karachi,Original,Local,Automatic,13,6785.714285714285
FAW,X-PV,2016,82600,730000,Petrol,Faisalabad,Original,Local,Manual,10,7509.090909090909
Honda,Civic Oriel,2014,95000,3400000,Petrol,Lahore,Original,Imported,Automatic,12,7307.692307692308
Hyundai,Santro,2003,200000,835000,Petrol,Lahore,Original,Local,Manual,23,8333.333333333334
Daihatsu,Hijet,2013,81500,1590000,Petrol,Karachi,Original,Imported,Automatic,13,5821.428571428572
Suzuki,Cultus VXR,2005,10000,640000,Petrol,Karachi,Original,Local,Manual,21,454.54545454545456
Changan,Alsvin,2021,40000,3350000,Petrol,Karachi,Original,Local,Automatic,5,6666.666666666667
Honda,Civic Oriel,2000,224777,1380000,Petrol,Sindh,Original,Imported,Automatic,26,8325.074074074075
Hyundai,Santro,2003,156000,630000,Petrol,Karachi,Original,Local,Manual,23,6500.0
Daihatsu,Cuore,2006,50000,1000000,Petrol,Lahore,Original,Imported,Automatic,20,2380.9523809523807
Suzuki,Bolan,2008,200000,650000,Petrol,Lahore,Original,Local,Manual,18,10526.315789473685
Hyundai,Santro,2001,12345,750000,Petrol,Islamabad,Original,Imported,Manual,25,474.8076923076923
Suzuki,Ravi,2015,20079,840000,Petrol,Kasur,Original,Imported,Manual,11,1673.25
Suzuki,Bolan,2006,9999,540000,Petrol,Lahore,Original,Imported,Manual,20,476.14285714285717
Suzuki,Mehran VXR,2015,53000,1180000,Petrol,Islamabad,Original,Local,Manual,11,4416.666666666667
Honda,City Aspire,2018,70000,4000000,Petrol,Karachi,Original,Local,Automatic,8,7777.777777777777
Toyota,Corrolla Altis,2006,300000,1750000,Petrol,Lahore,Original,Local,Automatic,20,14285.714285714286
Suzuki,Mehran VXR,2017,36246,1270000,Petrol,Islamabad,Original,Local,Automatic,9,3624.6
Chevrolet,Joy,2009,200000,975000,Petrol,Lahore,Original,Imported,Manual,17,11111.111111111111
Hyundai,Santro,2002,143000,1025000,Petrol,Lahore,Original,Local,Manual,24,5720.0
Suzuki,Cultus VXR,2014,159000,1430000,Petrol,Lahore,Original,Local,Manual,12,12230.76923076923
KIA,Classic,2000,162000,325000,CNG,Karachi,Original,Local,Manual,26,6000.0
Toyota,Corolla GLI,2019,82000,3800000,Petrol,Sindh,Original,Local,Manual,7,10250.0
Toyota,Corrolla Altis,2019,79000,4780000,Petrol,Islamabad,Original,Local,Automatic,7,9875.0
Suzuki,Ravi,2014,50000,790000,Petrol,Islamabad,Original,Local,Manual,12,3846.153846153846
Toyota,Corolla XLI,2010,78600,2250000,Petrol,Karachi,Original,Local,Manual,16,4623.529411764706
Toyota,Corolla XLI,2016,63000,2790000,Petrol,Karachi,Original,Local,Manual,10,5727.272727272727
Suzuki,Baleno,2005,533528,315000,Petrol,Lahore,Original,Local,Automatic,21,24251.272727272728
Daihatsu,Mira,2021,12000,3475000,Petrol,Unregistered,Original,Imported,Automatic,5,2000.0
Suzuki,Cultus VXR,2012,3800,800000,Petrol,Lahore,Original,Imported,Manual,14,253.33333333333334
Suzuki,Baleno,2005,250000,950000,Petrol,Faisalabad,Original,Local,Manual,21,11363.636363636364
Daihatsu,Mira,2014,90000,1880000,Petrol,Karachi,Original,Imported,Automatic,12,6923.076923076923
Honda,City Aspire,2021,38000,3990000,Petrol,Sindh,Original,Local,Automatic,5,6333.333333333333
Suzuki,Mehran VXR,2008,12345,650000,Petrol,Lahore,Original,Local,Manual,18,649.7368421052631
Suzuki,Cultus VXR,2007,12345,775000,Petrol,Karachi,Original,Local,Manual,19,617.25
Honda,Civic Prosmetic,2008,243000,1995000,Petrol,Lahore,Original,Local,Automatic,18,12789.473684210527
Suzuki,Alto,2020,1930,3600000,Petrol,Islamabad,Original,Local,Automatic,6,275.7142857142857
Toyota,Corrolla Altis,2019,79000,4590000,Petrol,Islamabad,Original,Local,Automatic,7,9875.0
Suzuki,Alto,2002,235000,1460000,Petrol,Lahore,Original,Imported,Manual,24,9400.0
Honda,City IVTEC,2015,150000,2750000,Petrol,Islamabad,Original,Local,Manual,11,12500.0
Suzuki,Every,2018,79000,2470000,Petrol,Unregistered,Original,Imported,Automatic,8,8777.777777777777
FAW,X-PV,2019,80000,1270000,Petrol,Lahore,Original,Local,Automatic,7,10000.0
Daihatsu,Mira,2016,98000,2300000,Petrol,Lahore,Original,Imported,Automatic,10,8909.09090909091
Suzuki,Wagon R,2017,113000,2150000,Petrol,Islamabad,Original,Local,Manual,9,11300.0
Toyota,Passo,2007,90000,2300000,Petrol,Islamabad,Original,Imported,Automatic,19,4500.0
Suzuki,Wagon R,2018,110000,2250000,Petrol,Lahore,Original,Local,Manual,8,12222.222222222223
Daihatsu,Hijet,2013,125000,1500000,Petrol,Karachi,Original,Imported,Automatic,13,8928.57142857143
Mitsubishi,Lancer,2004,190000,1300000,CNG,Lahore,Original,Imported,Manual,22,8260.869565217392
Honda,City Aspire,2021,40000,4600000,Petrol,Punjab,Original,Local,Automatic,5,6666.666666666667
Suzuki,Bolan,2013,156532,750000,Petrol,Karachi,Original,Local,Manual,13,11180.857142857143
Honda,City Aspire,2018,82000,3490000,Petrol,Islamabad,Original,Local,Manual,8,9111.111111111111
Honda,City IVTEC,2018,74000,3660000,Petrol,Islamabad,Original,Local,Manual,8,8222.222222222223
Suzuki,Alto,2004,12345,680000,Petrol,Karachi,Original,Local,Manual,22,536.7391304347826
Daihatsu,Move,2007,86000,1650000,Petrol,Lahore,Original,Imported,Automatic,19,4300.0
Suzuki,Swift,2018,87000,2900000,Petrol,Lahore,Original,Local,Automatic,8,9666.666666666666
Suzuki,Alto,2021,25000,2100000,Petrol,Lahore,Original,Local,Manual,5,4166.666666666667
Suzuki,Every,2018,12365,1550000,Petrol,Faisalabad,Original,Imported,Automatic,8,1373.888888888889
Hyundai,Santro,2003,200000,1175000,Petrol,Lahore,Original,Local,Manual,23,8333.333333333334
Hyundai,Santro,2004,99000,745000,Petrol,Karachi,Original,Local,Manual,22,4304.347826086957
Suzuki,Ravi,2018,57211,1230000,Petrol,Rawalpindi,Original,Local,Manual,8,6356.777777777777
Honda,City IVTEC,2019,80000,3500000,Petrol,Lahore,Original,Local,Manual,7,10000.0
Suzuki,Mehran VXR,2004,115000,550000,Petrol,Lahore,Duplicate,Imported,Manual,22,5000.0
Toyota,Corolla XLI,2012,57000,2965000,Petrol,Lahore,Original,Local,Manual,14,3800.0
Suzuki,Every,2017,140000,2390000,Petrol,Lahore,Original,Imported,Automatic,9,14000.0
Honda,Civic Prosmetic,2009,1500,3000000,Petrol,Islamabad,Original,Imported,Automatic,17,83.33333333333333
Honda,Civic Oriel,2017,110000,4600000,Petrol,Lahore,Original,Local,Automatic,9,11000.0
Toyota,Yaris,2020,77898,4150000,Petrol,Punjab,Original,Imported,Manual,6,11128.285714285714
Toyota,Corolla GLI,2006,500000,1670000,Petrol,Karachi,Original,Local,Manual,20,23809.52380952381
Toyota,Yaris,2020,62000,3720000,Petrol,Punjab,Original,Local,Manual,6,8857.142857142857
Honda,City IVTEC,2022,6500,4630000,Petrol,Lahore,Original,Local,Automatic,4,1300.0
Hyundai,Santro,2004,260000,825000,Petrol,Sindh,Original,Imported,Manual,22,11304.347826086956
Mitsubishi,Lancer,2005,276500,1200000,Petrol,Lahore,Original,Imported,Manual,21,12568.181818181818
Daihatsu,Mira,2020,30000,3690000,Petrol,Unregistered,Original,Imported,Automatic,6,4285.714285714285
Suzuki,Cultus VXR,2013,76500,1250000,Petrol,Karachi,Original,Local,Manual,13,5464.285714285715
Daihatsu,Hijet,2016,119000,1950000,Petrol,Karachi,Original,Imported,Automatic,10,10818.181818181818
Toyota,Corolla GLI,2010,12345,2300000,Petrol,Sialkot,Original,Local,Manual,16,726.1764705882352
Honda,City IVTEC,2011,166000,2500000,Petrol,Islamabad,Original,Local,Manual,15,10375.0
Daihatsu,Mira,2016,79000,2385000,Petrol,Lahore,Original,Imported,Automatic,10,7181.818181818182
Suzuki,Mehran VXR,2005,85000,500000,Petrol,Arifwala,Original,Imported,Manual,21,3863.6363636363635
Toyota,Passo,2006,90000,1600000,Petrol,Karachi,Original,Imported,Automatic,20,4285.714285714285
Suzuki,Wagon R,2018,125000,2100000,Petrol,Islamabad,Original,Local,Manual,8,13888.888888888889
Honda,Civic Prosmetic,2011,163000,2350000,Petrol,Karachi,Original,Local,Automatic,15,10187.5
Toyota,Corrolla Altis,2012,141000,3275000,Petrol,Lahore,Original,Local,Automatic,14,9400.0
Daihatsu,Hijet,2012,50000,1280000,Petrol,Lahore,Original,Imported,Automatic,14,3333.3333333333335
Suzuki,Every,2013,105000,1350000,Petrol,Lahore,Original,Imported,Automatic,13,7500.0
Daihatsu,Hijet,2014,1123,1480000,Petrol,Karachi,Original,Imported,Automatic,12,86.38461538461539
Suzuki,Baleno,2003,123456,599000,Petrol,Karachi,Original,Local,Automatic,23,5144.0
Daihatsu,Mira,2015,87000,2650000,Petrol,Sindh,Original,Imported,Automatic,11,7250.0
Suzuki,Every,2013,132000,1780000,Petrol,Lahore,Original,Imported,Manual,13,9428.57142857143
Honda,City IVTEC,2019,80000,3300000,Petrol,Karachi,Original,Local,Manual,7,10000.0
Suzuki,Bolan,2009,39000,950000,Petrol,Lahore,Original,Local,Manual,17,2166.6666666666665
Suzuki,Alto,2010,160000,1095000,Petrol,Islamabad,Original,Local,Manual,16,9411.764705882353
Honda,City Aspire,2020,65000,2050000,Petrol,Karachi,Original,Imported,Manual,6,9285.714285714286
Suzuki,Mehran VXR,2017,69000,1330000,Petrol,Lahore,Original,Local,Manual,9,6900.0
KIA,Picanto,2021,30000,2790000,Petrol,Lahore,Original,Local,Manual,5,5000.0
Honda,City IVTEC,2019,67000,3290000,Petrol,Islamabad,Original,Local,Manual,7,8375.0
Suzuki,Bolan,2011,50000,645000,Petrol,Karachi,Original,Local,Manual,15,3125.0
Mitsubishi,Lancer,2005,321000,1350000,Petrol,Lahore,Original,Local,Manual,21,14590.90909090909
Honda,Civic Oriel,2009,100000,2150000,Petrol,Lahore,Original,Imported,Automatic,17,5555.555555555556
Honda,City IVTEC,2017,60000,3350000,Petrol,Lahore,Original,Imported,Manual,9,6000.0
Daihatsu,Hijet,2016,1000,1185000,Petrol,Islamabad,Original,Imported,Manual,10,90.9090909090909
Suzuki,Mehran VXR,2005,19200,525000,Petrol,Lahore,Original,Local,Manual,21,872.7272727272727
Toyota,Corrolla Altis,2018,185000,4200000,Petrol,Lahore,Original,Local,Automatic,8,20555.555555555555
Suzuki,Cultus VXR,2021,33000,3250000,Petrol,Islamabad,Original,Local,Manual,5,5500.0
Suzuki,Swift,2020,56000,2880000,Petrol,Islamabad,Original,Local,Manual,6,8000.0
Daihatsu,Mira,2016,95000,2200000,Petrol,Sindh,Original,Imported,Automatic,10,8636.363636363636
Toyota,Corolla GLI,2016,200000,3550000,Petrol,Islamabad,Original,Local,Manual,10,18181.81818181818
Toyota,Passo,2018,55000,3350000,Petrol,Karachi,Original,Imported,Automatic,8,6111.111111111111
Changan,Alsvin,2021,27800,3515000,Petrol,Lahore,Original,Local,Manual,5,4633.333333333333
Suzuki,Bolan,2010,76000,740000,Petrol,Karachi,Original,Local,Manual,16,4470.588235294118
Honda,Civic Oriel,2000,12345,1045000,Petrol,Karachi,Original,Local,Automatic,26,457.22222222222223
Honda,City IVTEC,2018,57000,3360000,Petrol,Karachi,Original,Local,Automatic,8,6333.333333333333
Suzuki,Swift,2010,157000,1670000,Petrol,Karachi,Original,Local,Automatic,16,9235.29411764706
Hyundai,Santro,2006,123521,798000,Petrol,Lahore,Original,Local,Manual,20,5881.952380952381
Daihatsu,Cuore,2012,60000,960000,CNG,Karachi,Original,Local,Manual,14,4000.0
Suzuki,Alto,2020,61130,2525000,Petrol,Islamabad,Original,Local,Automatic,6,8732.857142857143
Daihatsu,Cuore,2005,100000,650000,Petrol,Karachi,Original,Imported,Manual,21,4545.454545454545
KIA,Sportage,2006,150000,2800000,Petrol,Karachi,Original,Imported,Automatic,20,7142.857142857143
Toyota,Corolla XLI,2007,189900,850000,Petrol,Lahore,Original,Local,Manual,19,9495.0
Toyota,Passo,2007,140000,1650000,Petrol,Karachi,Original,Imported,Automatic,19,7000.0
Suzuki,Ravi,2023,4000,2000000,Petrol,Islamabad,Original,Local,Manual,3,1000.0
Suzuki,Baleno,2003,158624,760000,Petrol,Karachi,Original,Local,Manual,23,6609.333333333333
Mitsubishi,Lancer,2007,106414,1750000,Petrol,Karachi,Original,Imported,Automatic,19,5320.7
Suzuki,Alto,2007,125500,620000,CNG,Karachi,Original,Local,Manual,19,6275.0
Suzuki,Bolan,2021,62000,1850000,Petrol,Islamabad,Original,Local,Manual,5,10333.333333333334
Suzuki,Mehran VXR,2017,65000,1175000,Petrol,Lahore,Original,Local,Manual,9,6500.0
Toyota,Corolla GLI,2017,57000,4200000,Petrol,Lahore,Original,Local,Automatic,9,5700.0
Daihatsu,Cuore,2012,60000,1850000,Petrol,Sindh,Original,Local,Automatic,14,4000.0
Daihatsu,Cuore,2006,10000,1250000,Petrol,Lahore,Original,Local,Manual,20,476.1904761904762
Honda,City Aspire,2013,170000,2750000,Petrol,Islamabad,Original,Local,Manual,13,12142.857142857143
Suzuki,Bolan,2005,111111,580000,Petrol,Sialkot,Original,Local,Manual,21,5050.5
Daihatsu,Mira,2007,100000,1620000,Petrol,Karachi,Original,Imported,Automatic,19,5000.0
Toyota,Corolla GLI,2016,101000,4025000,Petrol,Islamabad,Original,Local,Automatic,10,9181.818181818182
FAW,X-PV,2015,72597,1600000,Petrol,Rawalpindi,Original,Local,Manual,11,6049.75
Suzuki,Alto,2021,45000,2240000,Petrol,Bahawalpur,Original,Local,Manual,5,7500.0
Honda,City IVTEC,2015,85000,2980000,Petrol,Lahore,Original,Local,Manual,11,7083.333333333333
Toyota,Yaris,2021,55700,4300000,Petrol,Karachi,Original,Local,Automatic,5,9283.333333333334
KIA,Picanto,2022,22000,3100000,Petrol,Karachi,Original,Imported,Automatic,4,4400.0
Honda,City IVTEC,2016,159000,2750000,Petrol,Lahore,Original,Local,Manual,10,14454.545454545454
Suzuki,Bolan,2006,59421,665000,Petrol,Lahore,Original,Local,Automatic,20,2829.5714285714284
FAW,X-PV,2019,9862,975000,Petrol,Lahore,Original,Local,Manual,7,1232.75
Honda,City IDSI,2006,188000,1720000,Petrol,Lahore,Original,Local,Manual,20,8952.380952380952
Suzuki,Alto,2008,100000,780000,Petrol,Karachi,Original,Local,Manual,18,5263.1578947368425
Suzuki,Every,2018,46000,2750000,Petrol,Unregistered,Original,Imported,Automatic,8,5111.111111111111
Suzuki,Wagon R,2020,52800,2650000,Petrol,Lahore,Original,Local,Manual,6,7542.857142857143
Suzuki,Cultus VXR,2007,81530,850000,Petrol,Lahore,Original,Local,Manual,19,4076.5
Chevrolet,Exclusive,2005,153804,780000,Petrol,Lahore,Original,Imported,Manual,21,6991.090909090909
Daihatsu,Mira,2012,100000,1290000,Petrol,Lahore,Original,Imported,Manual,14,6666.666666666667
Toyota,Altis Grande,2016,113000,4150000,Petrol,Lahore,Original,Local,Automatic,10,10272.727272727272
Suzuki,Alto,2013,87000,1890000,Petrol,Karachi,Original,Imported,Automatic,13,6214.285714285715
Suzuki,Cultus VXR,2005,85000,900000,Petrol,Islamabad,Original,Local,Manual,21,3863.6363636363635
Suzuki,Mehran VXR,2017,60000,1260000,Petrol,Lahore,Original,Local,Manual,9,6000.0
Honda,City Aspire,2016,120000,3350000,Petrol,Lahore,Original,Local,Automatic,10,10909.09090909091
Changan,Alsvin,2022,15000,4500000,Petrol,Punjab,Original,Imported,Automatic,4,3000.0
Toyota,Corrolla Altis,2005,125000,1465000,Petrol,Karachi,Original,Local,Automatic,21,5681.818181818182
Toyota,Corolla Axio,2016,86500,4990000,Hybrid,Karachi,Original,Imported,Automatic,10,7863.636363636364
Suzuki,Alto,2020,45000,2225000,Petrol,Karachi,Original,Local,Manual,6,6428.571428571428
Suzuki,Cultus VXR,2014,50000,1350000,Petrol,Karachi,Original,Local,Manual,12,3846.153846153846
Mitsubishi,Ek Wagon,2017,60000,2800000,Petrol,Punjab,Original,Imported,Automatic,9,6000.0
Changan,Alsvin,2021,15500,4025000,Petrol,Punjab,Original,Imported,Automatic,5,2583.3333333333335
Toyota,Corolla XLI,2014,180000,2480000,Petrol,Lahore,Original,Local,Manual,12,13846.153846153846
Suzuki,Alto,2004,28000,490000,Petrol,Sindh,Original,Local,Manual,22,1217.391304347826
Daihatsu,Mira,2014,110000,2625000,Petrol,Punjab,Original,Imported,Automatic,12,8461.538461538461
Honda,City IVTEC,2017,75000,3250000,Petrol,Karachi,Original,Local,Automatic,9,7500.0
KIA,Classic,2000,168000,590000,Petrol,Rawalpindi,Original,Imported,Manual,26,6222.222222222223
Daihatsu,Move,2012,9000,1875000,Petrol,Lahore,Original,Imported,Automatic,14,600.0
Toyota,Corolla GLI,2018,80000,3750000,Petrol,Karachi,Original,Local,Manual,8,8888.888888888889
Toyota,Corolla GLI,2010,150000,2050000,Petrol,Karachi,Original,Local,Manual,16,8823.529411764706
Chevrolet,Exclusive,2005,10000,750000,Petrol,Lahore,Original,Imported,Manual,21,454.54545454545456
Suzuki,Mehran VXR,2009,49000,685000,Petrol,Karachi,Original,Local,Manual,17,2722.222222222222
Toyota,Yaris,2022,39000,3900000,Petrol,Punjab,Original,Local,Manual,4,7800.0
Honda,City Vario,2004,57000,1050000,Petrol,Karachi,Original,Local,Manual,22,2478.2608695652175
Daihatsu,Move,2020,61000,3420000,Petrol,Unregistered,Original,Imported,Automatic,6,8714.285714285714
Daihatsu,Mira,2019,57000,3100000,Petrol,Unregistered,Original,Imported,Automatic,7,7125.0
Honda,City IVTEC,2019,58000,3500000,Petrol,Lahore,Original,Local,Manual,7,7250.0
Honda,Civic Oriel,2015,82000,3750000,Petrol,Karachi,Original,Local,Automatic,11,6833.333333333333
Toyota,Corolla XLI,2006,347000,1580000,CNG,Sindh,Original,Imported,Manual,20,16523.809523809523
Daihatsu,Cuore,2010,120000,950000,Petrol,Faisalabad,Original,Local,Manual,16,7058.823529411765
Honda,City IVTEC,2015,86000,2750000,Petrol,Karachi,Original,Local,Manual,11,7166.666666666667
Daihatsu,Mira,2015,55381,2500000,Petrol,Lahore,Original,Imported,Automatic,11,4615.083333333333
Honda,City IDSI,2000,1111,750000,Petrol,Karachi,Original,Local,Manual,26,41.148148148148145
Daihatsu,Cuore,2005,12345,880000,Petrol,Lahore,Original,Imported,Manual,21,561.1363636363636
Honda,Civic Prosmetic,2007,180763,1890000,Petrol,Karachi,Original,Imported,Automatic,19,9038.15
Suzuki,Swift,2022,9000,4000000,Petrol,Lahore,Original,Local,Manual,4,1800.0
Daihatsu,Hijet,2018,99800,1540000,Petrol,Karachi,Original,Imported,Manual,8,11088.888888888889
Honda,City IVTEC,2006,78659,1990000,Petrol,Karachi,Original,Imported,Automatic,20,3745.6666666666665
Suzuki,Bolan,2015,22000,1325000,Petrol,Islamabad,Original,Local,Manual,11,1833.3333333333333
Honda,City IVTEC,2016,84000,2475000,Petrol,Karachi,Original,Local,Manual,10,7636.363636363636
Daihatsu,Cuore,2010,204000,1100000,Petrol,Lahore,Original,Local,Manual,16,12000.0
Honda,Civic Oriel,2005,190000,1470000,Petrol,Peshawar,Original,Imported,Manual,21,8636.363636363636
Toyota,Corrolla Altis,2013,100000,3650000,Petrol,Islamabad,Original,Local,Automatic,13,7142.857142857143
Suzuki,Alto,2012,66000,1075000,Petrol,Karachi,Original,Local,Manual,14,4400.0
Honda,City IVTEC,2015,108650,2800000,Petrol,Lahore,Original,Local,Manual,11,9054.166666666666
Honda,City Aspire,2018,75000,3850000,Petrol,Lahore,Original,Local,Automatic,8,8333.333333333334
Suzuki,Mehran VXR,2017,46000,1375000,Petrol,Lahore,Original,Local,Manual,9,4600.0
Toyota,Passo,2009,100000,2300000,Petrol,Lahore,Original,Imported,Automatic,17,5555.555555555556
Toyota,Yaris,2020,24000,4500000,Petrol,Karachi,Original,Local,Automatic,6,3428.5714285714284
Mercedes,C Class,2008,110000,4875000,Petrol,Islamabad,Original,Imported,Automatic,18,5789.473684210527
Suzuki,Every,2021,63000,2190000,Petrol,Punjab,Original,Imported,Automatic,5,10500.0
Suzuki,Bolan,2007,10000,450000,Petrol,Karachi,Original,Local,Manual,19,500.0
Honda,City IDSI,2006,200000,1380000,Petrol,Lahore,Original,Local,Manual,20,9523.809523809523
Daihatsu,Hijet,2013,130000,1375000,Petrol,Karachi,Original,Imported,Automatic,13,9285.714285714286
Honda,City Vario,2005,114852,1425000,Petrol,Karachi,Original,Local,Automatic,21,5220.545454545455
Mitsubishi,Lancer,2005,150000,950000,Petrol,Punjab,Duplicate,Imported,Manual,21,6818.181818181818
Toyota,Corolla GLI,2018,56300,4100000,Petrol,Lahore,Original,Local,Manual,8,6255.555555555556
Suzuki,Cultus VXR,2014,34000,1650000,Petrol,Karachi,Original,Local,Manual,12,2615.3846153846152
Daihatsu,Cuore,2007,167000,680000,Petrol,Karachi,Original,Local,Manual,19,8350.0
Daihatsu,Cuore,2006,123456,650000,Petrol,Sindh,Original,Imported,Manual,20,5878.857142857143
Suzuki,Bolan,2016,125000,975000,Petrol,Karachi,Original,Local,Manual,10,11363.636363636364
Suzuki,Alto,2020,72000,2500000,Petrol,Islamabad,Original,Local,Automatic,6,10285.714285714286
Suzuki,Alto,2019,28000,3500000,Petrol,Sindh,Original,Imported,Automatic,7,3500.0
Daihatsu,Mira,2015,87500,2595000,Petrol,Karachi,Original,Imported,Automatic,11,7291.666666666667
Honda,Civic Oriel,2003,123456,1150000,Petrol,Karachi,Original,Local,Manual,23,5144.0
Daihatsu,Cuore,2005,100000,580000,Petrol,Karachi,Original,Local,Manual,21,4545.454545454545
Suzuki,Wagon R,2012,98000,1950000,Petrol,Lahore,Original,Imported,Automatic,14,6533.333333333333
Honda,City IVTEC,2018,120000,3150000,Petrol,Lahore,Original,Local,Manual,8,13333.333333333334
Mitsubishi,Lancer,2005,250000,1600000,Petrol,Jhang Sadar,Original,Local,Manual,21,11363.636363636364
Honda,City Vario,2005,230000,1815000,Petrol,Lahore,Original,Local,Automatic,21,10454.545454545454
Honda,City Aspire,2014,94000,2875000,Petrol,Sindh,Original,Local,Automatic,12,7230.7692307692305
Honda,City Vario,2006,1234,1625000,Petrol,Karachi,Original,Local,Automatic,20,58.76190476190476
Suzuki,Alto,2011,158000,1650000,Petrol,Karachi,Original,Imported,Manual,15,9875.0
Suzuki,Baleno,2000,111111,950000,Petrol,Lahore,Original,Imported,Manual,26,4115.222222222223
Suzuki,Bolan,2005,50000,650000,Petrol,Lahore,Original,Local,Manual,21,2272.7272727272725
Hyundai,Santro,2006,150000,850000,Petrol,Faisalabad,Original,Local,Manual,20,7142.857142857143
Toyota,Corolla XLI,2010,174000,2050000,Petrol,Lahore,Original,Local,Manual,16,10235.29411764706
KIA,Picanto,2022,7000,3350000,Petrol,Lahore,Original,Local,Automatic,4,1400.0
Suzuki,Swift,2022,6000,4700000,Petrol,Karachi,Original,Local,Automatic,4,1200.0
Suzuki,Bolan,2012,15000,585000,Petrol,Lahore,Original,Local,Manual,14,1000.0
Daihatsu,Cuore,2010,150000,965000,Petrol,Lahore,Original,Local,Manual,16,8823.529411764706
Hyundai,Santro,2008,1234,1020000,Petrol,Lahore,Original,Local,Manual,18,64.94736842105263
Toyota,Corolla GLI,2014,165000,3200000,Petrol,Islamabad,Original,Imported,Manual,12,12692.307692307691
Suzuki,Baleno,2004,96990,1150000,Petrol,Islamabad,Original,Local,Manual,22,4216.95652173913
Honda,City Aspire,2021,54000,3950000,Petrol,Karachi,Original,Local,Automatic,5,9000.0
Suzuki,Alto,2022,45000,2400000,Petrol,Karachi,Original,Local,Manual,4,9000.0
Toyota,Corolla GLI,2019,30000,5000000,Petrol,Islamabad,Original,Local,Automatic,7,3750.0
Suzuki,Bolan,2007,60000,700000,Petrol,Karachi,Original,Imported,Manual,19,3000.0
Mercedes,E Class,2000,165000,2800000,Petrol,Karachi,Original,Imported,Automatic,26,6111.111111111111
Daihatsu,Move,2010,60000,2000000,Petrol,Lahore,Original,Imported,Automatic,16,3529.4117647058824
Daihatsu,Cuore,2009,12345,700000,Petrol,Karachi,Original,Imported,Manual,17,685.8333333333334
Honda,City IVTEC,2014,115000,2525000,Petrol,Karachi,Original,Local,Manual,12,8846.153846153846
KIA,Sportage,2003,123456,922000,Petrol,Karachi,Original,Local,Automatic,23,5144.0
Honda,Civic Oriel,2000,57000,1360000,Petrol,Lahore,Original,Imported,Manual,26,2111.1111111111113
Daihatsu,Mira,2004,125000,1250000,Petrol,Lahore,Original,Imported,Automatic,22,5434.782608695652
Suzuki,Mehran VXR,2015,120000,1300000,Petrol,Islamabad,Original,Local,Manual,11,10000.0
Suzuki,Alto,2020,60500,2550000,Petrol,Islamabad,Original,Local,Automatic,6,8642.857142857143
Suzuki,Wagon R,2020,58000,2450000,Petrol,Multan,Original,Local,Manual,6,8285.714285714286
Toyota,Yaris,2020,38000,4000000,Petrol,Karachi,Original,Local,Automatic,6,5428.571428571428
Toyota,Corrolla Altis,2019,154000,4900000,Petrol,Lahore,Original,Local,Automatic,7,19250.0
Toyota,Passo,2004,110000,1725000,Petrol,Islamabad,Original,Imported,Automatic,22,4782.608695652174
Suzuki,Alto,2020,52000,2500000,Petrol,Faisalabad,Original,Local,Automatic,6,7428.571428571428
Honda,Civic Prosmetic,2017,116000,5000000,Petrol,Sindh,Original,Local,Automatic,9,11600.0
Honda,Civic Oriel,2016,76000,3750000,Petrol,Sindh,Original,Local,Automatic,10,6909.090909090909
Daihatsu,Cuore,2011,100000,1375000,Petrol,Lahore,Original,Imported,Manual,15,6250.0
Honda,City IVTEC,2020,174000,3650000,Petrol,Lahore,Original,Local,Automatic,6,24857.14285714286
Honda,Civic Prosmetic,2011,143000,2300000,Petrol,Lahore,Original,Local,Automatic,15,8937.5
Toyota,Corrolla Altis,2015,180000,3480000,Petrol,Sindh,Original,Local,Automatic,11,15000.0
Daihatsu,Cuore,2008,180000,1060000,Petrol,Karachi,Original,Imported,Automatic,18,9473.684210526315
Suzuki,Bolan,2011,100000,550000,Petrol,Lahore,Original,Imported,Manual,15,6250.0
Honda,City Vario,2005,88000,1795000,Petrol,Lahore,Original,Local,Automatic,21,4000.0
Toyota,Yaris,2021,18000,4700000,Petrol,Islamabad,Original,Local,Automatic,5,3000.0
Suzuki,Swift,2011,149000,1525000,Petrol,Lahore,Original,Local,Manual,15,9312.5
Suzuki,Ravi,2011,108000,550000,CNG,Karachi,Original,Local,Manual,15,6750.0
Suzuki,Mehran VXR,2010,160000,680000,Petrol,Sindh,Original,Local,Manual,16,9411.764705882353
Suzuki,Bolan,2021,70000,1900000,Petrol,Islamabad,Original,Local,Manual,5,11666.666666666666
Suzuki,Wagon R,2018,59820,2350000,Petrol,Faisalabad,Original,Local,Manual,8,6646.666666666667
Toyota,Corolla GLI,2014,24000,4400000,Petrol,Islamabad,Original,Imported,Manual,12,1846.1538461538462
Honda,City Aspire,2014,185000,2900000,Petrol,Lahore,Original,Local,Automatic,12,14230.76923076923
Honda,City Aspire,2021,34000,4800000,Petrol,Lahore,Original,Local,Automatic,5,5666.666666666667
Chevrolet,Exclusive,2003,170996,690000,Petrol,Lahore,Original,Local,Manual,23,7124.833333333333
Daihatsu,Mira,2014,80000,2150000,Petrol,Karachi,Original,Imported,Automatic,12,6153.846153846154
Hyundai,Santro,2001,125555,575000,Petrol,Lahore,Original,Imported,Manual,25,4829.038461538462
Honda,Civic Prosmetic,2012,126000,3050000,Petrol,Islamabad,Original,Local,Automatic,14,8400.0
Daihatsu,Hijet,2017,124563,1150000,Petrol,Karachi,Original,Imported,Automatic,9,12456.3
Honda,City IVTEC,2015,140000,2700000,Petrol,Karachi,Original,Local,Manual,11,11666.666666666666
Honda,City IVTEC,2017,65000,3200000,Petrol,Karachi,Original,Local,Manual,9,6500.0
Honda,Civic Prosmetic,2016,89000,4480000,Petrol,Islamabad,Original,Local,Automatic,10,8090.909090909091
Honda,City IVTEC,2017,90000,3350000,Petrol,Lahore,Original,Local,Manual,9,9000.0
Daihatsu,Hijet,2014,120000,1700000,Petrol,Karachi,Original,Imported,Automatic,12,9230.76923076923
Toyota,Corolla XLI,2023,99000,2450000,Petrol,Rawalpindi,Original,Imported,Manual,3,24750.0
Suzuki,Alto,2018,60000,620000,Petrol,Islamabad,Duplicate,Imported,Automatic,8,6666.666666666667
KIA,Classic,2003,50000,315000,Petrol,Karachi,Original,Imported,Manual,23,2083.3333333333335
Daihatsu,Mira,2012,130000,2280000,Petrol,Lahore,Original,Imported,Automatic,14,8666.666666666666
Suzuki,Mehran VXR,2015,37000,1290000,Petrol,Lahore,Original,Local,Manual,11,3083.3333333333335
Suzuki,Bolan,2011,123456,690000,Petrol,Lahore,Original,Local,Manual,15,7716.0
Honda,Civic Oriel,2017,79000,4550000,Petrol,Islamabad,Original,Local,Automatic,9,7900.0
Honda,City IDSI,2005,128000,1340000,Petrol,Karachi,Original,Local,Automatic,21,5818.181818181818
Daihatsu,Mira,2015,92000,2290000,Petrol,Islamabad,Original,Imported,Automatic,11,7666.666666666667
Toyota,Passo,2006,12345,1850000,Petrol,Islamabad,Original,Imported,Automatic,20,587.8571428571429
Suzuki,Baleno,2006,150000,1025000,Petrol,Lahore,Original,Local,Manual,20,7142.857142857143
Suzuki,Wagon R,2022,11000,3070000,Petrol,Lahore,Original,Local,Manual,4,2200.0
Daihatsu,Cuore,2008,98000,815000,Petrol,Karachi,Original,Local,Manual,18,5157.894736842105
Suzuki,Mehran VXR,2016,100000,820000,Petrol,Dera Ghazi Khan,Original,Local,Manual,10,9090.90909090909
Toyota,Corolla XLI,2017,102000,3250000,Petrol,Lahore,Original,Imported,Manual,9,10200.0
Honda,Civic Prosmetic,2004,103886,1440000,Petrol,Karachi,Original,Local,Automatic,22,4516.782608695652
Toyota,Yaris,2023,8800,4200000,Petrol,Karachi,Original,Local,Manual,3,2200.0
Daihatsu,Move,2015,63900,2550000,Petrol,Lahore,Original,Imported,Automatic,11,5325.0
Toyota,Corrolla Altis,2007,24584,1400000,Petrol,Lahore,Original,Local,Manual,19,1229.2
Suzuki,Baleno,2002,195000,950000,Petrol,Sahiwal,Original,Local,Manual,24,7800.0
Suzuki,Wagon R,2020,36000,2400000,Petrol,Lahore,Original,Local,Manual,6,5142.857142857143
Honda,Civic Prosmetic,2011,70000,2150000,Petrol,Karachi,Original,Local,Automatic,15,4375.0
Honda,City IVTEC,2011,118000,2430000,Petrol,Lahore,Original,Local,Manual,15,7375.0
Mitsubishi,Lancer,2006,154000,1700000,Petrol,Islamabad,Original,Imported,Automatic,20,7333.333333333333
Toyota,Corolla XLI,2019,147000,3000000,Petrol,Lahore,Original,Local,Manual,7,18375.0
Mitsubishi,Lancer,2006,105000,1650000,Petrol,Islamabad,Duplicate,Local,Manual,20,5000.0
FAW,V2,2014,95000,1250000,Petrol,Lahore,Original,Local,Manual,12,7307.692307692308
Suzuki,Ravi,2017,60585,1185000,Petrol,Rawalpindi,Original,Local,Manual,9,6058.5
Suzuki,Cultus VXR,2005,25000,890000,Petrol,Lahore,Original,Local,Manual,21,1136.3636363636363
Hyundai,Santro,2005,11224,725000,Petrol,Karachi,Original,Local,Manual,21,510.1818181818182
Hyundai,Santro,2007,175000,980000,Petrol,Lahore,Original,Imported,Manual,19,8750.0
Daihatsu,Hijet,2011,55000,1400000,Petrol,Karachi,Original,Imported,Automatic,15,3437.5
Toyota,Corolla XLI,2012,150000,2199000,Petrol,Lahore,Original,Local,Manual,14,10000.0
Chevrolet,Joy,2006,87000,755000,Petrol,Karachi,Original,Local,Automatic,20,4142.857142857143
Toyota,Altis Grande,2015,96000,3525000,Petrol,Karachi,Original,Local,Automatic,11,8000.0
Honda,Civic Prosmetic,2011,100000,2425000,Petrol,Sialkot,Original,Local,Automatic,15,6250.0
Changan,Karvaan,2021,65200,2150000,Petrol,Karachi,Original,Local,Manual,5,10866.666666666666
Honda,City Aspire,2005,124178,1500000,Petrol,Lahore,Original,Imported,Automatic,21,5644.454545454545
Daihatsu,Cuore,2006,26868,630000,Petrol,Karachi,Original,Imported,Manual,20,1279.4285714285713
Toyota,Corolla XLI,2012,151000,2580000,Petrol,Lahore,Original,Local,Manual,14,10066.666666666666
Honda,City IVTEC,2016,103400,3100000,Petrol,Lahore,Original,Local,Automatic,10,9400.0
Suzuki,Alto,2006,117000,630000,Petrol,Karachi,Original,Local,Manual,20,5571.428571428572
Suzuki,Bolan,2015,105000,785000,Petrol,Lahore,Original,Local,Manual,11,8750.0
Daihatsu,Mira,2016,199658,2500000,Petrol,Punjab,Original,Imported,Automatic,10,18150.727272727272
Honda,City IVTEC,2019,94000,3660000,Petrol,Lahore,Original,Local,Manual,7,11750.0
Suzuki,Alto,2020,78426,2100000,Petrol,Sindh,Original,Local,Manual,6,11203.714285714286
Suzuki,Baleno,2003,226000,950000,Petrol,Faisalabad,Original,Local,Manual,23,9416.666666666666
Suzuki,Swift,2013,75000,1600000,Petrol,Karachi,Original,Imported,Manual,13,5357.142857142857
Suzuki,Every,2012,118000,1990000,Petrol,Islamabad,Original,Imported,Automatic,14,7866.666666666667
Daihatsu,Move,2011,99000,2200000,Petrol,Lahore,Original,Imported,Automatic,15,6187.5
Toyota,Corrolla Altis,2016,109000,4100000,Petrol,Lahore,Original,Local,Automatic,10,9909.09090909091
Changan,Karvaan,2021,11800,2450000,Petrol,Lahore,Original,Local,Manual,5,1966.6666666666667
Daihatsu,Terios Kid,2003,190000,1350000,Petrol,Karachi,Original,Imported,Automatic,23,7916.666666666667
Daihatsu,Hijet,2009,115000,1250000,Petrol,Karachi,Original,Imported,Automatic,17,6388.888888888889
Honda,City Aspire,2020,43000,4400000,Petrol,Lahore,Original,Local,Automatic,6,6142.857142857143
Daihatsu,Mira,2016,211000,2485000,Petrol,Lahore,Original,Imported,Automatic,10,19181.81818181818
Toyota,Corolla XLI,2018,85800,3850000,Petrol,Karachi,Original,Local,Automatic,8,9533.333333333334
Toyota,Corolla XLI,2010,200000,2000000,Petrol,Islamabad,Original,Local,Manual,16,11764.70588235294
Suzuki,Bolan,2000,100000,475000,Petrol,Sindh,Duplicate,Local,Manual,26,3703.703703703704
Hyundai,Santro,2006,146000,945000,Petrol,Lahore,Original,Imported,Manual,20,6952.380952380952
Honda,City IVTEC,2015,113000,2700000,Petrol,Karachi,Original,Local,Manual,11,9416.666666666666
Honda,City IVTEC,2022,16000,4000000,Petrol,Unregistered,Original,Local,Manual,4,3200.0
Suzuki,Cultus VXR,2018,92000,2275000,Petrol,Lahore,Original,Local,Manual,8,10222.222222222223
Suzuki,Wagon R,2019,62000,2400000,Petrol,Islamabad,Original,Local,Manual,7,7750.0
Honda,City IVTEC,2014,125000,2900000,Petrol,Islamabad,Original,Local,Manual,12,9615.384615384615
Toyota,Corolla GLI,2017,121000,3650000,Petrol,Lahore,Original,Local,Manual,9,12100.0
Mercedes,E Class,2005,140000,4100000,Petrol,Islamabad,Original,Imported,Automatic,21,6363.636363636364
Hyundai,Santro,2002,222222,700000,Petrol,Lahore,Original,Imported,Manual,24,8888.88
Suzuki,Bolan,2020,28000,1550000,Petrol,Lahore,Original,Local,Manual,6,4000.0
Toyota,Yaris,2021,47000,3700000,Petrol,Karachi,Original,Local,Manual,5,7833.333333333333
Suzuki,Mehran VXR,2017,70000,1250000,Petrol,Sindh,Original,Local,Manual,9,7000.0
Suzuki,Every,2022,12345,2350000,Petrol,Lahore,Original,Imported,Automatic,4,2469.0
Honda,City IVTEC,2018,125000,3650000,Petrol,Lahore,Original,Imported,Automatic,8,13888.888888888889
Mitsubishi,Lancer,2005,200000,1200000,Petrol,Multan,Original,Imported,Automatic,21,9090.90909090909
Honda,City IVTEC,2013,118500,2575000,Petrol,Karachi,Original,Local,Manual,13,8464.285714285714
Suzuki,Swift,2022,10000,4225000,Petrol,Punjab,Original,Local,Automatic,4,2000.0
Toyota,Corolla GLI,2011,108000,3100000,Petrol,Lahore,Original,Local,Automatic,15,6750.0
Honda,City IDSI,2004,236000,1720000,Petrol,Rawalpindi,Original,Local,Automatic,22,10260.869565217392
Suzuki,Swift,2022,23000,4050000,Petrol,Karachi,Original,Local,Automatic,4,4600.0
Mitsubishi,Lancer,2007,150000,1380000,Petrol,Karachi,Original,Imported,Automatic,19,7500.0
FAW,X-PV,2019,77000,1190000,Petrol,Islamabad,Original,Local,Manual,7,9625.0
Suzuki,Wagon R,2017,125000,1790000,Petrol,Punjab,Original,Local,Manual,9,12500.0
Suzuki,Cultus VXR,2016,85000,1675000,Petrol,Karachi,Original,Local,Manual,10,7727.272727272727
Honda,City IDSI,2003,90000,1500000,Petrol,Sindh,Original,Imported,Manual,23,3750.0
Suzuki,Alto,2011,99999,790000,Petrol,Karachi,Original,Local,Manual,15,6249.9375
Honda,Civic Prosmetic,2006,150000,1600000,Petrol,Lahore,Original,Local,Automatic,20,7142.857142857143
Toyota,Altis Grande,2017,77500,4850000,Petrol,Lahore,Original,Local,Automatic,9,7750.0
Honda,Civic Prosmetic,2001,250000,1000000,Petrol,Karachi,Original,Local,Automatic,25,9615.384615384615
Hyundai,Santro,2000,20000,575000,Petrol,Faisalabad,Original,Local,Manual,26,740.7407407407408
Suzuki,Ravi,2007,50000,440000,Petrol,Sindh,Original,Local,Manual,19,2500.0
Toyota,Corolla GLI,2019,85000,4550000,Petrol,Lahore,Original,Local,Automatic,7,10625.0
Honda,City IVTEC,2019,96000,3850000,Petrol,Islamabad,Original,Local,Manual,7,12000.0
Daihatsu,Cuore,2009,93000,1235000,Petrol,Lahore,Original,Local,Automatic,17,5166.666666666667
Chevrolet,Joy,2006,150000,575000,Petrol,Rahimyar Khan,Original,Imported,Manual,20,7142.857142857143
KIA,Picanto,2020,35000,2580000,Petrol,Karachi,Original,Local,Automatic,6,5000.0
Honda,City IDSI,2006,145000,1600000,Petrol,Lahore,Original,Local,Manual,20,6904.761904761905
Daihatsu,Hijet,2017,42000,1950000,Petrol,Karachi,Original,Imported,Automatic,9,4200.0
Daihatsu,Terios Kid,2006,112000,1585000,Petrol,Karachi,Original,Imported,Automatic,20,5333.333333333333
Toyota,Corolla GLI,2010,167000,2190000,Petrol,Lahore,Original,Local,Manual,16,9823.529411764706
Toyota,Corolla GLI,2003,123456,1950000,Petrol,Islamabad,Original,Local,Automatic,23,5144.0
Suzuki,Swift,2012,118000,1670000,Petrol,Lahore,Original,Local,Manual,14,7866.666666666667
Honda,Civic Oriel,2019,122000,4900000,Petrol,Punjab,Original,Local,Automatic,7,15250.0
Daihatsu,Hijet,2010,95000,1590000,Petrol,Karachi,Original,Imported,Automatic,16,5588.235294117647
Daihatsu,Move,2018,52000,2550000,Petrol,Lahore,Original,Imported,Automatic,8,5777.777777777777
FAW,X-PV,2019,153000,1050000,Petrol,Lahore,Original,Local,Manual,7,19125.0
Chevrolet,Joy,2008,160000,950000,Petrol,Lahore,Original,Imported,Manual,18,8421.052631578947
Honda,City Aspire,2018,50000,4200000,Petrol,Islamabad,Original,Local,Automatic,8,5555.555555555556
Honda,Civic Oriel,2007,132000,1950000,Petrol,Lahore,Original,Imported,Manual,19,6600.0
Honda,City IVTEC,2018,83000,3800000,Petrol,Lahore,Original,Local,Automatic,8,9222.222222222223
Suzuki,Cultus VXR,2020,22000,3000000,Petrol,Punjab,Original,Local,Manual,6,3142.8571428571427
Suzuki,Bolan,2015,50000,950000,Petrol,Karachi,Original,Local,Manual,11,4166.666666666667
Suzuki,Bolan,2016,80000,955000,Petrol,Rawalpindi,Original,Imported,Manual,10,7272.727272727273
Honda,City IVTEC,2016,85000,2950000,Petrol,Lahore,Original,Local,Manual,10,7727.272727272727
Hyundai,Santro,2004,110000,750000,CNG,Sindh,Original,Imported,Manual,22,4782.608695652174
Toyota,Corolla GLI,2009,170000,1950000,Petrol,Lahore,Original,Local,Manual,17,9444.444444444445
Suzuki,Wagon R,2019,60000,2300000,Petrol,Karachi,Original,Local,Manual,7,7500.0
Toyota,Corolla GLI,2012,123654,3000000,Petrol,Peshawar,Original,Local,Manual,14,8243.6
Suzuki,Every,2019,177272,1900000,Petrol,Lahore,Original,Imported,Automatic,7,22159.0
Toyota,Corolla GLI,2017,72500,3700000,Petrol,Karachi,Original,Local,Manual,9,7250.0
Daihatsu,Mira,2012,93000,2150000,Petrol,Karachi,Original,Imported,Automatic,14,6200.0
Daihatsu,Mira,2017,50000,3500000,Petrol,Hyderabad,Original,Imported,Automatic,9,5000.0
Honda,City Aspire,2016,85000,3200000,Petrol,Lahore,Original,Local,Automatic,10,7727.272727272727
Honda,City Aspire,2019,47000,3995000,Petrol,Karachi,Original,Local,Automatic,7,5875.0
Suzuki,Alto,2020,57000,2550000,Petrol,Lahore,Original,Local,Automatic,6,8142.857142857143
Honda,Civic Prosmetic,2006,117000,2000000,Petrol,Karachi,Original,Local,Automatic,20,5571.428571428572
Daihatsu,Mira,2020,52533,3650000,Petrol,Unregistered,Original,Imported,Automatic,6,7504.714285714285
Suzuki,Alto,2007,160000,960000,Petrol,Islamabad,Original,Local,Manual,19,8000.0
Daihatsu,Hijet,2012,123456,1290000,Petrol,Karachi,Original,Imported,Automatic,14,8230.4
Honda,City IVTEC,2017,96000,2900000,Petrol,Lahore,Original,Imported,Manual,9,9600.0
Suzuki,Mehran VXR,2019,47000,1850000,Petrol,Rawalpindi,Original,Local,Manual,7,5875.0
Honda,City IDSI,2008,220000,1850000,Petrol,Karachi,Original,Local,Automatic,18,11578.947368421053
Honda,City Vario,2006,129000,1825000,Petrol,Karachi,Original,Local,Automatic,20,6142.857142857143
Suzuki,Mehran VXR,2007,10000,565000,Petrol,Karachi,Original,Local,Manual,19,500.0
Honda,City IVTEC,2011,150000,2150000,Petrol,Lahore,Original,Local,Manual,15,9375.0
Honda,City Aspire,2015,58000,3525000,Petrol,Lahore,Original,Local,Automatic,11,4833.333333333333
Suzuki,Bolan,2018,32000,1350000,Petrol,Lahore,Original,Local,Manual,8,3555.5555555555557
Toyota,Passo,2011,95000,2455000,Petrol,Lahore,Original,Imported,Automatic,15,5937.5
Suzuki,Alto,2011,185000,1080000,Petrol,Lahore,Original,Imported,Manual,15,11562.5
Honda,Civic Prosmetic,2005,142000,1650000,Petrol,Lahore,Original,Local,Automatic,21,6454.545454545455
Toyota,Passo,2017,71000,2750000,Petrol,Lahore,Original,Imported,Automatic,9,7100.0
Daihatsu,Mira,2012,70000,1880000,Petrol,Karachi,Original,Local,Automatic,14,4666.666666666667
Daihatsu,Mira,2018,85000,3250000,Petrol,Karachi,Original,Imported,Automatic,8,9444.444444444445
Honda,City Aspire,2000,178000,725000,Petrol,Karachi,Original,Local,Automatic,26,6592.592592592592
Daihatsu,Hijet,2016,80000,1400000,Petrol,Lahore,Original,Imported,Automatic,10,7272.727272727273
Hyundai,Santro,2002,222222,750000,Petrol,Lahore,Original,Imported,Manual,24,8888.88
Toyota,Altis Grande,2017,110000,4600000,Petrol,Lahore,Original,Imported,Automatic,9,11000.0
Suzuki,Mehran VXR,2018,66000,1280000,Petrol,Lahore,Original,Imported,Manual,8,7333.333333333333
Honda,City IVTEC,2018,73000,3175000,Petrol,Lahore,Original,Local,Manual,8,8111.111111111111
KIA,Picanto,2020,34000,2600000,Petrol,Sindh,Original,Local,Automatic,6,4857.142857142857
Toyota,Corolla GLI,2007,300000,1850000,Petrol,Multan,Original,Local,Manual,19,15000.0
Suzuki,Cultus VXR,2015,78000,1290000,Petrol,Sindh,Original,Local,Manual,11,6500.0
Toyota,Altis Grande,2015,80000,3700000,Petrol,Karachi,Original,Local,Automatic,11,6666.666666666667
Suzuki,Bolan,2018,60000,1280000,Petrol,Lahore,Original,Local,Manual,8,6666.666666666667
Suzuki,Mehran VXR,2019,34000,1550000,Petrol,Lahore,Original,Local,Manual,7,4250.0
Daihatsu,Hijet,2013,90536,1450000,Petrol,Karachi,Original,Imported,Automatic,13,6466.857142857143
Suzuki,Bolan,2019,123456,1750000,Petrol,Rawalpindi,Original,Local,Manual,7,15432.0
Hyundai,Santro,2005,234390,930000,Petrol,Faisalabad,Original,Imported,Manual,21,10654.09090909091
Honda,City IDSI,2011,150000,2500000,Petrol,Faisalabad,Original,Imported,Automatic,15,9375.0
Toyota,Corolla GLI,2014,90500,2550000,Petrol,Karachi,Original,Local,Manual,12,6961.538461538462
Hyundai,Santro,2005,133000,850000,Petrol,Karachi,Original,Local,Manual,21,6045.454545454545
Honda,City IDSI,2007,230000,1580000,Petrol,Lahore,Original,Local,Manual,19,11500.0
Hyundai,Santro,2007,100000,1035000,Petrol,Lahore,Original,Local,Manual,19,5000.0
Toyota,Passo,2018,60000,3550000,Petrol,Karachi,Original,Imported,Automatic,8,6666.666666666667
Honda,City IVTEC,2010,74000,2345000,Petrol,Lahore,Original,Imported,Automatic,16,4352.941176470588
Suzuki,Cultus VXR,2019,34000,2350000,Petrol,Karachi,Original,Local,Manual,7,4250.0
Honda,Civic Prosmetic,2015,128000,3150000,Petrol,Karachi,Original,Local,Automatic,11,10666.666666666666
Daihatsu,Cuore,2009,14000,949999,Petrol,Lahore,Original,Local,Manual,17,777.7777777777778
Toyota,Yaris,2021,26000,4275000,Petrol,Punjab,Original,Local,Automatic,5,4333.333333333333
Honda,City IDSI,2008,190000,2030000,Petrol,Islamabad,Original,Local,Manual,18,10000.0
Honda,City Aspire,2021,49000,3450000,Petrol,Karachi,Original,Local,Manual,5,8166.666666666667
Suzuki,Every,2008,45698,1350000,CNG,Lahore,Original,Imported,Automatic,18,2405.157894736842
Hyundai,Santro,2007,235900,940000,Petrol,Sialkot,Original,Imported,Manual,19,11795.0
Toyota,Corolla XLI,2015,12345,2775000,Petrol,Karachi,Original,Local,Manual,11,1028.75
Honda,City IVTEC,2018,65000,3650000,Petrol,Lahore,Original,Local,Automatic,8,7222.222222222223
Daihatsu,Cuore,2006,50000,620000,Petrol,Karachi,Original,Local,Manual,20,2380.9523809523807
Honda,City IVTEC,2020,70000,3825000,Petrol,Lahore,Original,Local,Automatic,6,10000.0
Honda,Civic Oriel,2013,134000,2700000,Petrol,Lahore,Original,Local,Manual,13,9571.42857142857
Toyota,Yaris,2022,58000,4650000,Petrol,Bahawalpur,Original,Local,Automatic,4,11600.0
Suzuki,Mehran VXR,2017,37000,1260000,Petrol,Islamabad,Original,Local,Manual,9,3700.0
Toyota,Corolla GLI,2016,70000,3390000,Petrol,Karachi,Original,Local,Manual,10,6363.636363636364
Suzuki,Bolan,2021,8500,1700000,Petrol,Karachi,Original,Local,Manual,5,1416.6666666666667
Suzuki,Bolan,2022,7500,1950000,Petrol,Islamabad,Original,Local,Manual,4,1500.0
Suzuki,Cultus VXR,2017,85788,1565000,Petrol,Karachi,Original,Local,Manual,9,8578.8
Suzuki,Swift,2010,254000,1580000,Petrol,Islamabad,Duplicate,Local,Manual,16,14941.176470588236
Suzuki,Swift,2013,217050,1700000,Petrol,Islamabad,Original,Local,Manual,13,15503.57142857143
Toyota,Corolla GLI,2016,98000,3500000,Petrol,Karachi,Original,Local,Manual,10,8909.09090909091
Mitsubishi,Lancer,2007,200000,1600000,Petrol,Faisalabad,Original,Imported,Manual,19,10000.0
Toyota,Corolla GLI,2012,110000,2600000,Petrol,Lahore,Original,Local,Manual,14,7333.333333333333
Chevrolet,Joy,2006,85000,725000,Petrol,Lahore,Original,Imported,Manual,20,4047.6190476190477
Honda,Civic Prosmetic,2005,150000,1400000,Petrol,Lahore,Original,Local,Automatic,21,6818.181818181818
Honda,Civic Prosmetic,2014,113000,3625000,Petrol,Lahore,Original,Local,Automatic,12,8692.307692307691
Daihatsu,Cuore,2007,99999,650000,Petrol,Sindh,Original,Imported,Manual,19,4999.95
Hyundai,Santro,2000,100000,550000,Petrol,Lahore,Original,Local,Manual,26,3703.703703703704
Toyota,Passo,2013,81000,2275000,Petrol,Karachi,Original,Imported,Automatic,13,5785.714285714285
Hyundai,Santro,2006,1234,900000,Petrol,Lahore,Original,Imported,Manual,20,58.76190476190476
Suzuki,Swift,2014,167000,2000000,Petrol,Islamabad,Original,Local,Manual,12,12846.153846153846
Honda,City IVTEC,2018,68000,3500000,Petrol,Punjab,Original,Local,Manual,8,7555.555555555556
KIA,Classic,2003,152000,470000,Petrol,Lahore,Original,Imported,Manual,23,6333.333333333333
Honda,Civic Prosmetic,2002,150000,1300000,Petrol,Lahore,Original,Local,Automatic,24,6000.0
Daihatsu,Mira,2017,60000,2975000,Petrol,Karachi,Original,Imported,Automatic,9,6000.0
Suzuki,Bolan,2012,123456,600000,Petrol,Sargodha,Original,Local,Manual,14,8230.4
Honda,City Vario,2006,164000,2050000,Petrol,Karachi,Original,Local,Automatic,20,7809.523809523809
Toyota,Corolla GLI,2011,123456,2180000,Petrol,Lahore,Original,Local,Manual,15,7716.0
Toyota,Corolla XLI,2016,69000,3150000,Petrol,Karachi,Original,Local,Manual,10,6272.727272727273
Toyota,Corolla GLI,2019,49000,4700000,Petrol,Islamabad,Original,Local,Automatic,7,6125.0
Toyota,Corolla GLI,2020,91500,4690000,Petrol,Islamabad,Original,Local,Manual,6,13071.42857142857
Daihatsu,Hijet,2012,94000,1560000,Petrol,Karachi,Original,Imported,Automatic,14,6266.666666666667
Daihatsu,Cuore,2008,152000,880000,Petrol,Multan,Original,Local,Manual,18,8000.0
KIA,Picanto,2020,15300,2825000,Petrol,Lahore,Original,Imported,Automatic,6,2185.714285714286
Hyundai,Santro,2003,1000,900000,Petrol,Sahiwal,Original,Imported,Automatic,23,41.666666666666664
Changan,Alsvin,2022,16500,3900000,Petrol,Karachi,Original,Local,Automatic,4,3300.0
Mitsubishi,Minica,2017,170000,1500000,Petrol,Lahore,Original,Imported,Automatic,9,17000.0
Suzuki,Mehran VXR,2003,1000,470000,Petrol,Karachi,Original,Imported,Manual,23,41.666666666666664
Suzuki,Mehran VXR,2017,50000,1170000,Petrol,Karachi,Original,Local,Manual,9,5000.0
Suzuki,Mehran VXR,2006,100000,575000,Petrol,Lahore,Original,Local,Manual,20,4761.9047619047615
Suzuki,Bolan,2020,2000,1500000,Petrol,Islamabad,Original,Local,Manual,6,285.7142857142857
KIA,Sportage,2002,111111,1400000,Petrol,Islamabad,Original,Local,Automatic,24,4444.44
Hyundai,Santro,2005,110880,895000,Petrol,Karachi,Original,Local,Manual,21,5040.0
Honda,Civic Prosmetic,2005,179585,1460000,Petrol,Karachi,Original,Local,Automatic,21,8162.954545454545
Suzuki,Mehran VXR,2009,81512,750000,Petrol,Lahore,Original,Local,Manual,17,4528.444444444444
Suzuki,Swift,2017,106000,2230000,Petrol,Lahore,Original,Local,Manual,9,10600.0
Honda,City Aspire,2019,27000,4500000,Petrol,Lahore,Original,Local,Automatic,7,3375.0
Toyota,Passo,2008,107200,2050000,Petrol,Lahore,Original,Imported,Automatic,18,5642.105263157895
Suzuki,Wagon R,2023,17500,3350000,Petrol,Unregistered,Original,Imported,Automatic,3,4375.0
Daihatsu,Mira,2012,195000,1890000,Petrol,Karachi,Original,Imported,Automatic,14,13000.0
Daihatsu,Cuore,2007,99628,995000,Petrol,Lahore,Original,Local,Manual,19,4981.4
Honda,Civic Prosmetic,2016,95000,4290000,Petrol,Lahore,Original,Local,Automatic,10,8636.363636363636
Suzuki,Every Wagon,2018,62000,2275000,Petrol,Islamabad,Original,Imported,Automatic,8,6888.888888888889
Changan,Alsvin,2021,38000,3740000,Petrol,Lahore,Original,Local,Automatic,5,6333.333333333333
Daihatsu,Hijet,2013,12345,1490000,Petrol,Islamabad,Original,Imported,Automatic,13,881.7857142857143
Honda,City IVTEC,2021,60000,4300000,Petrol,Karachi,Original,Imported,Manual,5,10000.0
Daihatsu,Mira,2014,45000,2150000,Petrol,Karachi,Original,Imported,Automatic,12,3461.5384615384614
Toyota,Corolla GLI,2009,130500,1800000,Petrol,Lahore,Original,Local,Manual,17,7250.0
Chevrolet,Exclusive,2004,112345,570000,Petrol,Karachi,Original,Imported,Manual,22,4884.565217391304
Suzuki,Alto,2010,77000,810000,CNG,Sindh,Original,Local,Manual,16,4529.411764705882
Hyundai,Santro,2004,123456,625000,Petrol,Karachi,Original,Imported,Manual,22,5367.652173913043
Toyota,Passo,2018,40000,3250000,Petrol,Sindh,Original,Imported,Automatic,8,4444.444444444444
Toyota,Corolla XLI,2008,85000,1540000,CNG,Sindh,Original,Local,Manual,18,4473.684210526316
Daihatsu,Terios Kid,2004,130000,1670000,Petrol,Karachi,Original,Imported,Automatic,22,5652.173913043478
Suzuki,Bolan,2015,94000,845000,Petrol,Lahore,Original,Local,Manual,11,7833.333333333333
Suzuki,Alto,2007,109000,1100000,Petrol,Lahore,Original,Local,Manual,19,5450.0
Changan,Karvaan,2020,15000,2500000,Petrol,Karachi,Original,Local,Manual,6,2142.8571428571427
Daihatsu,Cuore,2003,170000,820000,Petrol,Lahore,Original,Imported,Manual,23,7083.333333333333
Toyota,Yaris,2020,65000,4500000,Petrol,Karachi,Original,Local,Automatic,6,9285.714285714286
Honda,City Aspire,2017,55000,3250000,Petrol,Karachi,Original,Local,Manual,9,5500.0
Honda,City IVTEC,2015,135000,2650000,Petrol,Lahore,Original,Local,Manual,11,11250.0
Honda,City Vario,2006,96000,2270000,Petrol,Islamabad,Original,Imported,Automatic,20,4571.428571428572
Toyota,Corolla XLI,2015,10000,3150000,Petrol,Lahore,Original,Imported,Manual,11,833.3333333333334
Honda,City IVTEC,2018,40000,3700000,Petrol,Lahore,Original,Local,Manual,8,4444.444444444444
Suzuki,Mehran VXR,2007,150000,650000,Petrol,Islamabad,Original,Local,Manual,19,7500.0
Suzuki,Bolan,2008,100000,950000,Petrol,Rawalpindi,Original,Imported,Manual,18,5263.1578947368425
Daihatsu,Cuore,2007,100000,1170000,CNG,Lahore,Original,Local,Manual,19,5000.0
Suzuki,Alto,2019,42000,2450000,Petrol,Lahore,Original,Local,Automatic,7,5250.0
Daihatsu,Cuore,2010,80000,1250000,Petrol,Karachi,Original,Local,Manual,16,4705.882352941177
Suzuki,Mehran VXR,2003,90000,420000,Petrol,Karachi,Original,Local,Manual,23,3750.0
Toyota,Passo,2006,65000,1575000,Petrol,Islamabad,Duplicate,Imported,Automatic,20,3095.2380952380954
Suzuki,Every,2010,87600,1395000,Petrol,Karachi,Original,Imported,Manual,16,5152.941176470588
Suzuki,Wagon R,2014,157000,2350000,Petrol,Islamabad,Original,Imported,Automatic,12,12076.923076923076
Suzuki,Wagon R,2019,88263,2125000,Petrol,Lahore,Original,Imported,Manual,7,11032.875
Changan,Alsvin,2022,12000,4300000,Petrol,Islamabad,Original,Imported,Automatic,4,2400.0
Hyundai,Santro,2007,135000,920000,Petrol,Faisalabad,Original,Local,Manual,19,6750.0
Honda,City Aspire,2017,63000,3390000,Petrol,Karachi,Original,Local,Automatic,9,6300.0
Toyota,Altis Grande,2016,180000,4325000,Petrol,Rawalpindi,Original,Local,Automatic,10,16363.636363636364
Mitsubishi,Lancer,2005,250388,1700000,Petrol,Islamabad,Original,Local,Manual,21,11381.272727272728
Daihatsu,Cuore,2008,134000,665000,Petrol,Karachi,Original,Local,Manual,18,7052.631578947368
Honda,City Aspire,2014,130000,2450000,Petrol,Karachi,Original,Local,Manual,12,10000.0
Honda,City Vario,2005,11111,1480000,Petrol,Karachi,Original,Imported,Automatic,21,505.04545454545456
Mitsubishi,Ek Wagon,2007,170000,1600000,Petrol,Lahore,Original,Imported,Automatic,19,8500.0
Honda,City Vario,2000,10000,750000,Petrol,Karachi,Original,Local,Manual,26,370.3703703703704
Toyota,Altis Grande,2016,117000,4750000,Petrol,Karachi,Original,Local,Automatic,10,10636.363636363636
Daihatsu,Cuore,2006,65000,795000,Petrol,Karachi,Original,Local,Manual,20,3095.2380952380954
Toyota,Corrolla Altis,2019,60000,4730000,Petrol,Karachi,Original,Local,Automatic,7,7500.0
Suzuki,Wagon R,2016,200000,1975000,Petrol,Islamabad,Original,Local,Manual,10,18181.81818181818
Toyota,Corrolla Altis,2018,67500,4299000,Petrol,Karachi,Original,Local,Automatic,8,7500.0
Suzuki,Swift,2018,62000,2425000,Petrol,Sindh,Original,Local,Automatic,8,6888.888888888889
Toyota,Passo,2008,120000,1770000,Petrol,Karachi,Original,Imported,Automatic,18,6315.789473684211
Honda,Civic Oriel,2005,2040,1650000,Petrol,Rawalpindi,Original,Imported,Manual,21,92.72727272727273
Suzuki,Alto,2004,150000,700000,Petrol,Karachi,Original,Local,Manual,22,6521.739130434783
Suzuki,Baleno,2001,200000,800000,Petrol,Lahore,Original,Local,Manual,25,7692.307692307692
Suzuki,Alto,2022,25000,2450000,Petrol,Punjab,Original,Local,Manual,4,5000.0
Toyota,Corolla XLI,2010,255000,2000000,Petrol,Sindh,Original,Local,Manual,16,15000.0
Toyota,Passo,2012,84000,2400000,Petrol,Karachi,Original,Imported,Automatic,14,5600.0
Toyota,Corolla XLI,2009,151000,1780000,Petrol,Islamabad,Original,Local,Manual,17,8388.888888888889
Suzuki,Mehran VXR,2006,100000,600000,Petrol,Multan,Original,Local,Manual,20,4761.9047619047615
Hyundai,Santro,2007,190000,1050000,Petrol,Lahore,Original,Local,Manual,19,9500.0
Honda,City Aspire,2015,70000,2795000,Petrol,Karachi,Original,Local,Manual,11,5833.333333333333
Honda,City IVTEC,2016,74000,3430000,Petrol,Islamabad,Original,Local,Manual,10,6727.272727272727
Hyundai,Santro,2003,96800,780000,Petrol,Lahore,Original,Local,Manual,23,4033.3333333333335
Daihatsu,Mira,2015,78000,2375000,Petrol,Karachi,Original,Imported,Automatic,11,6500.0
FAW,X-PV,2018,80000,1050000,Petrol,Lahore,Original,Local,Manual,8,8888.888888888889
Toyota,Yaris,2021,28000,4350000,Petrol,Karachi,Original,Local,Automatic,5,4666.666666666667
Suzuki,Every,2016,65000,2380000,Petrol,Islamabad,Original,Imported,Automatic,10,5909.090909090909
Toyota,Corrolla Altis,2018,200000,4500000,Petrol,Faisalabad,Original,Local,Automatic,8,22222.222222222223
Suzuki,Alto,2023,20000,2865000,Petrol,Islamabad,Original,Local,Automatic,3,5000.0
Changan,Karvaan,2021,2385,2700000,Petrol,Karachi,Original,Local,Manual,5,397.5
Suzuki,Every,2014,150000,1850000,Petrol,Islamabad,Original,Imported,Automatic,12,11538.461538461539
Honda,City IVTEC,2018,43000,3670000,Petrol,Lahore,Original,Local,Automatic,8,4777.777777777777
Daihatsu,Terios Kid,2011,250000,4000000,Petrol,Islamabad,Original,Imported,Automatic,15,15625.0
Daihatsu,Move,2014,109000,1890000,Petrol,Lahore,Original,Imported,Automatic,12,8384.615384615385
Suzuki,Mehran VXR,2010,78300,795000,Petrol,Multan,Original,Local,Manual,16,4605.882352941177
Hyundai,Santro,2008,140000,1080000,Petrol,Lahore,Original,Imported,Manual,18,7368.421052631579
Suzuki,Swift,2023,23000,4780000,Petrol,Sindh,Original,Local,Automatic,3,5750.0
Honda,Civic Oriel,2009,215000,1880000,Petrol,Islamabad,Original,Local,Manual,17,11944.444444444445
Suzuki,Every,2007,145000,1025000,Petrol,Karachi,Original,Imported,Automatic,19,7250.0
Daihatsu,Cuore,2009,85000,780000,Petrol,Karachi,Original,Local,Manual,17,4722.222222222223
Suzuki,Bolan,2015,64000,1500000,Petrol,Sahiwal,Original,Local,Manual,11,5333.333333333333
Suzuki,Liana,2006,242000,1250000,Petrol,Lahore,Original,Local,Manual,20,11523.809523809523
Hyundai,Santro,2000,12345,650000,Petrol,Lahore,Original,Imported,Manual,26,457.22222222222223
Honda,City Aspire,2002,102700,840000,Petrol,Multan,Original,Local,Automatic,24,4108.0
Honda,Civic Prosmetic,2003,150000,1350000,Petrol,Karachi,Original,Local,Automatic,23,6250.0
Hyundai,Santro,2006,150000,980000,Petrol,Lahore,Original,Local,Manual,20,7142.857142857143
Suzuki,Alto,2020,35000,2495000,Petrol,Punjab,Original,Local,Automatic,6,5000.0
Suzuki,Mehran VXR,2004,15000,460000,Petrol,Sindh,Original,Imported,Manual,22,652.1739130434783
Suzuki,Baleno,2000,35790,699999,Petrol,Karachi,Original,Imported,Manual,26,1325.5555555555557
Honda,City IDSI,2007,184512,1830000,Petrol,Sindh,Original,Local,Manual,19,9225.6
Honda,City Vario,2006,85000,1740000,Petrol,Sindh,Original,Imported,Automatic,20,4047.6190476190477
Toyota,Corolla GLI,2018,180000,3900000,Petrol,Lahore,Original,Local,Automatic,8,20000.0
Suzuki,Cultus VXR,2005,65000,700000,Petrol,Lahore,Original,Local,Manual,21,2954.5454545454545
Suzuki,Alto,2004,168000,630000,Petrol,Karachi,Original,Local,Manual,22,7304.347826086957
Toyota,Corolla XLI,2012,150000,2199000,Petrol,Lahore,Original,Local,Manual,14,10000.0
Suzuki,Baleno,2002,189000,830000,Petrol,Lahore,Original,Local,Manual,24,7560.0
Suzuki,Alto,2005,90000,650000,Petrol,Karachi,Original,Local,Manual,21,4090.909090909091
Honda,Civic Prosmetic,2011,120000,2730000,Petrol,Lahore,Original,Local,Automatic,15,7500.0
Suzuki,Mehran VXR,2019,70000,1400000,Petrol,Dera Ghazi Khan,Original,Imported,Automatic,7,8750.0
Suzuki,Wagon R,2018,150000,1850000,Petrol,Lahore,Original,Local,Manual,8,16666.666666666668
Suzuki,Bolan,2006,52452,780000,CNG,Islamabad,Original,Local,Manual,20,2497.714285714286
Suzuki,Alto,2022,65000,2950000,Petrol,Islamabad,Original,Local,Automatic,4,13000.0
Honda,City Vario,2006,86700,1325000,Petrol,Karachi,Original,Imported,Automatic,20,4128.571428571428
Suzuki,Bolan,2015,57000,850000,Petrol,Karachi,Original,Local,Manual,11,4750.0
Daihatsu,Mira,2014,140000,2450000,Petrol,Islamabad,Original,Imported,Automatic,12,10769.23076923077
Suzuki,Bolan,2011,56756,890000,Petrol,Karachi,Original,Imported,Manual,15,3547.25
KIA,Picanto,2022,14500,3280000,Petrol,Karachi,Original,Local,Automatic,4,2900.0
Toyota,Corolla GLI,2013,100000,3250000,Petrol,Karachi,Original,Local,Automatic,13,7142.857142857143
Suzuki,Wagon R,2022,18000,3150000,Petrol,Islamabad,Original,Local,Automatic,4,3600.0
Chevrolet,Joy,2006,1786,700000,Petrol,Islamabad,Original,Local,Manual,20,85.04761904761905
Toyota,Yaris,2021,13000,4550000,Petrol,Islamabad,Original,Local,Automatic,5,2166.6666666666665
Toyota,Corolla GLI,2004,203000,1380000,Petrol,Lahore,Original,Local,Manual,22,8826.08695652174
Mercedes,E Class,2000,196000,2400000,Petrol,Islamabad,Original,Imported,Automatic,26,7259.259259259259
Suzuki,Mehran VXR,2004,125000,525000,Petrol,Multan,Original,Local,Manual,22,5434.782608695652
Honda,City IVTEC,2018,85000,3650000,Petrol,Lahore,Original,Local,Manual,8,9444.444444444445
Toyota,Corolla GLI,2019,43000,4150000,Petrol,Karachi,Original,Local,Automatic,7,5375.0
Suzuki,Mehran VXR,2002,40757,500000,Petrol,Faisalabad,Original,Local,Manual,24,1630.28
Hyundai,Santro,2007,78000,1175000,Petrol,Lahore,Original,Imported,Manual,19,3900.0
Suzuki,Swift,2017,73000,2250000,Petrol,Lahore,Original,Local,Manual,9,7300.0
Honda,Civic Prosmetic,2014,135000,3285000,Petrol,Islamabad,Original,Local,Automatic,12,10384.615384615385
Daihatsu,Mira,2013,80000,2250000,Petrol,Karachi,Original,Imported,Automatic,13,5714.285714285715
KIA,Picanto,2021,45000,2200000,Petrol,Punjab,Original,Local,Manual,5,7500.0
Suzuki,Every,2019,127000,1595000,Petrol,Lahore,Original,Imported,Automatic,7,15875.0
Suzuki,Mehran VXR,2017,159000,1375000,Petrol,Lahore,Original,Local,Manual,9,15900.0
KIA,Classic,2005,135000,680000,Petrol,Lahore,Original,Imported,Manual,21,6136.363636363636
Suzuki,Alto,2022,15000,2850000,Petrol,Karachi,Original,Local,Automatic,4,3000.0
Toyota,Corolla GLI,2015,79000,3375000,Petrol,Karachi,Original,Local,Manual,11,6583.333333333333
Hyundai,Santro,2009,100000,1400000,Petrol,Lahore,Duplicate,Local,Manual,17,5555.555555555556
Daihatsu,Move,2012,123456,1895000,Petrol,Lahore,Original,Imported,Automatic,14,8230.4
Toyota,Corolla XLI,2013,219555,2500000,Petrol,Lahore,Original,Imported,Manual,13,15682.5
Suzuki,Ravi,2019,92250,1250000,Petrol,Rawalpindi,Original,Imported,Manual,7,11531.25
Daihatsu,Hijet,2016,89000,1400000,Petrol,Karachi,Original,Imported,Automatic,10,8090.909090909091
Hyundai,Santro,2006,188000,865000,Petrol,Lahore,Original,Local,Manual,20,8952.380952380952
Toyota,Corrolla Altis,2013,337000,3000000,Petrol,Lahore,Original,Local,Automatic,13,24071.428571428572
Suzuki,Wagon R,2017,113000,2130000,Petrol,Islamabad,Original,Local,Manual,9,11300.0
Suzuki,Wagon R,2014,70000,1800000,Petrol,Karachi,Original,Local,Manual,12,5384.615384615385
Honda,City Aspire,2016,150000,3800000,Petrol,Lahore,Original,Local,Automatic,10,13636.363636363636
Mitsubishi,Lancer,2004,275000,1275000,Petrol,Islamabad,Original,Local,Manual,22,11956.521739130434
Toyota,Passo,2009,109000,1700000,Petrol,Karachi,Original,Imported,Automatic,17,6055.555555555556
Toyota,Corolla GLI,2012,160000,2500000,Petrol,Islamabad,Duplicate,Local,Manual,14,10666.666666666666
Changan,Karvaan,2021,32000,2200000,Petrol,Lahore,Original,Local,Manual,5,5333.333333333333
Mitsubishi,Lancer,2005,148000,1475000,Petrol,Lahore,Original,Imported,Manual,21,6727.272727272727
Daihatsu,Move,2011,95000,1600000,Petrol,Lahore,Original,Imported,Automatic,15,5937.5
Daihatsu,Terios Kid,2008,88000,2120000,Petrol,Karachi,Original,Imported,Automatic,18,4631.578947368421
Hyundai,Santro,2006,65500,848000,Petrol,Faisalabad,Original,Local,Manual,20,3119.0476190476193
Daihatsu,Mira,2015,78000,2350000,Petrol,Lahore,Original,Imported,Automatic,11,6500.0
Suzuki,Alto,2022,9484,2215000,Petrol,Multan,Original,Local,Manual,4,1896.8
Toyota,Corrolla Altis,2014,90000,3500000,Petrol,Lahore,Original,Local,Manual,12,6923.076923076923
KIA,Spectra,2001,150000,750000,Petrol,Islamabad,Original,Imported,Manual,25,5769.2307692307695
Honda,Civic Prosmetic,2018,68000,4300000,Petrol,Karachi,Original,Local,Automatic,8,7555.555555555556
Changan,Alsvin,2022,19500,4500000,Petrol,Islamabad,Original,Local,Automatic,4,3900.0
Suzuki,Alto,2021,28000,2280000,Petrol,Sindh,Original,Local,Manual,5,4666.666666666667
Honda,City IVTEC,2017,82000,3500000,Petrol,Lahore,Original,Local,Automatic,9,8200.0
Honda,City Aspire,2015,111000,2950000,Petrol,Lahore,Original,Local,Manual,11,9250.0
Suzuki,Cultus VXR,2013,91000,1350000,Petrol,Karachi,Original,Local,Manual,13,6500.0
Honda,Civic Prosmetic,2011,99800,2550000,Petrol,Islamabad,Original,Local,Automatic,15,6237.5
Suzuki,Bolan,2011,85000,720000,Petrol,Sindh,Original,Local,Manual,15,5312.5
Suzuki,Bolan,2015,10000,1125000,Petrol,Lahore,Original,Local,Manual,11,833.3333333333334
Suzuki,Swift,2019,104089,2740000,Petrol,Islamabad,Original,Local,Manual,7,13011.125
Suzuki,Every,2018,80000,1750000,Petrol,Punjab,Original,Imported,Automatic,8,8888.888888888889
Toyota,Altis Grande,2009,125000,2100000,Petrol,Karachi,Original,Local,Automatic,17,6944.444444444444
Suzuki,Swift,2021,72000,3250000,Petrol,Islamabad,Original,Local,Automatic,5,12000.0
Toyota,Corolla XLI,2009,1234,1950000,Petrol,Lahore,Original,Local,Manual,17,68.55555555555556
Daihatsu,Cuore,2005,10000,670000,Petrol,Lahore,Original,Imported,Manual,21,454.54545454545456
Suzuki,Cultus VXR,2008,200000,920000,Petrol,Karachi,Original,Local,Manual,18,10526.315789473685
Toyota,Corrolla Altis,2010,40000,1700000,Petrol,Unregistered,Original,Imported,Automatic,16,2352.9411764705883
Honda,City Aspire,2021,24000,4050000,Petrol,Islamabad,Original,Local,Manual,5,4000.0
Toyota,Yaris,2020,36000,4250000,Petrol,Karachi,Original,Local,Automatic,6,5142.857142857143
Hyundai,Santro,2006,150000,750000,Petrol,Karachi,Original,Local,Manual,20,7142.857142857143
Suzuki,Alto,2022,47000,2780000,Petrol,Islamabad,Original,Local,Automatic,4,9400.0
Suzuki,Alto,2009,134000,980000,Petrol,Lahore,Original,Local,Manual,17,7444.444444444444
Suzuki,Cultus VXR,2007,90000,690000,Petrol,Karachi,Original,Local,Manual,19,4500.0
Honda,Civic Oriel,2006,267347,1450000,Petrol,Lahore,Original,Imported,Manual,20,12730.809523809523
Suzuki,Bolan,2008,40000,850000,Petrol,Punjab,Original,Local,Manual,18,2105.2631578947367
Honda,City Vario,2007,120000,1800000,Petrol,Karachi,Original,Local,Automatic,19,6000.0
Suzuki,Bolan,2019,20800,1300000,Petrol,Karachi,Original,Local,Manual,7,2600.0
Suzuki,Alto,2020,35000,2025000,Petrol,Karachi,Original,Local,Manual,6,5000.0
KIA,Picanto,2021,22800,3050000,Petrol,Karachi,Original,Local,Automatic,5,3800.0
Daihatsu,Hijet,2014,80000,1200000,Petrol,Karachi,Original,Imported,Automatic,12,6153.846153846154
Suzuki,Swift,2015,72000,1985000,Petrol,Karachi,Original,Local,Manual,11,6000.0
Daihatsu,Hijet,2020,100000,1550000,Petrol,Lahore,Original,Imported,Manual,6,14285.714285714286
Suzuki,Every,2015,83000,1500000,Petrol,Lahore,Original,Imported,Automatic,11,6916.666666666667
Suzuki,Bolan,2015,66000,875000,Petrol,Karachi,Original,Local,Manual,11,5500.0
Daihatsu,Cuore,2006,97000,1030000,Petrol,Lahore,Original,Imported,Manual,20,4619.047619047619
Suzuki,Mehran VXR,2016,64500,1000000,Petrol,Karachi,Original,Local,Manual,10,5863.636363636364
Toyota,Corolla XLI,2020,37000,4500000,Petrol,Islamabad,Original,Local,Manual,6,5285.714285714285
Toyota,Corolla GLI,2012,120000,2200000,Petrol,Sindh,Original,Local,Manual,14,8000.0
Daihatsu,Mira,2007,12624,1375000,Petrol,Faisalabad,Original,Imported,Automatic,19,631.2
Suzuki,Wagon R,2016,180000,1790000,Petrol,Multan,Original,Imported,Manual,10,16363.636363636364
Suzuki,Baleno,2005,160000,850000,Petrol,Lahore,Original,Local,Manual,21,7272.727272727273
Honda,City IDSI,2011,140000,2250000,Petrol,Lahore,Original,Local,Manual,15,8750.0
Toyota,Corolla GLI,2013,150000,2400000,Petrol,Islamabad,Original,Imported,Manual,13,10714.285714285714
Changan,Karvaan,2020,5300,1670000,Petrol,Karachi,Original,Local,Manual,6,757.1428571428571
Changan,Karvaan,2020,68000,2225000,Petrol,Islamabad,Original,Local,Manual,6,9714.285714285714
Honda,Civic Prosmetic,2000,195116,1325000,Petrol,Lahore,Original,Local,Automatic,26,7226.518518518518
Honda,City IVTEC,2011,165000,2165000,Petrol,Lahore,Original,Local,Manual,15,10312.5
Suzuki,Bolan,2008,82534,750000,Petrol,Lahore,Original,Local,Manual,18,4343.894736842105
Honda,City Aspire,2007,170000,2000000,Petrol,Lahore,Original,Local,Manual,19,8500.0
Honda,City IVTEC,2018,89000,2980000,Petrol,Karachi,Original,Imported,Automatic,8,9888.888888888889
Suzuki,Alto,2022,25000,2490000,Petrol,Islamabad,Original,Local,Manual,4,5000.0
Suzuki,Mehran VXR,2015,59000,1150000,Petrol,Lahore,Original,Local,Manual,11,4916.666666666667
Toyota,Corolla XLI,2003,10000,1300000,CNG,Peshawar,Original,Imported,Manual,23,416.6666666666667
Honda,Civic Oriel,2005,168000,1450000,Petrol,Karachi,Original,Imported,Automatic,21,7636.363636363636
Suzuki,Mehran VXR,2018,88500,1360000,Petrol,Islamabad,Original,Local,Manual,8,9833.333333333334
Honda,City IVTEC,2017,93000,2600000,Petrol,Lahore,Original,Local,Manual,9,9300.0
Suzuki,Bolan,2012,72672,950000,Petrol,Karachi,Original,Imported,Manual,14,4844.8
Honda,City IVTEC,2016,144000,2950000,Petrol,Islamabad,Original,Local,Manual,10,13090.90909090909
Honda,City Aspire,2021,20500,4075000,Petrol,Karachi,Original,Local,Automatic,5,3416.6666666666665
Toyota,Corolla GLI,2008,95000,1850000,Petrol,Lahore,Original,Local,Manual,18,5000.0
Mitsubishi,Pajero Mini,2018,60000,2300000,Petrol,Islamabad,Original,Imported,Automatic,8,6666.666666666667
Suzuki,Cultus VXR,2006,13000,750000,Petrol,Lahore,Original,Local,Manual,20,619.047619047619
Toyota,Corolla XLI,2003,180000,1880000,Petrol,Lahore,Original,Local,Automatic,23,7500.0
Honda,Civic Prosmetic,2005,142000,1475000,Petrol,Sindh,Original,Local,Automatic,21,6454.545454545455
Daihatsu,Hijet,2012,200000,1410000,Petrol,Lahore,Original,Imported,Automatic,14,13333.333333333334
Suzuki,Ravi,2011,8556,500000,Petrol,Karachi,Original,Local,Manual,15,534.75
Changan,Karvaan,2020,40000,2100000,Petrol,Lahore,Original,Local,Manual,6,5714.285714285715
Daihatsu,Mira,2014,105830,1950000,Petrol,Islamabad,Original,Imported,Automatic,12,8140.7692307692305
Honda,City IVTEC,2010,145000,2400000,Petrol,Lahore,Original,Imported,Manual,16,8529.411764705883
Suzuki,Every,2014,59000,1900000,Petrol,Lahore,Original,Imported,Automatic,12,4538.461538461538
Suzuki,Wagon R,2017,71000,2130000,Petrol,Lahore,Original,Local,Manual,9,7100.0
Honda,City IDSI,2005,182000,1485000,Petrol,Lahore,Original,Local,Manual,21,8272.727272727272
Changan,Alsvin,2021,34000,3850000,Petrol,Islamabad,Original,Local,Automatic,5,5666.666666666667
Suzuki,Cultus VXR,2015,87235,1475000,Petrol,Karachi,Original,Local,Manual,11,7269.583333333333
Toyota,Corolla GLI,2016,175000,3650000,Petrol,Islamabad,Original,Local,Manual,10,15909.09090909091
Toyota,Altis Grande,2016,138000,4250000,Petrol,Lahore,Original,Local,Automatic,10,12545.454545454546
Toyota,Corolla XLI,2020,43000,4300000,Petrol,Islamabad,Original,Local,Manual,6,6142.857142857143
Suzuki,Mehran VXR,2021,55000,2875000,Petrol,Karachi,Original,Local,Automatic,5,9166.666666666666
Suzuki,Baleno,2002,171000,980000,Petrol,Sahiwal,Original,Local,Manual,24,6840.0
Suzuki,Bolan,2012,85698,600000,Petrol,Karachi,Original,Local,Manual,14,5713.2
Daihatsu,Hijet,2011,42000,1250000,Petrol,Karachi,Original,Imported,Automatic,15,2625.0
FAW,X-PV,2015,120000,800000,Petrol,Lahore,Original,Local,Manual,11,10000.0
Suzuki,Wagon R,2018,31400,2560000,Petrol,Lahore,Original,Local,Manual,8,3488.8888888888887
Suzuki,Alto,2011,23000,1630000,Petrol,Islamabad,Original,Local,Manual,15,1437.5
Suzuki,Cultus VXR,2006,120000,580000,Petrol,Karachi,Original,Local,Manual,20,5714.285714285715
Daihatsu,Mira,2020,32000,3480000,Petrol,Unregistered,Original,Imported,Automatic,6,4571.428571428572
Honda,City IVTEC,2010,145000,2400000,Petrol,Lahore,Original,Local,Manual,16,8529.411764705883
Mitsubishi,Pajero Mini,2008,127000,1800000,Petrol,Islamabad,Original,Imported,Automatic,18,6684.210526315789
Suzuki,Mehran VXR,2011,58000,725000,Petrol,Multan,Original,Local,Manual,15,3625.0
Changan,Alsvin,2021,49000,3800000,Petrol,Islamabad,Original,Local,Automatic,5,8166.666666666667
Mitsubishi,Lancer,2006,211320,1500000,Petrol,Islamabad,Original,Imported,Manual,20,10062.857142857143
Toyota,Corolla XLI,2009,98000,2295000,Petrol,Lahore,Original,Local,Manual,17,5444.444444444444
Suzuki,Alto,2022,8000,2760000,Petrol,Karachi,Original,Local,Automatic,4,1600.0
Daihatsu,Move,2015,105000,2045000,Petrol,Lahore,Original,Imported,Automatic,11,8750.0
Suzuki,Every,2010,87600,1380000,Petrol,Karachi,Original,Imported,Manual,16,5152.941176470588
Suzuki,Bolan,2006,100000,900000,Petrol,Sindh,Original,Imported,Manual,20,4761.9047619047615
Suzuki,Bolan,2021,37000,1550000,Petrol,Karachi,Original,Local,Manual,5,6166.666666666667
Suzuki,Every,2023,60000,2750000,Petrol,Punjab,Original,Imported,Automatic,3,15000.0
Suzuki,Bolan,2013,12345,910000,Petrol,Lahore,Original,Imported,Manual,13,881.7857142857143
Changan,Alsvin,2021,46000,3915000,Petrol,Punjab,Original,Local,Automatic,5,7666.666666666667
Suzuki,Bolan,2021,36000,1695000,Petrol,Punjab,Original,Local,Manual,5,6000.0
Changan,Karvaan,2020,33000,1950000,Petrol,Punjab,Original,Local,Manual,6,4714.285714285715
Daihatsu,Cuore,2002,12345,510000,Petrol,Lahore,Original,Local,Manual,24,493.8
Suzuki,Wagon R,2021,85000,2750000,Petrol,Lahore,Original,Local,Manual,5,14166.666666666666
Chevrolet,Exclusive,2005,100000,900000,Petrol,Islamabad,Original,Imported,Manual,21,4545.454545454545
Toyota,Corolla GLI,2013,188049,2550000,Petrol,Karachi,Original,Local,Manual,13,13432.07142857143
Daihatsu,Mira,2016,86000,2475000,Petrol,Karachi,Original,Imported,Automatic,10,7818.181818181818
Daihatsu,Cuore,2010,250000,1100000,Petrol,Karachi,Original,Imported,Manual,16,14705.882352941177
Toyota,Corolla GLI,2012,142000,2550000,Petrol,Islamabad,Original,Local,Manual,14,9466.666666666666
Suzuki,Cultus VXR,2018,93000,2380000,Petrol,Lahore,Original,Local,Manual,8,10333.333333333334
Suzuki,Every,2015,196000,1550000,Petrol,Lahore,Original,Imported,Manual,11,16333.333333333334
Toyota,Corolla GLI,2007,100000,1650000,Petrol,Karachi,Original,Local,Manual,19,5000.0
Toyota,Corolla GLI,2015,135000,2950000,Petrol,Karachi,Original,Local,Manual,11,11250.0
Daihatsu,Mira,2017,65000,2950000,Petrol,Karachi,Original,Imported,Automatic,9,6500.0
Toyota,Passo,2010,80000,2425000,Petrol,Karachi,Original,Imported,Automatic,16,4705.882352941177
Daihatsu,Mira,2006,99000,1550000,Petrol,Lahore,Original,Imported,Manual,20,4714.285714285715
Suzuki,Baleno,2003,120000,725000,Petrol,Karachi,Original,Local,Manual,23,5000.0
Honda,Civic Oriel,2004,245804,1270000,Petrol,Karachi,Original,Imported,Manual,22,10687.130434782608
Honda,Civic Prosmetic,2008,201000,1850000,Petrol,Lahore,Original,Local,Automatic,18,10578.947368421053
Daihatsu,Cuore,2011,138000,1100000,CNG,Sindh,Original,Local,Manual,15,8625.0
Daihatsu,Cuore,2000,125000,725000,Petrol,Lahore,Original,Local,Manual,26,4629.62962962963
Daihatsu,Cuore,2007,100000,880000,Petrol,Lahore,Original,Imported,Manual,19,5000.0
Suzuki,Alto,2010,105000,790000,Petrol,Karachi,Original,Local,Manual,16,6176.470588235294
Toyota,Corolla XLI,2011,100000,2200000,Petrol,Lahore,Original,Local,Manual,15,6250.0
Suzuki,Mehran VXR,2006,1000,540000,Petrol,Lahore,Original,Local,Manual,20,47.61904761904762
Daihatsu,Cuore,2008,10000,925000,Petrol,Lahore,Original,Imported,Manual,18,526.3157894736842
Suzuki,Wagon R,2019,99500,2190000,Petrol,Rawalpindi,Original,Local,Manual,7,12437.5
Suzuki,Every,2021,25000,2350000,Petrol,Punjab,Original,Imported,Automatic,5,4166.666666666667
Daihatsu,Mira,2014,75000,2050000,Petrol,Lahore,Original,Imported,Automatic,12,5769.2307692307695
Toyota,Altis Grande,2017,66000,4600000,Petrol,Islamabad,Original,Local,Automatic,9,6600.0
Suzuki,Wagon R,2017,75000,1895000,Petrol,Lahore,Original,Local,Manual,9,7500.0
Daihatsu,Cuore,2010,235111,680000,Petrol,Karachi,Original,Local,Manual,16,13830.058823529413
Toyota,Passo,2004,111111,1540000,Petrol,Lahore,Original,Imported,Automatic,22,4830.913043478261
Suzuki,Cultus VXR,2022,16500,3300000,Petrol,Karachi,Original,Local,Manual,4,3300.0
Suzuki,Wagon R,2018,62500,1875000,Petrol,Karachi,Original,Local,Manual,8,6944.444444444444
Honda,City Aspire,2014,180000,2830000,Petrol,Islamabad,Original,Local,Manual,12,13846.153846153846
Suzuki,Alto,2012,150000,1115000,Petrol,Multan,Original,Local,Manual,14,10000.0
Honda,Civic Prosmetic,2014,135000,2900000,Petrol,Lahore,Original,Local,Automatic,12,10384.615384615385
Honda,City IVTEC,2014,152000,2560000,Petrol,Lahore,Original,Local,Manual,12,11692.307692307691
KIA,Spectra,2002,12345,565000,Petrol,Karachi,Original,Local,Manual,24,493.8
Suzuki,Bolan,2018,60000,1450000,Petrol,Lahore,Original,Local,Manual,8,6666.666666666667
Toyota,Corolla GLI,2017,65000,3450000,Petrol,Lahore,Original,Local,Automatic,9,6500.0
Suzuki,Alto,2007,99000,715000,Petrol,Karachi,Original,Local,Manual,19,4950.0
Toyota,Corolla XLI,2009,112000,1950000,Petrol,Lahore,Original,Local,Manual,17,6222.222222222223
Suzuki,Baleno,2005,102700,850000,Petrol,Faisalabad,Original,Local,Manual,21,4668.181818181818
Daihatsu,Cuore,2007,150000,695000,Petrol,Karachi,Original,Imported,Manual,19,7500.0
Suzuki,Mehran VXR,2011,80000,560000,Petrol,Multan,Original,Local,Manual,15,5000.0
Suzuki,Alto,2012,211812,1250000,Petrol,Rahimyar Khan,Original,Imported,Automatic,14,14120.8
Suzuki,Alto,2020,57000,2350000,Petrol,Islamabad,Original,Local,Manual,6,8142.857142857143
Mitsubishi,Ek Wagon,2016,98000,2000000,Petrol,Lahore,Original,Imported,Automatic,10,8909.09090909091
Suzuki,Ravi,2020,28000,1550000,Petrol,Punjab,Original,Local,Manual,6,4000.0
Honda,City IDSI,2004,250000,1550000,Petrol,Lahore,Original,Imported,Manual,22,10869.565217391304
KIA,Picanto,2022,38000,2800000,Petrol,Islamabad,Original,Local,Manual,4,7600.0
Suzuki,Cultus VXR,2015,42500,1525000,Petrol,Lahore,Original,Local,Manual,11,3541.6666666666665
Toyota,Corolla XLI,2008,123456,1350000,Petrol,Karachi,Original,Local,Manual,18,6497.684210526316
Honda,City IVTEC,2017,40000,3350000,Petrol,Islamabad,Original,Local,Manual,9,4000.0
Suzuki,Cultus VXR,2007,152000,895000,Petrol,Lahore,Original,Imported,Manual,19,7600.0
Daihatsu,Mira,2014,104000,2425000,Petrol,Karachi,Original,Imported,Automatic,12,8000.0
Suzuki,Bolan,2015,35400,870000,Petrol,Lahore,Original,Local,Manual,11,2950.0
Honda,City IDSI,2003,200000,1000000,Petrol,Karachi,Original,Local,Automatic,23,8333.333333333334
Suzuki,Every,2018,65000,2445000,Petrol,Punjab,Original,Imported,Automatic,8,7222.222222222223
Toyota,Altis Grande,2015,69000,4000000,Petrol,Karachi,Original,Local,Automatic,11,5750.0
Honda,Civic Prosmetic,2004,200000,1475000,Petrol,Lahore,Original,Local,Automatic,22,8695.652173913044
Toyota,Corolla GLI,2017,98600,3450000,Petrol,Multan,Original,Local,Manual,9,9860.0
Suzuki,Wagon R,2015,89000,2610000,Petrol,Rawalpindi,Original,Imported,Automatic,11,7416.666666666667
Daihatsu,Mira,2020,59000,3490000,Petrol,Karachi,Original,Imported,Automatic,6,8428.57142857143
Suzuki,Mehran VXR,2009,100000,730000,Petrol,Lahore,Original,Local,Manual,17,5555.555555555556
Honda,City IVTEC,2021,34000,3950000,Petrol,Lahore,Original,Local,Manual,5,5666.666666666667
Toyota,Yaris,2021,2550,4900000,Petrol,Islamabad,Original,Local,Automatic,5,425.0
Honda,City Aspire,2020,35000,3930000,Petrol,Lahore,Original,Local,Automatic,6,5000.0
Honda,City Aspire,2001,245000,1400000,Petrol,Islamabad,Original,Local,Manual,25,9423.076923076924
Daihatsu,Hijet,2014,119000,1950000,Petrol,Karachi,Original,Imported,Automatic,12,9153.846153846154
Toyota,Yaris,2022,9050,4650000,Petrol,Lahore,Original,Local,Automatic,4,1810.0
Suzuki,Wagon R,2019,75000,2095000,Petrol,Lahore,Original,Local,Manual,7,9375.0
Toyota,Corolla GLI,2016,89500,3700000,Petrol,Islamabad,Original,Local,Manual,10,8136.363636363636
Toyota,Yaris,2021,21000,4800000,Petrol,Karachi,Original,Local,Automatic,5,3500.0
Toyota,Yaris,2021,29500,4475000,Petrol,Islamabad,Original,Local,Automatic,5,4916.666666666667
Suzuki,Mehran VXR,2008,100000,695000,Petrol,Multan,Original,Local,Manual,18,5263.1578947368425
Suzuki,Wagon R,2017,235000,1775000,Petrol,Lahore,Original,Local,Manual,9,23500.0
Honda,City IVTEC,2011,154000,2390000,Petrol,Lahore,Original,Local,Manual,15,9625.0
Daihatsu,Mira,2021,4500,4080000,Petrol,Karachi,Original,Imported,Automatic,5,750.0
Suzuki,Wagon R,2018,50000,2450000,Petrol,Lahore,Original,Imported,Automatic,8,5555.555555555556
Toyota,Corolla XLI,2011,100000,1800000,Petrol,Karachi,Original,Imported,Manual,15,6250.0
Honda,Civic Oriel,2005,166000,1450000,Petrol,Karachi,Original,Imported,Automatic,21,7545.454545454545
Suzuki,Bolan,2003,6790,575000,Petrol,Faisalabad,Original,Local,Manual,23,282.9166666666667
Toyota,Yaris,2020,55000,3900000,Petrol,Karachi,Original,Local,Automatic,6,7857.142857142857
Suzuki,Alto,2010,190000,890000,Petrol,Multan,Original,Local,Manual,16,11176.470588235294
Toyota,Corolla GLI,2015,125000,2890000,Petrol,Sindh,Original,Local,Manual,11,10416.666666666666
Suzuki,Mehran VXR,2015,74000,950000,Petrol,Abbottabad,Original,Local,Manual,11,6166.666666666667
Suzuki,Bolan,2018,100000,1250000,Petrol,Sindh,Original,Local,Manual,8,11111.111111111111
Daihatsu,Hijet,2021,169000,1430000,Petrol,Punjab,Original,Imported,Automatic,5,28166.666666666668
KIA,Sportage,2004,123456,1550000,Petrol,Lahore,Original,Imported,Manual,22,5367.652173913043
Honda,City IVTEC,2010,145000,2450000,Petrol,Lahore,Original,Local,Manual,16,8529.411764705883
Suzuki,Ravi,2015,26000,825000,Petrol,Karachi,Original,Imported,Manual,11,2166.6666666666665
Toyota,Passo,2013,215000,2770000,Petrol,Islamabad,Original,Imported,Automatic,13,15357.142857142857
Toyota,Corolla GLI,2017,125000,3890000,Petrol,Lahore,Original,Local,Manual,9,12500.0
Toyota,Corolla XLI,2011,119000,2250000,Petrol,Sindh,Original,Local,Manual,15,7437.5
Suzuki,Bolan,2011,80000,850000,Petrol,Karachi,Original,Local,Manual,15,5000.0
KIA,Classic,2005,125482,620000,Petrol,Peshawar,Original,Imported,Manual,21,5703.727272727273
Suzuki,Alto,2019,150000,1600000,Petrol,Lahore,Original,Imported,Automatic,7,18750.0
Suzuki,Baleno,2000,300000,790000,Petrol,Lahore,Original,Imported,Manual,26,11111.111111111111
Daihatsu,Mira,2012,140000,2450000,Petrol,Karachi,Original,Imported,Automatic,14,9333.333333333334
Toyota,Passo,2020,28650,4000000,Petrol,Unregistered,Original,Imported,Automatic,6,4092.8571428571427
Changan,Karvaan,2021,63000,2300000,Petrol,Islamabad,Original,Local,Manual,5,10500.0
Suzuki,Alto,2010,96966,680000,CNG,Mardan,Original,Imported,Manual,16,5703.882352941177
Daihatsu,Mira,2020,28000,3550000,Petrol,Unregistered,Original,Imported,Automatic,6,4000.0
Suzuki,Wagon R,2017,68000,2100000,Petrol,Lahore,Original,Imported,Manual,9,6800.0
Honda,Civic Prosmetic,2002,12345,1375000,Petrol,Punjab,Original,Local,Automatic,24,493.8
Suzuki,Wagon R,2019,86000,2150000,Petrol,Lahore,Original,Local,Manual,7,10750.0
Honda,Civic Prosmetic,2014,112900,3585000,Petrol,Lahore,Original,Local,Automatic,12,8684.615384615385
Toyota,Corolla GLI,2018,140000,3950000,Petrol,Lahore,Original,Local,Manual,8,15555.555555555555
Daihatsu,Cuore,2001,119000,810000,Petrol,Multan,Original,Imported,Manual,25,4576.923076923077
Suzuki,Mehran VXR,2016,80000,1175000,Petrol,Lahore,Original,Local,Manual,10,7272.727272727273
Toyota,Corrolla Altis,2008,20000,2200000,Petrol,Sindh,Original,Local,Automatic,18,1052.6315789473683
Daihatsu,Mira,2007,125000,1230000,Petrol,Karachi,Original,Imported,Automatic,19,6250.0
Mitsubishi,Ek Wagon,2012,85000,1700000,Petrol,Lahore,Original,Imported,Automatic,14,5666.666666666667
Hyundai,Santro,2005,120526,810000,Petrol,Karachi,Original,Imported,Manual,21,5478.454545454545
Toyota,Yaris,2021,32000,4490000,Petrol,Punjab,Original,Local,Automatic,5,5333.333333333333
Honda,Civic Prosmetic,2011,201000,2560000,Petrol,Islamabad,Original,Local,Automatic,15,12562.5
Toyota,Yaris,2021,60000,3760000,Petrol,Lahore,Original,Local,Manual,5,10000.0
Toyota,Passo,2012,209155,1900000,Petrol,Islamabad,Original,Imported,Automatic,14,13943.666666666666
Suzuki,Wagon R,2014,250000,2250000,Petrol,Islamabad,Original,Imported,Automatic,12,19230.76923076923
Daihatsu,Move,2020,13500,3750000,Petrol,Karachi,Original,Imported,Automatic,6,1928.5714285714287
Hyundai,Santro,2008,78000,1125000,Petrol,Lahore,Original,Local,Manual,18,4105.263157894737
Mitsubishi,Pajero Mini,2007,12345,1255000,Petrol,Karachi,Original,Imported,Manual,19,617.25
Suzuki,Bolan,2007,100000,450000,Petrol,Sahiwal,Original,Imported,Manual,19,5000.0
Daihatsu,Mira,2012,155000,2170000,Petrol,Lahore,Original,Imported,Automatic,14,10333.333333333334
Suzuki,Wagon R,2018,64000,2085000,Petrol,Lahore,Original,Local,Manual,8,7111.111111111111
Daihatsu,Cuore,2010,218000,1020000,Petrol,Lahore,Original,Local,Manual,16,12823.529411764706
Toyota,Corrolla Altis,2005,85000,1565000,Petrol,Karachi,Original,Local,Automatic,21,3863.6363636363635
Suzuki,Bolan,2013,50000,780000,Petrol,Karachi,Original,Local,Manual,13,3571.4285714285716
Honda,City Aspire,2018,95000,3900000,Petrol,Lahore,Original,Imported,Automatic,8,10555.555555555555
Toyota,Corolla XLI,2011,60000,2000000,Petrol,Karachi,Original,Local,Manual,15,3750.0
Daihatsu,Mira,2016,81000,1630000,Petrol,Islamabad,Original,Imported,Automatic,10,7363.636363636364
Suzuki,Mehran VXR,2012,123456,850000,Petrol,Islamabad,Original,Local,Manual,14,8230.4
Toyota,Corolla GLI,2005,12345,1500000,Petrol,Attock,Original,Imported,Manual,21,561.1363636363636
Suzuki,Baleno,2003,123456,780000,Petrol,Karachi,Original,Local,Manual,23,5144.0
KIA,Classic,2000,12345,365000,Petrol,Lahore,Original,Local,Manual,26,457.22222222222223
Toyota,Corolla GLI,2013,225000,2550000,Petrol,Lahore,Original,Local,Manual,13,16071.42857142857
Daihatsu,Mira,2013,138000,1500000,Petrol,Karachi,Original,Imported,Manual,13,9857.142857142857
Honda,City IVTEC,2013,115000,2550000,Petrol,Lahore,Original,Local,Manual,13,8214.285714285714
Changan,Alsvin,2021,23539,4025000,Petrol,Punjab,Original,Local,Automatic,5,3923.1666666666665
Suzuki,Mehran VXR,2008,90000,750000,Petrol,Islamabad,Original,Imported,Manual,18,4736.8421052631575
FAW,V2,2018,85000,1360000,Petrol,Karachi,Original,Imported,Manual,8,9444.444444444445
Daihatsu,Cuore,2006,123456,640000,Petrol,Lahore,Original,Local,Manual,20,5878.857142857143
Suzuki,Alto,2019,16500,2450000,Petrol,Punjab,Original,Local,Automatic,7,2062.5
Honda,City IVTEC,2011,86000,2575000,Petrol,Islamabad,Original,Local,Manual,15,5375.0
Suzuki,Wagon R,2007,170000,1570000,Petrol,Islamabad,Original,Imported,Automatic,19,8500.0
Suzuki,Every,2012,150000,1350000,Petrol,Lahore,Original,Imported,Automatic,14,10000.0
Toyota,Corrolla Altis,2018,112000,4750000,Petrol,Lahore,Original,Local,Automatic,8,12444.444444444445
Suzuki,Bolan,2019,80000,1450000,Petrol,Lahore,Original,Local,Manual,7,10000.0
Suzuki,Mehran VXR,2015,63000,1180000,Petrol,Lahore,Original,Local,Manual,11,5250.0
Honda,Civic Oriel,2003,200000,1630000,Petrol,Lahore,Original,Local,Manual,23,8333.333333333334
Toyota,Corolla XLI,2019,99000,4250000,Petrol,Lahore,Original,Local,Automatic,7,12375.0
Suzuki,Wagon R,2014,216000,1875000,Petrol,Lahore,Original,Local,Manual,12,16615.384615384617
Daihatsu,Mira,2012,133000,1950000,Petrol,Karachi,Original,Imported,Automatic,14,8866.666666666666
Toyota,Yaris,2021,35000,4500000,Petrol,Punjab,Original,Local,Automatic,5,5833.333333333333
Suzuki,Baleno,2005,300000,995000,Petrol,Lahore,Original,Local,Manual,21,13636.363636363636
Toyota,Yaris,2021,40000,3900000,Petrol,Karachi,Original,Local,Manual,5,6666.666666666667
Suzuki,Mehran VXR,2013,80000,925000,Petrol,Lahore,Original,Local,Manual,13,5714.285714285715
Suzuki,Swift,2021,17500,3200000,Petrol,Karachi,Original,Local,Automatic,5,2916.6666666666665
Suzuki,Alto,2010,80000,850000,Petrol,Karachi,Original,Local,Manual,16,4705.882352941177
Hyundai,Santro,2005,205683,825000,Petrol,Lahore,Original,Imported,Manual,21,9349.227272727272
Mitsubishi,Lancer,2007,140000,2000000,Petrol,Lahore,Original,Imported,Automatic,19,7000.0
Daihatsu,Terios Kid,2006,112000,1350000,Petrol,Karachi,Original,Imported,Automatic,20,5333.333333333333
Toyota,Corolla GLI,2008,200000,1825000,Petrol,Lahore,Original,Local,Manual,18,10526.315789473685
Suzuki,Mehran VXR,2007,123456,630000,CNG,Bahawalpur,Original,Local,Manual,19,6172.8
Suzuki,Swift,2018,57258,2650000,Petrol,Lahore,Original,Local,Automatic,8,6362.0
Suzuki,Mehran VXR,2015,55000,1055000,Petrol,Lahore,Original,Imported,Manual,11,4583.333333333333
Honda,Civic Oriel,2006,160000,2675000,Petrol,Lahore,Original,Local,Automatic,20,7619.047619047619
Suzuki,Alto,2015,125000,2750000,Petrol,Islamabad,Original,Imported,Automatic,11,10416.666666666666
Daihatsu,Mira,2018,100000,3400000,Petrol,Islamabad,Original,Imported,Automatic,8,11111.111111111111
Suzuki,Bolan,2018,50000,1370000,Petrol,Sindh,Original,Local,Manual,8,5555.555555555556
Suzuki,Swift,2017,85369,2350000,Petrol,Lahore,Original,Local,Automatic,9,8536.9
Suzuki,Baleno,2001,123456,850000,Petrol,Lahore,Original,Imported,Manual,25,4748.307692307692
Suzuki,Alto,2023,32645,2450000,Petrol,Karachi,Original,Imported,Manual,3,8161.25
Suzuki,Bolan,2013,50000,975000,Petrol,Lahore,Original,Imported,Manual,13,3571.4285714285716
Daihatsu,Hijet,2016,12345,1250000,Petrol,Lahore,Original,Imported,Manual,10,1122.2727272727273
Toyota,Altis Grande,2016,100000,4500000,Petrol,Lahore,Original,Local,Automatic,10,9090.90909090909
Toyota,Corrolla Altis,2018,112000,4750000,Petrol,Lahore,Original,Imported,Automatic,8,12444.444444444445
Daihatsu,Mira,2020,29000,3650000,Petrol,Unregistered,Original,Imported,Automatic,6,4142.857142857143
Suzuki,Mehran VXR,2019,17000,1450000,Petrol,Sindh,Original,Local,Manual,7,2125.0
Toyota,Corolla GLI,2012,164000,2400000,Petrol,Sindh,Original,Local,Manual,14,10933.333333333334
Honda,City Aspire,2016,93000,3300000,Petrol,Lahore,Original,Local,Automatic,10,8454.545454545454
Suzuki,Every,2017,160000,1650000,Petrol,Lahore,Original,Imported,Automatic,9,16000.0
Toyota,Altis Grande,2010,104000,2550000,Petrol,Karachi,Original,Local,Automatic,16,6117.64705882353
Mercedes,E Class,2004,156878,4000000,Petrol,Lahore,Original,Imported,Automatic,22,6820.782608695652
Honda,Civic Prosmetic,2007,180000,1950000,Petrol,Lahore,Original,Local,Automatic,19,9000.0
Chevrolet,Joy,2008,12345,850000,Petrol,Lahore,Original,Imported,Manual,18,649.7368421052631
Honda,City IVTEC,2009,110000,2250000,Petrol,Multan,Original,Local,Manual,17,6111.111111111111
Suzuki,Every,2014,289000,1350000,Petrol,Lahore,Original,Imported,Manual,12,22230.76923076923
Daihatsu,Cuore,2001,137000,600000,Petrol,Karachi,Original,Imported,Manual,25,5269.2307692307695
Suzuki,Wagon R,2016,49000,2000000,Petrol,Lahore,Original,Local,Manual,10,4454.545454545455
Hyundai,Santro,2001,173000,900000,Petrol,Islamabad,Original,Local,Manual,25,6653.846153846154
Honda,City IVTEC,2018,46000,3350000,Petrol,Sindh,Original,Local,Manual,8,5111.111111111111
Suzuki,Baleno,2005,290000,910000,Petrol,Sargodha,Original,Imported,Manual,21,13181.818181818182
Toyota,Corolla GLI,2020,73000,4190000,Petrol,Lahore,Original,Local,Manual,6,10428.57142857143
Daihatsu,Mira,2016,108000,2200000,Petrol,Lahore,Original,Imported,Automatic,10,9818.181818181818
Suzuki,Bolan,2015,51544,710000,Petrol,Sahiwal,Original,Imported,Manual,11,4295.333333333333
Honda,City Vario,2006,91000,2800000,Petrol,Lahore,Original,Local,Automatic,20,4333.333333333333
Hyundai,Santro,2001,97000,675000,Petrol,Lahore,Original,Imported,Manual,25,3730.769230769231
Daihatsu,Mira,2012,130000,2020000,Petrol,Karachi,Original,Imported,Automatic,14,8666.666666666666
Suzuki,Bolan,2021,62000,1700000,Petrol,Islamabad,Original,Local,Manual,5,10333.333333333334
Daihatsu,Hijet,2016,15000,1400000,Petrol,Karachi,Original,Imported,Automatic,10,1363.6363636363637
Honda,Civic Prosmetic,2008,135000,2000000,Petrol,Islamabad,Original,Local,Automatic,18,7105.263157894737
Honda,City Aspire,2022,4800,5000000,Petrol,Karachi,Original,Local,Automatic,4,960.0
Suzuki,Wagon R,2022,49000,3125000,Petrol,Lahore,Original,Local,Automatic,4,9800.0
Honda,City IVTEC,2016,92000,3750000,Petrol,Islamabad,Original,Local,Automatic,10,8363.636363636364
Honda,City IVTEC,2011,123000,2900000,Petrol,Lahore,Original,Local,Manual,15,7687.5
Honda,City Aspire,2010,148000,2760000,Petrol,Lahore,Original,Local,Manual,16,8705.882352941177
Daihatsu,Mira,2008,100000,1600000,Petrol,Karachi,Original,Imported,Automatic,18,5263.1578947368425
Honda,City Aspire,2020,80000,3890000,Petrol,Punjab,Original,Local,Automatic,6,11428.57142857143
Mitsubishi,Ek Wagon,2012,85000,1735000,Petrol,Lahore,Original,Imported,Automatic,14,5666.666666666667
Suzuki,Cultus VXR,2013,30852,1240000,Petrol,Lahore,Original,Local,Manual,13,2203.714285714286
Daihatsu,Mira,2009,136000,1600000,Petrol,Karachi,Original,Imported,Automatic,17,7555.555555555556
Honda,City IVTEC,2016,43000,3200000,Petrol,Lahore,Original,Local,Manual,10,3909.090909090909
Daihatsu,Move,2013,71000,1980000,Petrol,Karachi,Original,Imported,Automatic,13,5071.428571428572
Daihatsu,Mira,2008,100000,1450000,Petrol,Karachi,Original,Imported,Automatic,18,5263.1578947368425
Suzuki,Wagon R,2017,97000,1950000,Petrol,Sindh,Original,Local,Manual,9,9700.0
Suzuki,Bolan,2014,60000,850000,Petrol,Karachi,Original,Local,Manual,12,4615.384615384615
Honda,City IVTEC,2021,6100,4135000,Petrol,Punjab,Original,Local,Manual,5,1016.6666666666666
Chevrolet,Exclusive,2003,150000,680000,Petrol,Lahore,Original,Local,Manual,23,6250.0
Suzuki,Cultus VXR,2015,39000,1420000,Petrol,Karachi,Original,Local,Manual,11,3250.0
Daihatsu,Mira,2014,51826,1650000,Petrol,Lahore,Original,Imported,Automatic,12,3986.6153846153848
Toyota,Passo,2010,91452,2450000,Petrol,Islamabad,Original,Imported,Automatic,16,5379.529411764706
Hyundai,Santro,2007,72650,1090000,Petrol,Multan,Original,Imported,Manual,19,3632.5
Honda,City Vario,2007,156000,1980000,Petrol,Lahore,Original,Local,Automatic,19,7800.0
Daihatsu,Cuore,2003,21860,750000,Petrol,Karachi,Original,Local,Manual,23,910.8333333333334
Suzuki,Bolan,2019,26530,1350000,Petrol,Karachi,Original,Local,Manual,7,3316.25
Suzuki,Alto,2020,42000,2090000,Petrol,Karachi,Original,Local,Manual,6,6000.0
Toyota,Altis Grande,2015,77000,3580000,Petrol,Karachi,Original,Local,Automatic,11,6416.666666666667
Toyota,Corolla XLI,2011,10000,1950000,Petrol,Lahore,Original,Imported,Manual,15,625.0
Suzuki,Swift,2016,81000,2450000,Petrol,Lahore,Original,Local,Manual,10,7363.636363636364
Daihatsu,Hijet,2013,109000,1425000,Petrol,Karachi,Original,Imported,Automatic,13,7785.714285714285
Honda,City IVTEC,2019,33700,3900000,Petrol,Lahore,Original,Local,Manual,7,4212.5
Honda,Civic Prosmetic,2010,117580,2380000,Petrol,Lahore,Original,Imported,Automatic,16,6916.470588235294
Toyota,Passo,2013,76000,2500000,Petrol,Rawalpindi,Original,Imported,Automatic,13,5428.571428571428
Toyota,Passo,2017,85000,3350000,Petrol,Islamabad,Original,Imported,Automatic,9,8500.0
Mitsubishi,Lancer,2006,128000,1500000,Petrol,Sindh,Original,Imported,Automatic,20,6095.238095238095
Suzuki,Cultus VXR,2005,6500,780000,Petrol,Lahore,Original,Imported,Manual,21,295.45454545454544
Suzuki,Wagon R,2019,60000,2550000,Petrol,Lahore,Original,Local,Manual,7,7500.0
Suzuki,Swift,2016,20000,2600000,Petrol,Islamabad,Original,Local,Manual,10,1818.1818181818182
Toyota,Corolla GLI,2009,12345,2000000,Petrol,Karachi,Original,Local,Manual,17,685.8333333333334
Daihatsu,Cuore,2004,12345,950000,Petrol,Karachi,Original,Local,Automatic,22,536.7391304347826
Toyota,Corolla XLI,2008,150000,1700000,Petrol,Karachi,Original,Imported,Manual,18,7894.736842105263
Daihatsu,Hijet,2013,95000,1525000,Petrol,Karachi,Original,Imported,Automatic,13,6785.714285714285
Toyota,Yaris,2020,31000,4600000,Petrol,Punjab,Original,Local,Automatic,6,4428.571428571428
Hyundai,Santro,2000,10000,560000,Petrol,Karachi,Original,Imported,Manual,26,370.3703703703704
Honda,Civic Prosmetic,2007,98000,1950000,Petrol,Sindh,Original,Imported,Automatic,19,4900.0
Toyota,Corolla GLI,2009,125000,1950000,Petrol,Lahore,Original,Local,Manual,17,6944.444444444444
Toyota,Corolla GLI,2017,101323,4100000,Petrol,Lahore,Original,Local,Automatic,9,10132.3
Daihatsu,Cuore,2010,25010,750000,Petrol,Larkana,Original,Local,Manual,16,1471.1764705882354
Honda,Civic Prosmetic,2013,201000,2720000,Petrol,Karachi,Original,Local,Automatic,13,14357.142857142857
Honda,City IVTEC,2016,50000,4800000,Petrol,Islamabad,Original,Imported,Automatic,10,4545.454545454545
Chevrolet,Exclusive,2003,50000,600000,Petrol,Karachi,Original,Imported,Manual,23,2083.3333333333335
Hyundai,Santro,2005,123000,875000,Petrol,Lahore,Original,Local,Manual,21,5590.909090909091
Suzuki,Wagon R,2023,9500,3050000,Petrol,Lahore,Original,Local,Manual,3,2375.0
KIA,Picanto,2020,27300,2970000,Petrol,Punjab,Original,Imported,Automatic,6,3900.0
Suzuki,Alto,2012,58000,1250000,Petrol,Lahore,Original,Local,Manual,14,3866.6666666666665
KIA,Classic,2000,15000,300000,Petrol,Lahore,Original,Imported,Manual,26,555.5555555555555
Hyundai,Santro,2008,72708,1200000,Petrol,Lahore,Original,Local,Manual,18,3826.7368421052633
Daihatsu,Mira,2019,58000,3450000,Petrol,Lahore,Original,Imported,Automatic,7,7250.0
Daihatsu,Hijet,2012,118000,1550000,Petrol,Karachi,Original,Imported,Automatic,14,7866.666666666667
Daihatsu,Cuore,2007,100000,780000,Petrol,Lahore,Original,Local,Manual,19,5000.0
Honda,Civic Oriel,2016,85000,3650000,Petrol,Islamabad,Original,Local,Manual,10,7727.272727272727
Daihatsu,Cuore,2010,123456,810000,Petrol,Karachi,Original,Local,Manual,16,7262.117647058823
Toyota,Corolla GLI,2015,164000,3150000,Petrol,Islamabad,Original,Local,Manual,11,13666.666666666666
Suzuki,Swift,2013,111777,2300000,Petrol,Karachi,Original,Imported,Automatic,13,7984.071428571428
Toyota,Corolla XLI,2017,58000,3050000,Petrol,Karachi,Original,Local,Manual,9,5800.0
Toyota,Passo,2021,6900,4350000,Petrol,Karachi,Original,Imported,Automatic,5,1150.0
Daihatsu,Cuore,2008,112500,1145000,Petrol,Karachi,Original,Local,Automatic,18,5921.0526315789475
Honda,Civic Prosmetic,2013,69000,3650000,Petrol,Lahore,Original,Local,Automatic,13,4928.571428571428
Toyota,Corrolla Altis,2015,105000,3750000,Petrol,Lahore,Original,Local,Automatic,11,8750.0
Toyota,Altis Grande,2015,96000,4000000,Petrol,Karachi,Original,Local,Automatic,11,8000.0
Mitsubishi,Lancer,2023,165000,1200000,Petrol,Lahore,Original,Imported,Manual,3,41250.0
Honda,City Aspire,2009,1234,2450000,Petrol,Lahore,Original,Local,Automatic,17,68.55555555555556
Suzuki,Bolan,2022,38000,1760000,Petrol,Punjab,Original,Local,Manual,4,7600.0
Suzuki,Every,2013,120000,1900000,Petrol,Lahore,Original,Imported,Automatic,13,8571.42857142857
FAW,V2,2015,40000,1500000,Petrol,Islamabad,Original,Local,Manual,11,3333.3333333333335
Hyundai,Santro,2006,235000,1145000,Petrol,Lahore,Original,Local,Manual,20,11190.47619047619
Toyota,Passo,2007,73000,1900000,Petrol,Karachi,Original,Imported,Automatic,19,3650.0
Suzuki,Every,2005,15000,980000,Petrol,Karachi,Original,Imported,Automatic,21,681.8181818181819
Suzuki,Bolan,2012,90000,550000,Petrol,Faisalabad,Original,Imported,Automatic,14,6000.0
Suzuki,Alto,2021,33800,2200000,Petrol,Sindh,Original,Local,Manual,5,5633.333333333333
Suzuki,Wagon R,2023,8500,2875000,Petrol,Lahore,Original,Local,Manual,3,2125.0
Honda,City IVTEC,2010,145000,2500000,Petrol,Lahore,Original,Local,Manual,16,8529.411764705883
Toyota,Corolla XLI,2006,123456,2200000,Petrol,Islamabad,Original,Imported,Manual,20,5878.857142857143
Suzuki,Bolan,2007,100000,630000,Petrol,Karachi,Original,Imported,Manual,19,5000.0
Toyota,Corolla XLI,2016,56200,3250000,Petrol,Karachi,Original,Local,Automatic,10,5109.090909090909
Toyota,Altis Grande,2017,81625,4725000,Petrol,Karachi,Original,Local,Automatic,9,8162.5
Chevrolet,Joy,2005,100000,700000,Petrol,Lahore,Original,Imported,Manual,21,4545.454545454545
Daihatsu,Terios Kid,2016,120000,2100000,Petrol,Lahore,Original,Imported,Automatic,10,10909.09090909091
Suzuki,Baleno,2005,80000,1100000,Petrol,Islamabad,Original,Imported,Manual,21,3636.3636363636365
Daihatsu,Cuore,2011,12345,1250000,Petrol,Lahore,Original,Imported,Manual,15,771.5625
Daihatsu,Cuore,2010,130000,820000,Petrol,Karachi,Original,Local,Manual,16,7647.058823529412
Daihatsu,Hijet,2013,50000,1450000,Petrol,Karachi,Original,Imported,Automatic,13,3571.4285714285716
Toyota,Corrolla Altis,2017,104000,3980000,Petrol,Sindh,Original,Local,Automatic,9,10400.0
Honda,Civic Oriel,2007,23505,1790000,Petrol,Lahore,Original,Local,Manual,19,1175.25
Daihatsu,Cuore,2007,95000,675000,Petrol,Karachi,Original,Local,Manual,19,4750.0
Daihatsu,Cuore,2009,143000,870000,Petrol,Sindh,Original,Local,Manual,17,7944.444444444444
Suzuki,Swift,2020,32000,2975000,Petrol,Karachi,Original,Local,Automatic,6,4571.428571428572
Changan,Alsvin,2021,24700,3550000,Petrol,Karachi,Original,Local,Automatic,5,4116.666666666667
Hyundai,Santro,2008,213000,1200000,Petrol,Islamabad,Original,Imported,Manual,18,11210.526315789473
Honda,Civic Prosmetic,2006,170000,2200000,Petrol,Islamabad,Original,Local,Automatic,20,8095.238095238095
Suzuki,Wagon R,2020,83000,2250000,Petrol,Lahore,Original,Local,Manual,6,11857.142857142857
Suzuki,Swift,2018,40000,2600000,Petrol,Karachi,Original,Local,Automatic,8,4444.444444444444
Honda,City IVTEC,2006,1250,1900000,Petrol,Karachi,Original,Imported,Automatic,20,59.523809523809526
Suzuki,Alto,2020,49000,2100000,Petrol,Karachi,Original,Local,Manual,6,7000.0
Toyota,Corolla XLI,2012,276000,2215000,Petrol,Lahore,Original,Imported,Manual,14,18400.0
Suzuki,Cultus VXR,2007,200000,750000,Petrol,Karachi,Original,Imported,Manual,19,10000.0
Honda,Civic Oriel,2017,85000,4525000,Petrol,Lahore,Original,Local,Automatic,9,8500.0
Suzuki,Swift,2012,124928,1750000,Petrol,Lahore,Original,Local,Manual,14,8328.533333333333
Changan,Karvaan,2022,45000,2215000,Petrol,Karachi,Original,Local,Manual,4,9000.0
Suzuki,Alto,2010,190000,890000,Petrol,Multan,Original,Local,Manual,16,11176.470588235294
Daihatsu,Cuore,2009,100000,890000,Petrol,Lahore,Original,Local,Manual,17,5555.555555555556
Honda,Civic Prosmetic,2007,211000,2000000,Petrol,Islamabad,Original,Local,Automatic,19,10550.0
Suzuki,Bolan,2016,87960,1050000,Petrol,Lahore,Original,Local,Manual,10,7996.363636363636
Toyota,Corrolla Altis,2008,55000,2700000,Petrol,Karachi,Original,Imported,Automatic,18,2894.7368421052633
Honda,Civic Oriel,2003,100000,1375000,Petrol,Rawalpindi,Original,Imported,Manual,23,4166.666666666667
Honda,City Aspire,2012,152000,2645000,Petrol,Islamabad,Duplicate,Local,Automatic,14,10133.333333333334
Daihatsu,Move,2013,105000,2250000,Petrol,Multan,Original,Imported,Automatic,13,7500.0
Toyota,Corrolla Altis,2002,100000,1650000,Petrol,Sindh,Original,Local,Automatic,24,4000.0
Toyota,Corrolla Altis,2014,66000,3400000,Petrol,Karachi,Original,Local,Automatic,12,5076.923076923077
Honda,City IVTEC,2019,50000,4000000,Petrol,Lahore,Original,Local,Automatic,7,6250.0
Honda,Civic Prosmetic,2011,156000,2600000,Petrol,Lahore,Original,Local,Automatic,15,9750.0
Toyota,Altis Grande,2017,107000,4650000,Petrol,Lahore,Original,Local,Automatic,9,10700.0
Toyota,Corolla GLI,2017,92000,3720000,Petrol,Lahore,Original,Local,Manual,9,9200.0
Suzuki,Alto,2021,27854,2310000,Petrol,Punjab,Original,Local,Manual,5,4642.333333333333
KIA,Sportage,2003,100000,1450000,CNG,Islamabad,Original,Imported,Manual,23,4166.666666666667
Suzuki,Ravi,2015,69558,850000,Petrol,Lahore,Original,Local,Manual,11,5796.5
Daihatsu,Hijet,2011,70000,1600000,Petrol,Lahore,Original,Imported,Automatic,15,4375.0
Suzuki,Bolan,2013,12358,910000,Petrol,Lahore,Original,Local,Manual,13,882.7142857142857
Suzuki,Wagon R,2018,95000,2050000,Petrol,Lahore,Original,Local,Manual,8,10555.555555555555
Mitsubishi,Ek Wagon,2007,107443,1550000,Petrol,Karachi,Original,Imported,Automatic,19,5372.15
Chevrolet,Exclusive,2004,125000,665000,Petrol,Lahore,Original,Imported,Manual,22,5434.782608695652
Toyota,Yaris,2021,18000,4500000,Petrol,Lahore,Original,Local,Automatic,5,3000.0
Hyundai,Santro,2003,177000,630000,CNG,Karachi,Duplicate,Imported,Manual,23,7375.0
Daihatsu,Mira,2023,7500,3460000,Petrol,Karachi,Original,Imported,Automatic,3,1875.0
Changan,Alsvin,2022,40000,4150000,Petrol,Unknown,Original,Imported,Automatic,4,8000.0
Honda,Civic Prosmetic,2004,109000,1265000,Petrol,Karachi,Original,Local,Manual,22,4739.130434782609
Chevrolet,Joy,2004,115000,820000,Petrol,Lahore,Original,Imported,Manual,22,5000.0
Daihatsu,Cuore,2007,189890,880000,Petrol,Karachi,Original,Local,Manual,19,9494.5
Daihatsu,Mira,2022,5000,3600000,Petrol,Karachi,Original,Imported,Automatic,4,1000.0
Hyundai,Santro,2006,17000,849999,Petrol,Lahore,Original,Local,Manual,20,809.5238095238095
FAW,V2,2018,85500,1625000,Petrol,Islamabad,Original,Imported,Manual,8,9500.0
Honda,City IDSI,2008,12345,1700000,Petrol,Karachi,Original,Local,Manual,18,649.7368421052631
Honda,Civic Oriel,2016,79000,4250000,Petrol,Karachi,Original,Local,Automatic,10,7181.818181818182
Toyota,Corolla GLI,2013,75000,2450000,Petrol,Karachi,Original,Imported,Manual,13,5357.142857142857
Toyota,Passo,2018,180000,2675000,Petrol,Lahore,Original,Imported,Automatic,8,20000.0
KIA,Classic,2001,120000,300000,Petrol,Lahore,Original,Local,Manual,25,4615.384615384615
Suzuki,Cultus VXR,2007,11111,760000,CNG,Karachi,Original,Local,Manual,19,555.55
Honda,Civic Prosmetic,2007,100000,1860000,Petrol,Karachi,Original,Local,Automatic,19,5000.0
Suzuki,Alto,2012,11196,1300000,Petrol,Lahore,Original,Imported,Manual,14,746.4
Honda,Civic Prosmetic,2013,114000,2850000,Petrol,Karachi,Original,Local,Automatic,13,8142.857142857143
Toyota,Corolla XLI,2005,200000,1450000,Petrol,Lahore,Original,Local,Manual,21,9090.90909090909
Suzuki,Alto,2020,78500,2150000,Petrol,Islamabad,Original,Local,Manual,6,11214.285714285714
Hyundai,Santro,2003,1000,900000,Petrol,Sahiwal,Original,Imported,Automatic,23,41.666666666666664
Suzuki,Bolan,2017,85000,1150000,Petrol,Lahore,Original,Local,Manual,9,8500.0
Honda,City Vario,2007,117000,1750000,Petrol,Sindh,Original,Local,Automatic,19,5850.0
Daihatsu,Cuore,2011,100000,1100000,CNG,Karachi,Original,Local,Manual,15,6250.0
Hyundai,Santro,2001,85000,650000,Petrol,Sahiwal,Duplicate,Local,Manual,25,3269.230769230769
Hyundai,Santro,2004,185000,850000,Petrol,Lahore,Original,Local,Manual,22,8043.478260869565
Honda,City IVTEC,2015,80000,2830000,Petrol,Sindh,Original,Imported,Manual,11,6666.666666666667
Honda,Civic Prosmetic,2016,158000,4900000,Petrol,Lahore,Original,Local,Automatic,10,14363.636363636364
Suzuki,Swift,2017,137464,2150000,Petrol,Lahore,Original,Local,Manual,9,13746.4
Hyundai,Santro,2005,157000,955000,Petrol,Lahore,Original,Local,Manual,21,7136.363636363636
Suzuki,Bolan,2010,2010,780000,Petrol,Lahore,Original,Imported,Manual,16,118.23529411764706
Daihatsu,Hijet,2012,135000,1350000,Petrol,Sindh,Original,Imported,Automatic,14,9000.0
Hyundai,Santro,2005,130000,855000,Petrol,Lahore,Original,Imported,Manual,21,5909.090909090909
Honda,City IVTEC,2015,104230,2725000,Petrol,Karachi,Original,Local,Manual,11,8685.833333333334
Honda,City IVTEC,2018,66500,3050000,Petrol,Lahore,Original,Local,Manual,8,7388.888888888889
Suzuki,Baleno,2006,321450,1050000,CNG,Peshawar,Original,Local,Manual,20,15307.142857142857
Honda,City IVTEC,2019,80000,3400000,Petrol,Lahore,Original,Local,Manual,7,10000.0
Honda,City IVTEC,2023,4000,4550000,Petrol,Lahore,Original,Imported,Manual,3,1000.0
Suzuki,Alto,2004,165000,660000,Petrol,Sindh,Original,Imported,Manual,22,7173.913043478261
FAW,X-PV,2019,47000,1350000,Petrol,Karachi,Original,Local,Manual,7,5875.0
Suzuki,Mehran VXR,2009,96000,620000,Petrol,Faisalabad,Original,Local,Manual,17,5333.333333333333
Mitsubishi,Lancer,2005,140000,1350000,Petrol,Faisalabad,Original,Imported,Manual,21,6363.636363636364
Honda,Civic Prosmetic,2013,115000,3000000,Petrol,Lahore,Original,Local,Automatic,13,8214.285714285714
Daihatsu,Mira,2006,160000,1495000,Petrol,Lahore,Original,Imported,Automatic,20,7619.047619047619
Honda,City Aspire,2015,146445,2900000,Petrol,Lahore,Original,Imported,Manual,11,12203.75
Suzuki,Cultus VXR,2012,96000,950000,Petrol,Multan,Original,Local,Manual,14,6400.0
Honda,Civic Oriel,2011,15555,1680000,Petrol,Lahore,Original,Imported,Manual,15,972.1875
Honda,City IVTEC,2015,112000,3150000,Petrol,Lahore,Original,Local,Automatic,11,9333.333333333334
KIA,Classic,2001,50000,430000,CNG,Multan,Original,Local,Manual,25,1923.076923076923
Suzuki,Mehran VXR,2015,65000,870000,Petrol,Lahore,Original,Local,Manual,11,5416.666666666667
Toyota,Passo,2016,98000,3155000,Petrol,Karachi,Original,Imported,Automatic,10,8909.09090909091
Suzuki,Bolan,2014,120000,1180000,Petrol,Lahore,Original,Local,Manual,12,9230.76923076923
Daihatsu,Cuore,2009,12388,900000,Petrol,Karachi,Original,Local,Automatic,17,688.2222222222222
Honda,City Vario,2006,117254,1780000,Petrol,Karachi,Original,Local,Automatic,20,5583.523809523809
Mercedes,E Class,2004,162000,3590000,Petrol,Sindh,Original,Imported,Automatic,22,7043.478260869565
Toyota,Corolla XLI,2010,249000,1940000,Petrol,Lahore,Original,Local,Manual,16,14647.058823529413
Suzuki,Baleno,2000,94501,920000,Petrol,Lahore,Original,Local,Manual,26,3500.037037037037
Honda,City IDSI,2004,75000,1785000,Petrol,Rawalpindi,Original,Local,Manual,22,3260.8695652173915
Honda,City IVTEC,2018,70000,3245000,Petrol,Lahore,Original,Local,Manual,8,7777.777777777777
Toyota,Yaris,2022,28000,4050000,Petrol,Islamabad,Original,Local,Manual,4,5600.0
Suzuki,Wagon R,2017,85000,1925000,Petrol,Lahore,Original,Local,Manual,9,8500.0
Daihatsu,Cuore,2009,1234,1000000,Petrol,Karachi,Original,Local,Manual,17,68.55555555555556
Daihatsu,Mira,2007,111000,1750000,Petrol,Islamabad,Original,Imported,Automatic,19,5550.0
FAW,X-PV,2015,85000,800000,Petrol,Karachi,Original,Local,Manual,11,7083.333333333333
Honda,City Aspire,2020,74000,4000000,Petrol,Punjab,Original,Local,Automatic,6,10571.42857142857
Honda,City IVTEC,2017,32700,3850000,Petrol,Islamabad,Original,Local,Automatic,9,3270.0
Suzuki,Alto,2022,23500,2495000,Petrol,Islamabad,Original,Local,Manual,4,4700.0
Suzuki,Baleno,2005,250000,1130000,Petrol,Islamabad,Original,Imported,Manual,21,11363.636363636364
Suzuki,Mehran VXR,2015,123456,945000,Petrol,Islamabad,Original,Local,Manual,11,10288.0
Honda,Civic Oriel,2004,10000,1400000,Petrol,Lahore,Original,Imported,Automatic,22,434.7826086956522
Honda,City IVTEC,2021,37500,4080000,Petrol,Punjab,Original,Local,Manual,5,6250.0
Suzuki,Mehran VXR,2008,95000,660000,Petrol,Lahore,Original,Local,Manual,18,5000.0
Honda,City IVTEC,2017,93000,2995000,Petrol,Karachi,Original,Local,Manual,9,9300.0
Honda,City Aspire,2018,56000,3090000,Petrol,Karachi,Original,Local,Manual,8,6222.222222222223
Daihatsu,Mira,2013,150000,2125000,Petrol,Karachi,Original,Imported,Automatic,13,10714.285714285714
Honda,Civic Prosmetic,2006,107525,1790000,Petrol,Lahore,Original,Local,Automatic,20,5120.238095238095
Suzuki,Swift,2012,95000,1600000,Petrol,Karachi,Original,Local,Manual,14,6333.333333333333
Suzuki,Every,2014,170000,1300000,Petrol,Lahore,Original,Imported,Automatic,12,13076.923076923076
Honda,City IVTEC,2019,100000,3620000,Petrol,Lahore,Original,Local,Manual,7,12500.0
Hyundai,Santro,2003,200000,720000,Petrol,Sindh,Original,Local,Manual,23,8333.333333333334
Suzuki,Bolan,2015,65000,950000,Petrol,Faisalabad,Original,Imported,Manual,11,5416.666666666667
Daihatsu,Mira,2013,90000,2250000,Petrol,Karachi,Original,Imported,Automatic,13,6428.571428571428
Chevrolet,Exclusive,2005,93000,775000,Petrol,Lahore,Original,Imported,Manual,21,4227.272727272727
Daihatsu,Cuore,2005,186539,570000,Petrol,Karachi,Original,Local,Manual,21,8479.045454545454
Daihatsu,Mira,2011,115000,2200000,Petrol,Karachi,Original,Imported,Automatic,15,7187.5
Hyundai,Santro,2004,155000,1000000,Petrol,Lahore,Original,Local,Manual,22,6739.130434782609
Daihatsu,Hijet,2016,113000,1290000,Petrol,Lahore,Original,Imported,Manual,10,10272.727272727272
Toyota,Corrolla Altis,2013,172000,2350000,Petrol,Karachi,Original,Local,Manual,13,12285.714285714286
Mitsubishi,Lancer,2005,100000,1250000,Petrol,Lahore,Original,Imported,Manual,21,4545.454545454545
Honda,City Vario,2021,27000,4200000,Petrol,Islamabad,Original,Local,Manual,5,4500.0
Daihatsu,Mira,2015,103000,2250000,Petrol,Karachi,Original,Imported,Automatic,11,8583.333333333334
Hyundai,Santro,2004,130000,880000,Petrol,Lahore,Original,Local,Manual,22,5652.173913043478
Toyota,Corolla XLI,2010,12345,1800000,Petrol,Multan,Original,Imported,Manual,16,726.1764705882352
Changan,Karvaan,2020,85000,2350000,Petrol,Islamabad,Original,Imported,Manual,6,12142.857142857143
Suzuki,Alto,2008,200000,1020000,CNG,Peshawar,Original,Imported,Manual,18,10526.315789473685
Daihatsu,Hijet,2016,200000,1210000,Petrol,Lahore,Original,Imported,Manual,10,18181.81818181818
Suzuki,Wagon R,2018,12345,2299999,Petrol,Lahore,Original,Local,Manual,8,1371.6666666666667
Suzuki,Wagon R,2018,97000,2300000,Petrol,Lahore,Original,Local,Manual,8,10777.777777777777
Mitsubishi,Minica,2014,150000,1200000,Petrol,Lahore,Original,Imported,Automatic,12,11538.461538461539
Honda,Civic Prosmetic,2011,88000,2500000,Petrol,Lahore,Original,Local,Automatic,15,5500.0
Suzuki,Wagon R,2022,36000,2700000,Petrol,Lahore,Original,Local,Manual,4,7200.0
Mitsubishi,Lancer,2004,300000,1185000,Petrol,Islamabad,Duplicate,Local,Manual,22,13043.478260869566
Mitsubishi,Lancer,2005,152000,1260000,Petrol,Karachi,Original,Local,Automatic,21,6909.090909090909
Honda,City IDSI,2007,200000,1650000,Petrol,Islamabad,Original,Imported,Manual,19,10000.0
Honda,City Aspire,2015,86000,3130000,Petrol,Lahore,Original,Local,Automatic,11,7166.666666666667
FAW,X-PV,2018,125000,1650000,Petrol,Islamabad,Original,Imported,Manual,8,13888.888888888889
Honda,City IVTEC,2017,83000,4000000,Petrol,Islamabad,Original,Local,Manual,9,8300.0
Honda,Civic EXi,2002,103000,1080000,Petrol,Islamabad,Original,Local,Manual,24,4120.0
Honda,City IVTEC,2015,115000,3200000,Petrol,Lahore,Original,Local,Automatic,11,9583.333333333334
Honda,Civic Oriel,2014,94000,3550000,Petrol,Faisalabad,Original,Local,Automatic,12,7230.7692307692305
Toyota,Corolla GLI,2015,178000,3150000,Petrol,Lahore,Original,Local,Manual,11,14833.333333333334
Daihatsu,Cuore,2007,100000,800000,Petrol,Karachi,Original,Local,Manual,19,5000.0
Daihatsu,Cuore,2012,123456,1200000,Petrol,Karachi,Original,Local,Automatic,14,8230.4
Honda,City IVTEC,2017,36000,2970000,Petrol,Karachi,Original,Local,Manual,9,3600.0
Honda,City IVTEC,2013,123456,2700000,Petrol,Lahore,Original,Imported,Automatic,13,8818.285714285714
Mitsubishi,Minica,2013,100000,1200000,Petrol,Karachi,Original,Imported,Manual,13,7142.857142857143
Honda,City IVTEC,2015,123456,2950000,Petrol,Islamabad,Original,Imported,Manual,11,10288.0
Suzuki,Mehran VXR,2006,320000,780000,Petrol,Lahore,Original,Local,Manual,20,15238.095238095239
Mercedes,C Class,2004,111112,2900000,Petrol,Sindh,Original,Imported,Automatic,22,4830.95652173913
Suzuki,Swift,2014,250000,1750000,Petrol,Lahore,Original,Local,Manual,12,19230.76923076923
Hyundai,Santro,2005,100000,965000,Petrol,Lahore,Original,Local,Manual,21,4545.454545454545
Daihatsu,Hijet,2019,71000,2650000,Petrol,Unregistered,Original,Imported,Automatic,7,8875.0
Daihatsu,Cuore,2007,100000,560000,Petrol,Karachi,Original,Local,Manual,19,5000.0
Suzuki,Wagon R,2018,36000,2300000,Petrol,Lahore,Original,Local,Manual,8,4000.0
Toyota,Corrolla Altis,2016,137000,4200000,Petrol,Lahore,Original,Local,Automatic,10,12454.545454545454
Daihatsu,Mira,2019,37500,3650000,Petrol,Karachi,Original,Imported,Automatic,7,4687.5
Daihatsu,Hijet,2015,97000,1350000,Petrol,Lahore,Original,Imported,Automatic,11,8083.333333333333
Suzuki,Wagon R,2022,30000,2890000,Petrol,Punjab,Original,Local,Manual,4,6000.0
Suzuki,Swift,2016,122000,2350000,Petrol,Lahore,Original,Local,Automatic,10,11090.90909090909
Honda,Civic Oriel,2014,79000,3650000,Petrol,Lahore,Original,Local,Automatic,12,6076.923076923077
Toyota,Corolla XLI,2009,250000,2080000,Petrol,Islamabad,Original,Local,Manual,17,13888.888888888889
Hyundai,Santro,2001,12345,750000,Petrol,Islamabad,Original,Imported,Manual,25,474.8076923076923
Suzuki,Bolan,2019,7700,1500000,Petrol,Lahore,Original,Local,Manual,7,962.5
Toyota,Corrolla Altis,2000,175000,1950000,Petrol,Islamabad,Original,Imported,Automatic,26,6481.481481481482
Toyota,Yaris,2021,35000,4600000,Petrol,Karachi,Original,Local,Automatic,5,5833.333333333333
Suzuki,Mehran VXR,2007,70557,560000,Petrol,Karachi,Original,Local,Manual,19,3527.85
Mitsubishi,Lancer,2005,270000,1600000,Petrol,Lahore,Original,Imported,Automatic,21,12272.727272727272
Suzuki,Swift,2018,63000,4300000,Petrol,Islamabad,Original,Imported,Automatic,8,7000.0
Suzuki,Swift,2015,143000,2350000,Petrol,Lahore,Original,Local,Manual,11,11916.666666666666
Daihatsu,Mira,2014,92774,2075000,Petrol,Karachi,Original,Imported,Automatic,12,7136.461538461538
Daihatsu,Mira,2012,80000,2425000,Petrol,Lahore,Original,Imported,Automatic,14,5333.333333333333
Hyundai,Santro,2006,78525,844000,Petrol,Faisalabad,Original,Local,Manual,20,3739.285714285714
Suzuki,Alto,2021,58000,2280000,Petrol,Punjab,Original,Local,Manual,5,9666.666666666666
KIA,Sportage,2004,123000,1150000,Petrol,Karachi,Original,Imported,Automatic,22,5347.826086956522
Changan,Alsvin,2021,61000,3650000,Petrol,Punjab,Original,Local,Automatic,5,10166.666666666666
Suzuki,Bolan,2008,1105,500000,Petrol,Sindh,Original,Local,Manual,18,58.1578947368421
Suzuki,Alto,2021,71000,2575000,Petrol,Karachi,Original,Local,Automatic,5,11833.333333333334
Daihatsu,Cuore,2008,155278,870000,Petrol,Multan,Original,Imported,Manual,18,8172.526315789473
Suzuki,Alto,2007,50000,620000,Petrol,Karachi,Original,Local,Manual,19,2500.0
Suzuki,Wagon R,2019,95000,2100000,Petrol,Lahore,Original,Local,Manual,7,11875.0
Daihatsu,Cuore,2008,100000,830000,Petrol,Lahore,Original,Local,Manual,18,5263.1578947368425
Daihatsu,Cuore,2005,135000,690000,Petrol,Karachi,Original,Imported,Automatic,21,6136.363636363636
Toyota,Corolla GLI,2012,90000,2650000,Petrol,Lahore,Original,Local,Manual,14,6000.0
Hyundai,Santro,2006,100000,930000,Petrol,Lahore,Original,Imported,Manual,20,4761.9047619047615
Honda,City Aspire,2015,140000,2975000,Petrol,Lahore,Original,Local,Manual,11,11666.666666666666
Suzuki,Cultus VXR,2014,99000,1450000,Petrol,Lahore,Original,Local,Manual,12,7615.384615384615
Suzuki,Bolan,2008,70000,585000,Petrol,Karachi,Original,Local,Manual,18,3684.2105263157896
Honda,City Aspire,2014,120000,2650000,Petrol,Lahore,Original,Local,Manual,12,9230.76923076923
Suzuki,Bolan,2016,63000,1450000,Petrol,Islamabad,Original,Local,Manual,10,5727.272727272727
Toyota,Corrolla Altis,2012,100000,2625000,Petrol,Lahore,Original,Local,Automatic,14,6666.666666666667
Daihatsu,Mira,2020,32000,3480000,Petrol,Unregistered,Original,Local,Automatic,6,4571.428571428572
Suzuki,Bolan,2021,60000,1850000,Petrol,Karachi,Original,Local,Manual,5,10000.0
Hyundai,Santro,2007,95000,1125000,Petrol,Sialkot,Original,Local,Manual,19,4750.0
Suzuki,Alto,2021,53000,2750000,Petrol,Karachi,Original,Local,Automatic,5,8833.333333333334
Suzuki,Wagon R,2017,20000,3100000,Petrol,Islamabad,Original,Imported,Automatic,9,2000.0
Toyota,Corolla GLI,2018,43000,4375000,Petrol,Karachi,Original,Local,Automatic,8,4777.777777777777
Honda,City IVTEC,2001,215000,1300000,Petrol,Lahore,Original,Imported,Automatic,25,8269.23076923077
Suzuki,Bolan,2014,25000,900000,Petrol,Rawalpindi,Original,Local,Manual,12,1923.076923076923
Suzuki,Baleno,2005,92000,1175000,Petrol,Lahore,Original,Imported,Manual,21,4181.818181818182
Suzuki,Bolan,2009,70000,825000,Petrol,Karachi,Original,Local,Manual,17,3888.8888888888887
Suzuki,Every,2017,12347,1550000,Petrol,Faisalabad,Original,Imported,Automatic,9,1234.7
Suzuki,Alto,2012,128000,1150000,Petrol,Faisalabad,Original,Local,Manual,14,8533.333333333334
Suzuki,Mehran VXR,2018,25000,1350000,Petrol,Lahore,Original,Local,Manual,8,2777.777777777778
Daihatsu,Mira,2012,90000,1900000,Petrol,Islamabad,Original,Imported,Automatic,14,6000.0
Suzuki,Bolan,2007,4811,630000,Petrol,Sahiwal,Original,Imported,Manual,19,240.55
Honda,City IVTEC,2015,126000,3000000,Petrol,Islamabad,Original,Local,Manual,11,10500.0
Suzuki,Mehran VXR,2010,1234,750000,Petrol,Lahore,Original,Local,Manual,16,72.58823529411765
Suzuki,Every,2012,200000,1260000,Petrol,Lahore,Original,Imported,Automatic,14,13333.333333333334
Honda,City IVTEC,2007,100000,1830000,Petrol,Sindh,Original,Imported,Automatic,19,5000.0
Suzuki,Wagon R,2016,126000,1950000,Petrol,Lahore,Original,Local,Manual,10,11454.545454545454
Suzuki,Every,2018,137000,1950000,Petrol,Lahore,Original,Imported,Manual,8,15222.222222222223
Honda,City IVTEC,2019,130000,3750000,Petrol,Lahore,Original,Local,Automatic,7,16250.0
Suzuki,Alto,2012,90000,1480000,Petrol,Multan,Original,Imported,Automatic,14,6000.0
KIA,Sportage,2003,12345,1150000,Petrol,Karachi,Original,Imported,Manual,23,514.375
Suzuki,Wagon R,2015,68000,2153000,Petrol,Islamabad,Original,Local,Manual,11,5666.666666666667
Daihatsu,Cuore,2010,45619,980000,Petrol,Karachi,Original,Local,Manual,16,2683.470588235294
Hyundai,Santro,2006,100000,995000,Petrol,Gujrat,Original,Local,Manual,20,4761.9047619047615
Honda,City IVTEC,2017,53000,3600000,Petrol,Karachi,Original,Imported,Automatic,9,5300.0
Daihatsu,Mira,2020,13400,3600000,Petrol,Unregistered,Original,Imported,Automatic,6,1914.2857142857142
Honda,City IVTEC,2014,143500,2550000,Petrol,Lahore,Original,Local,Manual,12,11038.461538461539
Suzuki,Bolan,2005,48000,650000,Petrol,Karachi,Original,Local,Manual,21,2181.818181818182
Toyota,Corolla XLI,2011,125000,1950000,Petrol,Lahore,Original,Local,Manual,15,7812.5
Suzuki,Swift,2013,115000,2100000,Petrol,Lahore,Original,Imported,Automatic,13,8214.285714285714
Suzuki,Wagon R,2016,100000,1900000,Petrol,Lahore,Original,Imported,Manual,10,9090.90909090909
Toyota,Corolla GLI,2017,75000,4000000,Petrol,Islamabad,Original,Local,Automatic,9,7500.0
Toyota,Corolla GLI,2009,160000,2360000,Petrol,Faisalabad,Original,Imported,Manual,17,8888.888888888889
Suzuki,Cultus VXR,2006,77000,1200000,Petrol,Islamabad,Original,Local,Manual,20,3666.6666666666665
Chevrolet,Joy,2006,100000,700000,Petrol,Punjab,Original,Imported,Manual,20,4761.9047619047615
Suzuki,Alto,2009,100000,950000,Petrol,Punjab,Original,Local,Manual,17,5555.555555555556
Toyota,Corolla GLI,2018,90000,4580000,Petrol,Islamabad,Original,Local,Manual,8,10000.0
Suzuki,Alto,2006,175000,775000,Petrol,Lahore,Original,Local,Manual,20,8333.333333333334
Changan,Alsvin,2021,60000,3275000,Petrol,Islamabad,Original,Local,Automatic,5,10000.0
Suzuki,Mehran VXR,2008,3500,780000,Petrol,Lahore,Original,Imported,Manual,18,184.21052631578948
Suzuki,Bolan,2017,38000,1300000,CNG,Mardan,Original,Local,Manual,9,3800.0
Toyota,Corolla XLI,2015,191000,2900000,Petrol,Punjab,Original,Local,Manual,11,15916.666666666666
Honda,Civic Oriel,2007,133980,1750000,Petrol,Gujrat,Original,Local,Manual,19,6699.0
Daihatsu,Hijet,2012,158000,1470000,Petrol,Lahore,Original,Imported,Automatic,14,10533.333333333334
Daihatsu,Mira,2013,1655,510000,Petrol,Lahore,Original,Imported,Automatic,13,118.21428571428571
Suzuki,Wagon R,2014,140000,1550000,Petrol,Karachi,Original,Local,Manual,12,10769.23076923077
Suzuki,Wagon R,2017,69000,1890000,Petrol,Lahore,Original,Local,Manual,9,6900.0
Hyundai,Santro,2007,150000,1015000,Petrol,Lahore,Original,Local,Manual,19,7500.0
Honda,City IVTEC,2015,39737,3150000,Petrol,Karachi,Original,Local,Manual,11,3311.4166666666665
Toyota,Corrolla Altis,2019,98000,4250000,Petrol,Karachi,Original,Local,Automatic,7,12250.0
Daihatsu,Move,2018,138700,2900000,Petrol,Lahore,Original,Imported,Automatic,8,15411.111111111111
Suzuki,Bolan,2017,23500,1175000,Petrol,Lahore,Original,Local,Manual,9,2350.0
Daihatsu,Mira,2014,179000,2200000,Petrol,Karachi,Original,Imported,Automatic,12,13769.23076923077
Daihatsu,Cuore,2009,23000,1080000,Petrol,Lahore,Original,Local,Manual,17,1277.7777777777778
Suzuki,Alto,2019,69000,1995000,Petrol,Karachi,Original,Local,Manual,7,8625.0
Suzuki,Mehran VXR,2008,12345,690000,Petrol,Islamabad,Duplicate,Imported,Manual,18,649.7368421052631
Hyundai,Santro,2004,270000,850000,Petrol,Lahore,Original,Imported,Manual,22,11739.130434782608
Toyota,Corolla GLI,2012,140000,2550000,Petrol,Lahore,Original,Local,Manual,14,9333.333333333334
Suzuki,Mehran VXR,2018,73000,1090000,Petrol,Lahore,Original,Local,Manual,8,8111.111111111111
Toyota,Corolla GLI,2017,55000,4050000,Petrol,Karachi,Original,Local,Automatic,9,5500.0
Daihatsu,Cuore,2004,123456,520000,Petrol,Karachi,Original,Local,Manual,22,5367.652173913043
Suzuki,Bolan,2006,44444,485000,Petrol,Karachi,Original,Local,Manual,20,2116.3809523809523
Suzuki,Cultus VXR,2013,45000,1400000,Petrol,Sialkot,Original,Local,Manual,13,3214.285714285714
Toyota,Altis Grande,2016,116000,4350000,Petrol,Lahore,Original,Local,Automatic,10,10545.454545454546
Suzuki,Alto,2022,26000,2425000,Petrol,Karachi,Original,Local,Manual,4,5200.0
Hyundai,Santro,2003,73137,950000,Petrol,Faisalabad,Original,Local,Manual,23,3047.375
Suzuki,Cultus VXR,2007,125000,750000,Petrol,Lahore,Original,Local,Manual,19,6250.0
Toyota,Corolla GLI,2002,200000,1750000,Petrol,Karachi,Original,Local,Manual,24,8000.0
Honda,City IVTEC,2018,62000,3750000,Petrol,Lahore,Original,Local,Automatic,8,6888.888888888889
Daihatsu,Move,2013,120671,2100000,Petrol,Lahore,Original,Imported,Automatic,13,8619.357142857143
KIA,Spectra,2003,150000,600000,Petrol,Islamabad,Original,Imported,Manual,23,6250.0
Hyundai,Santro,2004,50000,1050000,Petrol,Lahore,Original,Local,Manual,22,2173.913043478261
Toyota,Corrolla Altis,2019,76000,5000000,Petrol,Lahore,Original,Local,Automatic,7,9500.0
Chevrolet,Exclusive,2005,80000,460000,Petrol,Sindh,Original,Imported,Manual,21,3636.3636363636365
Daihatsu,Move,2013,81000,2225000,Petrol,Lahore,Original,Imported,Automatic,13,5785.714285714285
FAW,X-PV,2016,128000,800000,Petrol,Lahore,Original,Local,Manual,10,11636.363636363636
Honda,City IVTEC,2016,76300,2990000,Petrol,Lahore,Original,Local,Manual,10,6936.363636363636
Honda,City IVTEC,2021,28450,4500000,Petrol,Punjab,Original,Local,Automatic,5,4741.666666666667
Toyota,Corrolla Altis,2009,129000,2225000,Petrol,Karachi,Original,Local,Automatic,17,7166.666666666667
Suzuki,Swift,2018,85900,2050000,Petrol,Karachi,Original,Local,Manual,8,9544.444444444445
Suzuki,Bolan,2016,50000,1100000,Petrol,Lahore,Original,Local,Manual,10,4545.454545454545
Daihatsu,Mira,2014,105000,2120000,Petrol,Karachi,Original,Imported,Automatic,12,8076.923076923077
Toyota,Corolla XLI,2015,200000,3050000,Petrol,Lahore,Original,Local,Manual,11,16666.666666666668
Suzuki,Bolan,2015,11111,925000,Petrol,Karachi,Original,Local,Manual,11,925.9166666666666
Suzuki,Cultus VXR,2008,250000,850000,Petrol,Lahore,Original,Local,Manual,18,13157.894736842105
Toyota,Corrolla Altis,2020,36800,4800000,Petrol,Karachi,Original,Local,Automatic,6,5257.142857142857
Honda,City IVTEC,2015,72000,2875000,Petrol,Lahore,Original,Imported,Manual,11,6000.0
Suzuki,Swift,2014,119000,1790000,Petrol,Rawalpindi,Original,Local,Manual,12,9153.846153846154
Honda,City IVTEC,2017,98100,3250000,Petrol,Islamabad,Original,Local,Manual,9,9810.0
Honda,City Aspire,2019,49000,3600000,Petrol,Karachi,Original,Local,Automatic,7,6125.0
Honda,City IVTEC,2011,123000,2500000,Petrol,Lahore,Original,Local,Manual,15,7687.5
Honda,Civic Prosmetic,2017,63500,4550000,Petrol,Islamabad,Original,Imported,Automatic,9,6350.0
Mitsubishi,Pajero Mini,2000,150000,1190000,Petrol,Karachi,Original,Imported,Automatic,26,5555.555555555556
Toyota,Surf,1993,123456,2650000,Diesel,Lahore,Original,Imported,Automatic,33,3631.0588235294117
Toyota,Passo,2015,92000,3000000,Petrol,Islamabad,Original,Imported,Automatic,11,7666.666666666667
Suzuki,Every,2007,100000,950000,Petrol,Sindh,Original,Imported,Manual,19,5000.0
Toyota,Yaris,2021,90000,4450000,Petrol,Lahore,Original,Local,Automatic,5,15000.0
Suzuki,Wagon R,2018,50000,2070000,Petrol,Sindh,Original,Local,Manual,8,5555.555555555556
Suzuki,Bolan,2017,129000,1195000,Petrol,Lahore,Original,Local,Manual,9,12900.0
Daihatsu,Move,2015,200000,2225000,Petrol,Gujranwala,Original,Imported,Automatic,11,16666.666666666668
Honda,City Aspire,2017,102000,3700000,Petrol,Islamabad,Original,Local,Automatic,9,10200.0
Suzuki,Every,2016,1000,1675000,Petrol,Lahore,Original,Imported,Manual,10,90.9090909090909
Mercedes,E Class,2000,150000,2200000,Petrol,Islamabad,Original,Imported,Automatic,26,5555.555555555556
Suzuki,Every,2010,200000,2500000,Petrol,Islamabad,Original,Imported,Automatic,16,11764.70588235294
Suzuki,Alto,2010,69000,900000,Petrol,Multan,Original,Imported,Manual,16,4058.823529411765
Toyota,Yaris,2020,21000,4750000,Petrol,Islamabad,Original,Imported,Automatic,6,3000.0
Suzuki,Swift,2010,10000,1580000,Petrol,Islamabad,Original,Imported,Manual,16,588.2352941176471
Suzuki,Wagon R,2022,24000,3200000,Petrol,Punjab,Original,Local,Automatic,4,4800.0
Honda,Civic Prosmetic,2001,220000,1175000,Petrol,Faisalabad,Original,Local,Automatic,25,8461.538461538461
Suzuki,Cultus VXR,2005,111111,790000,Petrol,Lahore,Original,Local,Manual,21,5050.5
Honda,Civic Prosmetic,2009,150000,1950000,Petrol,Lahore,Original,Local,Automatic,17,8333.333333333334
Suzuki,Bolan,2006,100000,740000,Petrol,Lahore,Original,Local,Manual,20,4761.9047619047615
Honda,Civic Prosmetic,2007,123456,1880000,Petrol,Lahore,Original,Local,Automatic,19,6172.8
Suzuki,Cultus VXR,2003,170000,685000,Petrol,Lahore,Original,Local,Manual,23,7083.333333333333
Daihatsu,Cuore,2004,100000,700000,Petrol,Karachi,Original,Local,Manual,22,4347.826086956522
Toyota,Passo,2018,61000,3680000,Petrol,Punjab,Original,Imported,Automatic,8,6777.777777777777
Suzuki,Wagon R,2017,56000,2050000,Petrol,Karachi,Original,Imported,Automatic,9,5600.0
Daihatsu,Mira,2019,5000,3550000,Petrol,Karachi,Original,Imported,Automatic,7,625.0
Suzuki,Bolan,2014,62000,1395000,Petrol,Lahore,Original,Local,Manual,12,4769.2307692307695
Toyota,Corolla XLI,2011,98765,2250000,Petrol,Lahore,Original,Imported,Manual,15,6172.8125
Suzuki,Cultus VXR,2007,99000,700000,Petrol,Sindh,Original,Local,Manual,19,4950.0
Suzuki,Bolan,2015,123456,725000,Petrol,Lahore,Original,Local,Manual,11,10288.0
Honda,City Aspire,2020,54000,4225000,Petrol,Punjab,Original,Local,Automatic,6,7714.285714285715
Honda,City IDSI,2007,228000,1690000,Petrol,Karachi,Original,Local,Manual,19,11400.0
Daihatsu,Hijet,2012,91000,1385000,Petrol,Karachi,Original,Imported,Automatic,14,6066.666666666667
Suzuki,Swift,2020,75000,2450000,Petrol,Islamabad,Original,Local,Manual,6,10714.285714285714
Honda,City Aspire,2010,80000,1990000,Petrol,Lahore,Original,Local,Manual,16,4705.882352941177
Daihatsu,Hijet,2013,78000,1510000,Petrol,Karachi,Original,Imported,Automatic,13,5571.428571428572
Hyundai,Santro,2007,173000,880000,Petrol,Lahore,Original,Local,Manual,19,8650.0
Honda,Civic Oriel,2015,76000,3150000,Petrol,Lahore,Original,Local,Automatic,11,6333.333333333333
Daihatsu,Cuore,2007,400000,700000,Petrol,Karachi,Original,Imported,Manual,19,20000.0
Suzuki,Alto,2009,1234,780000,Petrol,Karachi,Original,Local,Manual,17,68.55555555555556
Suzuki,Alto,2007,80000,1620000,Petrol,Islamabad,Original,Imported,Automatic,19,4000.0
Mitsubishi,Lancer,2005,70000,1370000,Petrol,Lahore,Original,Imported,Manual,21,3181.818181818182
Toyota,Yaris,2020,6000,4650000,Petrol,Karachi,Original,Imported,Automatic,6,857.1428571428571
Toyota,Corolla GLI,2011,120000,2190000,Petrol,Lahore,Original,Local,Manual,15,7500.0
Toyota,Yaris,2020,21500,4375000,Petrol,Punjab,Original,Local,Automatic,6,3071.4285714285716
Suzuki,Alto,2007,12345,750000,Petrol,Karachi,Original,Imported,Manual,19,617.25
Suzuki,Wagon R,2016,103000,1950000,Petrol,Karachi,Original,Local,Manual,10,9363.636363636364
Daihatsu,Cuore,2007,178000,1000000,Petrol,Karachi,Original,Local,Automatic,19,8900.0
Toyota,Corolla XLI,2018,85000,4050000,Petrol,Sindh,Original,Local,Manual,8,9444.444444444445
Honda,City Aspire,2015,131000,3025000,Petrol,Lahore,Original,Imported,Automatic,11,10916.666666666666
Suzuki,Bolan,2002,10000,650000,Petrol,Lahore,Original,Local,Manual,24,400.0
Changan,Karvaan,2020,14000,1885000,Petrol,Karachi,Original,Imported,Manual,6,2000.0
Toyota,Corrolla Altis,2017,35000,4800000,Petrol,Islamabad,Original,Local,Automatic,9,3500.0
Hyundai,Santro,2003,100000,690000,Petrol,Karachi,Original,Local,Manual,23,4166.666666666667
Suzuki,Mehran VXR,2008,80000,725000,Petrol,Lahore,Original,Local,Manual,18,4210.526315789473
Toyota,Corolla GLI,2016,74000,3700000,Petrol,Lahore,Original,Local,Automatic,10,6727.272727272727
Changan,Karvaan,2021,59000,2250000,Petrol,Karachi,Original,Local,Manual,5,9833.333333333334
Daihatsu,Move,2013,145000,1990000,Petrol,Lahore,Original,Imported,Automatic,13,10357.142857142857
Toyota,Corolla XLI,2016,163000,3050000,Petrol,Lahore,Original,Imported,Manual,10,14818.181818181818
Daihatsu,Mira,2011,154000,2100000,Petrol,Karachi,Original,Imported,Automatic,15,9625.0
Daihatsu,Move,2019,19000,3300000,Petrol,Punjab,Original,Imported,Automatic,7,2375.0
Suzuki,Every,2011,89000,1650000,Petrol,Karachi,Original,Imported,Automatic,15,5562.5
Suzuki,Wagon R,2018,82000,2360000,Petrol,Islamabad,Original,Local,Manual,8,9111.111111111111
Suzuki,Bolan,2015,60500,950000,Petrol,Rawalpindi,Original,Local,Manual,11,5041.666666666667
Suzuki,Baleno,2004,250000,900000,Petrol,Islamabad,Original,Local,Manual,22,10869.565217391304
Suzuki,Mehran VXR,2008,135000,770000,Petrol,Lahore,Original,Local,Manual,18,7105.263157894737
Daihatsu,Move,2012,90000,1935000,Petrol,Lahore,Original,Imported,Automatic,14,6000.0
Honda,City IVTEC,2016,26000,3400000,Petrol,Sialkot,Original,Imported,Manual,10,2363.6363636363635
Daihatsu,Mira,2020,40000,3540000,Petrol,Unregistered,Original,Imported,Automatic,6,5714.285714285715
Suzuki,Mehran VXR,2017,45000,1350000,Petrol,Bahawalpur,Original,Local,Manual,9,4500.0
Suzuki,Bolan,2020,14000,1780000,Petrol,Lahore,Original,Local,Manual,6,2000.0
Honda,City IDSI,2009,179000,1665000,Petrol,Sindh,Original,Local,Manual,17,9944.444444444445
Hyundai,Santro,2004,140000,1200000,Petrol,Multan,Original,Local,Manual,22,6086.95652173913
Hyundai,Santro,2006,12345,970000,Petrol,Lahore,Original,Local,Manual,20,587.8571428571429
Toyota,Passo,2020,51000,3880000,Petrol,Islamabad,Original,Imported,Automatic,6,7285.714285714285
Daihatsu,Cuore,2005,80000,800000,Petrol,Lahore,Original,Local,Manual,21,3636.3636363636365
Daihatsu,Cuore,2003,45000,550000,Petrol,Karachi,Original,Local,Manual,23,1875.0
Daihatsu,Mira,2017,66000,2680000,Petrol,Sindh,Original,Imported,Automatic,9,6600.0
Suzuki,Bolan,2011,80000,795000,Petrol,Lahore,Original,Local,Manual,15,5000.0
Toyota,Corolla GLI,2012,85000,2150000,Petrol,Lahore,Original,Imported,Manual,14,5666.666666666667
Daihatsu,Cuore,2011,103000,945000,Petrol,Karachi,Original,Local,Manual,15,6437.5
Toyota,Corolla GLI,2015,95500,3100000,Petrol,Lahore,Original,Imported,Manual,11,7958.333333333333
Suzuki,Alto,2007,270000,1030000,Petrol,Lahore,Original,Local,Manual,19,13500.0
Suzuki,Swift,2019,93346,2500000,Petrol,Lahore,Original,Local,Manual,7,11668.25
Hyundai,Santro,2004,100000,780000,Petrol,Lahore,Original,Local,Manual,22,4347.826086956522
Suzuki,Wagon R,2021,50000,2850000,Petrol,Punjab,Original,Local,Manual,5,8333.333333333334
Hyundai,Santro,2002,148000,1050000,Petrol,Lahore,Original,Imported,Manual,24,5920.0
Toyota,Corolla XLI,2012,81000,2480000,Petrol,Lahore,Original,Local,Manual,14,5400.0
Suzuki,Wagon R,2017,104000,1930000,Petrol,Lahore,Original,Local,Manual,9,10400.0
Suzuki,Alto,2003,120000,525000,Petrol,Karachi,Original,Local,Manual,23,5000.0
Honda,Civic Prosmetic,2011,150000,2050000,Petrol,Karachi,Original,Local,Automatic,15,9375.0
Toyota,Yaris,2021,13000,4100000,Petrol,Lahore,Original,Local,Manual,5,2166.6666666666665
Toyota,Altis Grande,2017,75214,4649000,Petrol,Lahore,Original,Local,Automatic,9,7521.4
KIA,Classic,2002,12345,425000,Petrol,Multan,Original,Local,Manual,24,493.8
KIA,Sportage,2004,100000,1400000,Petrol,Karachi,Original,Local,Automatic,22,4347.826086956522
Honda,City Aspire,2021,6400,4900000,Petrol,Karachi,Original,Local,Automatic,5,1066.6666666666667
Daihatsu,Mira,2018,80000,3125000,Petrol,Karachi,Original,Imported,Automatic,8,8888.888888888889
Daihatsu,Mira,2017,66000,2900000,Petrol,Karachi,Original,Imported,Automatic,9,6600.0
Honda,City IDSI,2007,125343,1870000,Petrol,Faisalabad,Original,Local,Automatic,19,6267.15
Suzuki,Swift,2012,115000,1850000,Petrol,Lahore,Original,Imported,Manual,14,7666.666666666667
Toyota,Altis Grande,2015,159000,4150000,Petrol,Islamabad,Original,Local,Automatic,11,13250.0
Suzuki,Alto,2009,100000,1490000,Petrol,Lahore,Original,Imported,Automatic,17,5555.555555555556
Changan,Alsvin,2021,23495,4100000,Petrol,Lahore,Original,Imported,Automatic,5,3915.8333333333335
Daihatsu,Move,2014,83000,2165000,Petrol,Lahore,Original,Imported,Automatic,12,6384.615384615385
Changan,Karvaan,2021,65000,2390000,Petrol,Punjab,Original,Imported,Manual,5,10833.333333333334
Toyota,Corolla XLI,2014,230000,2450000,Petrol,Multan,Original,Local,Manual,12,17692.30769230769
Hyundai,Santro,2003,120000,720000,Petrol,Lahore,Original,Local,Manual,23,5000.0
Honda,City IVTEC,2019,80000,4000000,Petrol,Lahore,Original,Imported,Automatic,7,10000.0
Hyundai,Santro,2007,110000,950000,Petrol,Faisalabad,Original,Local,Manual,19,5500.0
KIA,Spectra,2001,90000,700000,Petrol,Lahore,Original,Imported,Manual,25,3461.5384615384614
Suzuki,Mehran VXR,2018,1234,1130000,Petrol,Multan,Original,Local,Manual,8,137.11111111111111
Toyota,Corrolla Altis,2017,10699,3850000,Petrol,Islamabad,Original,Local,Automatic,9,1069.9
Honda,City IVTEC,2019,44000,3750000,Petrol,Karachi,Original,Local,Automatic,7,5500.0
Toyota,Corrolla Altis,2004,178000,1690000,Petrol,Lahore,Original,Local,Manual,22,7739.130434782609
Toyota,Yaris,2020,49000,4200000,Petrol,Punjab,Original,Local,Automatic,6,7000.0
Suzuki,Alto,2010,159000,850000,Petrol,Karachi,Original,Local,Manual,16,9352.941176470587
Toyota,Corolla XLI,2010,236500,2370000,Petrol,Islamabad,Original,Local,Manual,16,13911.764705882353
Toyota,Corolla XLI,2009,175000,2125000,Petrol,Lahore,Original,Local,Manual,17,9722.222222222223
Suzuki,Mehran VXR,2018,54000,1230000,Petrol,Lahore,Original,Local,Manual,8,6000.0
Suzuki,Bolan,2007,65000,650000,Petrol,Lahore,Original,Imported,Manual,19,3250.0
Suzuki,Mehran VXR,2006,55000,630000,CNG,Peshawar,Original,Local,Manual,20,2619.0476190476193
Daihatsu,Cuore,2004,184000,540000,Petrol,Karachi,Original,Local,Manual,22,8000.0
Daihatsu,Hijet,2016,87000,2000000,Petrol,Karachi,Original,Imported,Automatic,10,7909.090909090909
Suzuki,Alto,2011,94000,1025000,Petrol,Karachi,Original,Local,Manual,15,5875.0
Toyota,Corolla GLI,2012,105000,2500000,Petrol,Karachi,Original,Local,Manual,14,7000.0
Honda,City IVTEC,2013,77000,2450000,Petrol,Karachi,Original,Local,Manual,13,5500.0
Suzuki,Ravi,2017,160000,1400000,Petrol,Multan,Original,Local,Manual,9,16000.0
Honda,Civic Prosmetic,2015,57887,4075000,Petrol,Sindh,Original,Local,Automatic,11,4823.916666666667
Suzuki,Bolan,2015,30000,744000,Petrol,Punjab,Original,Local,Manual,11,2500.0
Suzuki,Swift,2011,97500,1540000,Petrol,Sindh,Original,Local,Manual,15,6093.75
Chevrolet,Exclusive,2004,12500,665000,Petrol,Lahore,Original,Local,Manual,22,543.4782608695652
Suzuki,Bolan,2009,1000,750000,Petrol,Islamabad,Original,Imported,Manual,17,55.55555555555556
Toyota,Yaris,2020,56000,3850000,Petrol,Karachi,Original,Local,Automatic,6,8000.0
Daihatsu,Mira,2006,167000,1540000,Petrol,Lahore,Original,Imported,Automatic,20,7952.380952380952
Suzuki,Every,2008,75000,1550000,Petrol,Islamabad,Original,Local,Manual,18,3947.3684210526317
Toyota,Corolla GLI,2019,85000,4023000,Petrol,Sindh,Original,Local,Manual,7,10625.0
Toyota,Corolla GLI,2016,90000,3450000,Petrol,Karachi,Original,Local,Automatic,10,8181.818181818182
Daihatsu,Cuore,2005,10000,1070000,Petrol,Islamabad,Original,Imported,Automatic,21,454.54545454545456
Suzuki,Wagon R,2022,11344,3215000,Petrol,Lahore,Original,Local,Automatic,4,2268.8
Honda,City IDSI,2004,243000,1550000,Petrol,Lahore,Original,Imported,Manual,22,10565.217391304348
Hyundai,Santro,2001,100000,530000,Petrol,Karachi,Original,Imported,Manual,25,3846.153846153846
Honda,Civic Oriel,2001,150000,1300000,Petrol,Lahore,Original,Imported,Automatic,25,5769.2307692307695
KIA,Picanto,2021,43000,2530000,Petrol,Punjab,Original,Local,Manual,5,7166.666666666667
Honda,Civic Prosmetic,2005,145000,1680000,Petrol,Karachi,Original,Local,Automatic,21,6590.909090909091
Suzuki,Swift,2017,73800,2380000,Petrol,Karachi,Original,Local,Automatic,9,7380.0
Suzuki,Alto,2022,27800,2450000,Petrol,Punjab,Original,Local,Manual,4,5560.0
KIA,Sportage,2005,2000,1420000,Petrol,Karachi,Original,Local,Manual,21,90.9090909090909
Suzuki,Alto,2019,67000,2050000,Petrol,Lahore,Original,Local,Manual,7,8375.0
Toyota,Corolla GLI,2014,224500,2600000,Petrol,Lahore,Original,Local,Manual,12,17269.23076923077
Toyota,Yaris,2022,13400,4650000,Petrol,Lahore,Original,Local,Automatic,4,2680.0
Suzuki,Mehran VXR,2009,76086,870000,Petrol,Rawalpindi,Original,Local,Manual,17,4227.0
Honda,City IVTEC,2015,127118,2750000,Petrol,Lahore,Original,Local,Automatic,11,10593.166666666666
Mitsubishi,Minica,2016,98000,1290000,Petrol,Lahore,Original,Imported,Automatic,10,8909.09090909091
Toyota,Corrolla Altis,2012,96000,3000000,Petrol,Lahore,Original,Local,Automatic,14,6400.0
Hyundai,Santro,2002,100000,800000,Petrol,Lahore,Original,Imported,Manual,24,4000.0
Honda,City IVTEC,2021,14500,4550000,Petrol,Karachi,Original,Imported,Automatic,5,2416.6666666666665
Toyota,Altis Grande,2015,92700,4180000,Petrol,Islamabad,Original,Local,Automatic,11,7725.0
Toyota,Yaris,2021,40000,4600000,Petrol,Karachi,Original,Local,Automatic,5,6666.666666666667
Toyota,Passo,2016,75000,3050000,Petrol,Lahore,Original,Imported,Automatic,10,6818.181818181818
Suzuki,Wagon R,2018,66000,2100000,Petrol,Lahore,Original,Imported,Manual,8,7333.333333333333
Honda,City Vario,2003,200000,1090000,Petrol,Sindh,Original,Imported,Automatic,23,8333.333333333334
Suzuki,Swift,2017,50000,1850000,Petrol,Peshawar,Original,Local,Manual,9,5000.0
Honda,City IVTEC,2021,17300,4200000,Petrol,Lahore,Original,Local,Manual,5,2883.3333333333335
Suzuki,Bolan,2013,75000,745000,Petrol,Sindh,Original,Local,Manual,13,5357.142857142857
Daihatsu,Hijet,2013,100000,1575000,Petrol,Karachi,Original,Imported,Automatic,13,7142.857142857143
Honda,Civic Prosmetic,2005,75000,1250000,Petrol,Peshawar,Original,Imported,Manual,21,3409.090909090909
Suzuki,Bolan,2006,100000,495000,Petrol,Karachi,Original,Imported,Manual,20,4761.9047619047615
Suzuki,Alto,2021,37000,2500000,Petrol,Karachi,Original,Local,Automatic,5,6166.666666666667
Honda,City IVTEC,2018,145000,3375000,Petrol,Lahore,Original,Local,Manual,8,16111.111111111111
Suzuki,Mehran VXR,2007,20000,650000,Petrol,Rawalpindi,Original,Local,Manual,19,1000.0
Honda,City IVTEC,2008,166000,2300000,Petrol,Lahore,Original,Local,Automatic,18,8736.842105263158
Daihatsu,Terios Kid,2007,97000,1700000,Petrol,Sindh,Original,Imported,Manual,19,4850.0
Suzuki,Swift,2016,140000,2049000,Petrol,Lahore,Original,Local,Manual,10,12727.272727272728
Honda,City IVTEC,2016,84000,2720000,Petrol,Karachi,Original,Local,Manual,10,7636.363636363636
Daihatsu,Move,2013,112000,2200000,Petrol,Lahore,Original,Imported,Automatic,13,8000.0
Toyota,Corrolla Altis,2004,178000,1690000,Petrol,Lahore,Original,Local,Manual,22,7739.130434782609
Changan,Karvaan,2022,1500,2790000,Petrol,Karachi,Original,Local,Manual,4,300.0
Daihatsu,Mira,2020,13600,3700000,Petrol,Unregistered,Original,Imported,Automatic,6,1942.857142857143
Hyundai,Santro,2005,165000,1025000,Petrol,Islamabad,Original,Imported,Automatic,21,7500.0
Toyota,Corolla GLI,2011,145000,2200000,Petrol,Lahore,Original,Local,Manual,15,9062.5
Toyota,Corrolla Altis,2016,80800,4500000,Petrol,Lahore,Original,Local,Automatic,10,7345.454545454545
Honda,City IVTEC,2018,77500,3150000,Petrol,Islamabad,Original,Local,Manual,8,8611.111111111111
Suzuki,Mehran VXR,2017,49000,1170000,Petrol,Lahore,Original,Local,Manual,9,4900.0
Changan,Karvaan,2021,21000,2350000,Petrol,Karachi,Original,Local,Manual,5,3500.0
Suzuki,Wagon R,2020,37000,2690000,Petrol,Unregistered,Original,Imported,Manual,6,5285.714285714285
Suzuki,Alto,2021,19465,2730000,Petrol,Karachi,Original,Local,Automatic,5,3244.1666666666665
Daihatsu,Hijet,2011,335350,980000,Petrol,Lahore,Original,Imported,Manual,15,20959.375
Toyota,Yaris,2021,31000,3950000,Petrol,Lahore,Original,Local,Automatic,5,5166.666666666667
Daihatsu,Mira,2011,45000,2200000,Petrol,Karachi,Original,Imported,Automatic,15,2812.5
Suzuki,Alto,2005,300000,630000,Petrol,Karachi,Original,Local,Manual,21,13636.363636363636
Daihatsu,Hijet,2016,100000,1180000,Petrol,Lahore,Original,Imported,Automatic,10,9090.90909090909
Daihatsu,Mira,2019,82000,2350000,Petrol,Karachi,Original,Imported,Automatic,7,10250.0
Changan,Alsvin,2022,7500,4025000,Petrol,Karachi,Original,Local,Automatic,4,1500.0
Daihatsu,Cuore,2011,220000,915000,Petrol,Sindh,Original,Local,Manual,15,13750.0
Suzuki,Wagon R,2018,105000,2140000,Petrol,Lahore,Original,Local,Manual,8,11666.666666666666
Suzuki,Baleno,2002,65000,985000,Petrol,Lahore,Original,Local,Manual,24,2600.0
Mitsubishi,Ek Wagon,2013,100000,1900000,Petrol,Lahore,Original,Imported,Automatic,13,7142.857142857143
Suzuki,Bolan,2010,75986,840000,Petrol,Jhelum,Original,Local,Manual,16,4469.764705882353
Suzuki,Swift,2010,118000,1670000,Petrol,Karachi,Original,Imported,Manual,16,6941.176470588235
Daihatsu,Cuore,2007,150000,850000,Petrol,Lahore,Original,Imported,Manual,19,7500.0
Toyota,Corolla GLI,2017,90000,3750000,Petrol,Islamabad,Original,Local,Manual,9,9000.0
Suzuki,Wagon R,2017,197000,1950000,Petrol,Karachi,Original,Local,Manual,9,19700.0
Mitsubishi,Lancer,2003,114000,1425000,Petrol,Lahore,Original,Imported,Manual,23,4750.0
KIA,Classic,2001,40000,450000,Petrol,Faisalabad,Original,Local,Manual,25,1538.4615384615386
Mitsubishi,Lancer,2006,186000,1000000,Petrol,Sindh,Original,Imported,Manual,20,8857.142857142857
Daihatsu,Mira,2008,65000,1600000,Petrol,Lahore,Original,Imported,Automatic,18,3421.0526315789475
Suzuki,Alto,2011,140000,1200000,Petrol,Lahore,Original,Local,Manual,15,8750.0
Toyota,Passo,2021,86000,3450000,Petrol,Hyderabad,Original,Imported,Automatic,5,14333.333333333334
Toyota,Yaris,2020,42000,4150000,Petrol,Karachi,Original,Local,Automatic,6,6000.0
Daihatsu,Cuore,2004,260000,650000,Petrol,Faisalabad,Original,Imported,Manual,22,11304.347826086956
Honda,City Aspire,2016,72000,3200000,Petrol,Lahore,Original,Imported,Manual,10,6545.454545454545
Daihatsu,Cuore,2008,248000,990000,Petrol,Karachi,Original,Imported,Manual,18,13052.631578947368
Suzuki,Mehran VXR,2004,123123,495000,Petrol,Sindh,Original,Local,Manual,22,5353.173913043478
Honda,Civic Oriel,2000,100000,1060000,Petrol,Lahore,Original,Local,Manual,26,3703.703703703704
Suzuki,Wagon R,2017,75548,2150000,Petrol,Lahore,Original,Local,Manual,9,7554.8
Changan,Karvaan,2021,81000,2170000,Petrol,Punjab,Original,Local,Manual,5,13500.0
Toyota,Altis Grande,2016,109000,4450000,Petrol,Lahore,Original,Local,Automatic,10,9909.09090909091
Suzuki,Alto,2014,3000,930000,Petrol,Islamabad,Original,Imported,Manual,12,230.76923076923077
Suzuki,Bolan,2017,53000,1325000,Petrol,Multan,Original,Local,Manual,9,5300.0
Toyota,Yaris,2007,195000,2250000,Petrol,Lahore,Original,Imported,Automatic,19,9750.0
Changan,Alsvin,2022,35000,4300000,Petrol,Islamabad,Original,Imported,Automatic,4,7000.0
Toyota,Passo,2010,82000,1975000,Petrol,Karachi,Original,Imported,Automatic,16,4823.529411764706
Suzuki,Alto,2010,65000,1625000,Petrol,Karachi,Original,Local,Manual,16,3823.529411764706
Daihatsu,Mira,2014,66692,2170000,Petrol,Karachi,Original,Imported,Automatic,12,5130.153846153846
Daihatsu,Cuore,2010,85000,1250000,Petrol,Lahore,Original,Imported,Manual,16,5000.0
Honda,City IVTEC,2012,196000,2200000,Petrol,Islamabad,Original,Local,Manual,14,13066.666666666666
Daihatsu,Move,2011,95000,1675000,Petrol,Lahore,Original,Imported,Automatic,15,5937.5
Suzuki,Swift,2023,6500,4950000,Petrol,Unregistered,Original,Local,Automatic,3,1625.0
Honda,City Aspire,2018,52000,3600000,Petrol,Islamabad,Original,Local,Manual,8,5777.777777777777
Suzuki,Mehran VXR,2019,40000,1370000,Petrol,Karachi,Original,Local,Manual,7,5000.0
Suzuki,Alto,2021,71000,2800000,Petrol,Lahore,Original,Local,Automatic,5,11833.333333333334
Honda,City IVTEC,2018,81000,3050000,Petrol,Islamabad,Original,Local,Manual,8,9000.0
Daihatsu,Mira,2006,150000,1125000,Petrol,Karachi,Original,Imported,Automatic,20,7142.857142857143
Suzuki,Baleno,2001,123456,895000,Petrol,Islamabad,Original,Imported,Manual,25,4748.307692307692
Mitsubishi,Ek Wagon,2023,6000,3330000,Petrol,Unregistered,Original,Imported,Automatic,3,1500.0
Mitsubishi,Lancer,2007,98000,1370000,Petrol,Karachi,Original,Imported,Automatic,19,4900.0
Toyota,Corolla GLI,2009,150000,1950000,Petrol,Lahore,Original,Local,Manual,17,8333.333333333334
Suzuki,Mehran VXR,2013,72000,1030000,Petrol,Multan,Original,Local,Manual,13,5142.857142857143
Toyota,Corolla GLI,2010,140000,1900000,Petrol,Karachi,Original,Local,Manual,16,8235.29411764706
Hyundai,Santro,2005,220324,900000,Petrol,Karachi,Original,Imported,Manual,21,10014.727272727272
Suzuki,Bolan,2012,40000,700000,Petrol,Khanewal,Original,Imported,Manual,14,2666.6666666666665
Suzuki,Alto,2022,40000,2500000,Petrol,Lahore,Original,Local,Manual,4,8000.0
Suzuki,Swift,2022,3100,4750000,Petrol,Punjab,Original,Local,Automatic,4,620.0
Suzuki,Bolan,2007,185000,765000,Petrol,Lahore,Original,Imported,Manual,19,9250.0
Honda,Civic Oriel,2005,12345,1600000,Petrol,Lahore,Original,Local,Manual,21,561.1363636363636
Suzuki,Cultus VXR,2010,78000,1170000,Petrol,Lahore,Original,Imported,Manual,16,4588.235294117647
Toyota,Corolla GLI,2017,85000,3950000,Petrol,Lahore,Original,Local,Manual,9,8500.0
Toyota,Yaris,2020,28000,4550000,Petrol,Islamabad,Original,Local,Automatic,6,4000.0
Toyota,Corolla XLI,2011,19300,3550000,Petrol,Lahore,Original,Local,Manual,15,1206.25
Honda,City Aspire,2016,94000,2850000,Petrol,Sindh,Original,Local,Manual,10,8545.454545454546
Honda,City Aspire,2017,80000,2900000,Petrol,Lahore,Original,Local,Manual,9,8000.0
Suzuki,Bolan,2012,18375,1100000,Petrol,Punjab,Original,Local,Manual,14,1225.0
Honda,City Vario,2007,120000,1700000,Petrol,Karachi,Original,Local,Automatic,19,6000.0
Honda,City IVTEC,2015,107000,2600000,Petrol,Lahore,Original,Local,Manual,11,8916.666666666666
Toyota,Corolla GLI,2015,163600,2850000,Petrol,Karachi,Original,Local,Manual,11,13633.333333333334
Suzuki,Mehran VXR,2010,150000,735000,CNG,Karachi,Original,Local,Manual,16,8823.529411764706
Honda,City IVTEC,2017,94000,5000000,Petrol,Punjab,Original,Local,Automatic,9,9400.0
Daihatsu,Cuore,2012,123000,1000000,Petrol,Karachi,Original,Local,Automatic,14,8200.0
Honda,City IVTEC,2013,107000,2300000,Petrol,Karachi,Original,Local,Manual,13,7642.857142857143
Suzuki,Cultus VXR,2009,1700,1025000,Petrol,Larkana,Original,Imported,Manual,17,94.44444444444444
Suzuki,Alto,2021,70000,2195000,Petrol,Punjab,Original,Local,Manual,5,11666.666666666666
Suzuki,Wagon R,2014,123000,1690000,Petrol,Karachi,Original,Local,Manual,12,9461.538461538461
Mitsubishi,Pajero Mini,2012,134000,2100000,Petrol,Lahore,Original,Imported,Automatic,14,8933.333333333334
Chevrolet,Joy,2006,141500,888000,Petrol,Lahore,Original,Imported,Manual,20,6738.0952380952385
Toyota,Corolla GLI,2015,95000,3120000,Petrol,Karachi,Original,Local,Manual,11,7916.666666666667
Daihatsu,Mira,2021,75000,3300000,Petrol,Karachi,Original,Imported,Automatic,5,12500.0
Daihatsu,Move,2017,86000,3000000,Petrol,Islamabad,Original,Imported,Automatic,9,8600.0
Suzuki,Alto,2003,88000,685000,Petrol,Karachi,Original,Imported,Manual,23,3666.6666666666665
Daihatsu,Cuore,2006,50000,750000,Petrol,Lahore,Original,Local,Manual,20,2380.9523809523807
Honda,Civic Oriel,2017,96000,3150000,Petrol,Islamabad,Original,Imported,Automatic,9,9600.0
Suzuki,Cultus VXR,2010,145000,1396000,Petrol,Islamabad,Original,Local,Manual,16,8529.411764705883
Suzuki,Cultus VXR,2009,51050,1050000,Petrol,Lahore,Original,Local,Manual,17,2836.1111111111113
Suzuki,Alto,2012,62000,1250000,Petrol,Lahore,Original,Local,Manual,14,4133.333333333333
Suzuki,Swift,2012,97000,2200000,Petrol,Karachi,Original,Local,Automatic,14,6466.666666666667
Daihatsu,Mira,2012,120000,1400000,Petrol,Lahore,Original,Imported,Manual,14,8000.0
Suzuki,Alto,2022,10000,2450000,Petrol,Islamabad,Original,Local,Manual,4,2000.0
Suzuki,Alto,2020,10000,3300000,Petrol,Unregistered,Original,Imported,Automatic,6,1428.5714285714287
Suzuki,Mehran VXR,2018,66016,1500000,Petrol,Punjab,Original,Local,Manual,8,7335.111111111111
Daihatsu,Cuore,2004,150000,650000,Petrol,Lahore,Original,Imported,Manual,22,6521.739130434783
Mitsubishi,Lancer,2005,174200,1150000,Petrol,Lahore,Original,Local,Manual,21,7918.181818181818
Mercedes,E Class,2004,150000,3790000,Petrol,Sindh,Original,Imported,Automatic,22,6521.739130434783
Toyota,Corrolla Altis,2017,47000,4275000,Petrol,Karachi,Original,Local,Automatic,9,4700.0
FAW,V2,2018,56000,1500000,Petrol,Karachi,Original,Local,Manual,8,6222.222222222223
Suzuki,Alto,2007,150000,545000,Petrol,Karachi,Original,Local,Manual,19,7500.0
Mitsubishi,Ek Wagon,2015,54800,2000000,Petrol,Lahore,Original,Imported,Automatic,11,4566.666666666667
Suzuki,Bolan,2019,100000,1300000,Petrol,Karachi,Original,Local,Manual,7,12500.0
Suzuki,Mehran VXR,2005,56026,640000,Petrol,Lahore,Original,Imported,Manual,21,2546.6363636363635
Suzuki,Wagon R,2016,71000,2100000,Petrol,Lahore,Original,Local,Manual,10,6454.545454545455
Daihatsu,Cuore,2008,123456,925000,Petrol,Faisalabad,Original,Imported,Manual,18,6497.684210526316
KIA,Picanto,2020,91000,2850000,Petrol,Karachi,Original,Imported,Automatic,6,13000.0
Mitsubishi,Ek Wagon,2007,120000,1625000,Petrol,Islamabad,Original,Imported,Automatic,19,6000.0
Hyundai,Santro,2006,80000,875000,Petrol,Sialkot,Original,Local,Manual,20,3809.5238095238096
Toyota,Corolla GLI,2010,123456,2100000,Petrol,Sindh,Original,Local,Automatic,16,7262.117647058823
Changan,Karvaan,2020,46000,1970000,Petrol,Karachi,Original,Imported,Manual,6,6571.428571428572
Suzuki,Bolan,2018,100000,1350000,Petrol,Lahore,Original,Local,Manual,8,11111.111111111111
Suzuki,Wagon R,2019,80000,1975000,Petrol,Islamabad,Original,Local,Manual,7,10000.0
Honda,City Aspire,2014,135000,2800000,Petrol,Islamabad,Original,Local,Manual,12,10384.615384615385
Suzuki,Wagon R,2017,75000,2250000,Petrol,Lahore,Original,Local,Manual,9,7500.0
Suzuki,Bolan,2017,67500,1235000,Petrol,Lahore,Original,Imported,Manual,9,6750.0
Suzuki,Swift,2012,126301,2390000,Petrol,Islamabad,Original,Local,Automatic,14,8420.066666666668
Suzuki,Cultus VXR,2014,74000,1325000,Petrol,Karachi,Original,Local,Manual,12,5692.307692307692
Suzuki,Bolan,2000,44500,595000,Petrol,Lahore,Original,Local,Manual,26,1648.148148148148
Honda,City Vario,2004,210000,1470000,Petrol,Sindh,Original,Imported,Automatic,22,9130.434782608696
Suzuki,Mehran VXR,2018,54000,1380000,Petrol,Lahore,Original,Local,Manual,8,6000.0
Toyota,Corolla GLI,2017,76900,4100000,Petrol,Islamabad,Original,Local,Automatic,9,7690.0
Suzuki,Bolan,2012,85000,550000,Petrol,Faisalabad,Original,Local,Manual,14,5666.666666666667
Mercedes,C Class,2008,165000,4699000,Petrol,Islamabad,Original,Imported,Automatic,18,8684.21052631579
Suzuki,Cultus VXR,2014,22000,1550000,Petrol,Multan,Original,Local,Manual,12,1692.3076923076924
Daihatsu,Move,2013,94000,2000000,Petrol,Karachi,Original,Imported,Automatic,13,6714.285714285715
Suzuki,Bolan,2018,120000,1400000,Petrol,Islamabad,Original,Local,Manual,8,13333.333333333334
Changan,Alsvin,2021,34500,3800000,Petrol,Islamabad,Original,Imported,Automatic,5,5750.0
Honda,City IVTEC,2009,168000,2150000,Petrol,Lahore,Original,Local,Manual,17,9333.333333333334
Suzuki,Alto,2005,109940,618000,Petrol,Karachi,Original,Local,Manual,21,4997.272727272727
Daihatsu,Mira,2016,58000,2800000,Petrol,Karachi,Original,Imported,Automatic,10,5272.727272727273
Toyota,Corolla XLI,2009,175000,2400000,Petrol,Lahore,Original,Imported,Manual,17,9722.222222222223
Toyota,Corolla XLI,2009,60000,2000000,Petrol,Lahore,Original,Imported,Manual,17,3333.3333333333335
Honda,City Aspire,2021,55200,4100000,Petrol,Islamabad,Original,Local,Automatic,5,9200.0
Honda,City Aspire,2021,40000,4650000,Petrol,Islamabad,Original,Local,Automatic,5,6666.666666666667
Toyota,Passo,2014,1234,2640000,Petrol,Islamabad,Original,Imported,Automatic,12,94.92307692307692
Daihatsu,Cuore,2004,130000,950000,Petrol,Lahore,Original,Local,Manual,22,5652.173913043478
Suzuki,Baleno,2002,125000,670000,Petrol,Lahore,Original,Local,Manual,24,5000.0
Suzuki,Cultus VXR,2012,44814,1250000,Petrol,Karachi,Original,Local,Manual,14,2987.6
Toyota,Passo,2010,160000,2750000,Petrol,Unregistered,Original,Imported,Automatic,16,9411.764705882353
Suzuki,Every,2018,43000,2759000,Petrol,Unregistered,Original,Imported,Manual,8,4777.777777777777
Daihatsu,Terios Kid,2002,57000,1340000,Petrol,Karachi,Original,Imported,Automatic,24,2280.0
Honda,City IDSI,2011,129000,2500000,Petrol,Karachi,Original,Local,Manual,15,8062.5
FAW,V2,2019,30500,1850000,Petrol,Lahore,Original,Local,Manual,7,3812.5
Toyota,Corrolla Altis,2005,200000,2150000,Petrol,Lahore,Original,Local,Automatic,21,9090.90909090909
Honda,Civic Prosmetic,2003,150000,1300000,Petrol,Sindh,Original,Local,Automatic,23,6250.0
KIA,Picanto,2023,8400,3465000,Petrol,Sindh,Original,Local,Automatic,3,2100.0
Hyundai,Santro,2007,75000,950000,Petrol,Lahore,Original,Imported,Manual,19,3750.0
Toyota,Corolla XLI,2011,42000,2100000,Petrol,Lahore,Original,Local,Manual,15,2625.0
KIA,Classic,2001,200000,550000,Petrol,Sahiwal,Original,Imported,Manual,25,7692.307692307692
Honda,Civic Oriel,2005,200000,1400000,Petrol,Sindh,Original,Local,Manual,21,9090.90909090909
Suzuki,Bolan,2015,60000,830000,Petrol,Lahore,Original,Imported,Manual,11,5000.0
Honda,City IVTEC,2018,70000,3450000,Petrol,Lahore,Original,Local,Manual,8,7777.777777777777
Mitsubishi,Pajero Mini,2000,80000,850000,Petrol,Sindh,Original,Imported,Manual,26,2962.962962962963
Changan,Karvaan,2020,37400,2290000,Petrol,Lahore,Original,Local,Manual,6,5342.857142857143
Suzuki,Bolan,2007,403588,710000,CNG,Karachi,Original,Local,Manual,19,20179.4
Suzuki,Cultus VXR,2007,75000,750000,Petrol,Lahore,Original,Local,Manual,19,3750.0
Toyota,Corolla GLI,2014,110000,2400000,Petrol,Karachi,Original,Local,Manual,12,8461.538461538461
Suzuki,Cultus VXR,2014,90000,1435000,Petrol,Islamabad,Original,Local,Manual,12,6923.076923076923
Daihatsu,Cuore,2004,100000,565000,Petrol,Karachi,Original,Imported,Manual,22,4347.826086956522
Toyota,Altis Grande,2015,90000,4100000,Petrol,Karachi,Original,Local,Automatic,11,7500.0
Toyota,Passo,2007,160000,1900000,Petrol,Lahore,Original,Imported,Automatic,19,8000.0
KIA,Spectra,2001,10000,700000,Petrol,Sindh,Original,Local,Manual,25,384.61538461538464
Suzuki,Mehran VXR,2005,14672,700000,Petrol,Lahore,Original,Imported,Manual,21,666.9090909090909
Daihatsu,Move,2015,105000,2045000,Petrol,Lahore,Original,Imported,Automatic,11,8750.0
Daihatsu,Cuore,2007,89999,920000,Petrol,Karachi,Original,Local,Manual,19,4499.95
Daihatsu,Hijet,2014,116000,1625000,Petrol,Karachi,Original,Imported,Automatic,12,8923.076923076924
Suzuki,Swift,2016,60000,1880000,Petrol,Lahore,Original,Local,Manual,10,5454.545454545455
Honda,City IVTEC,2012,129000,2750000,Petrol,Lahore,Original,Local,Automatic,14,8600.0
Daihatsu,Move,2013,85000,1850000,Petrol,Lahore,Original,Imported,Automatic,13,6071.428571428572
Suzuki,Swift,2022,12500,4490000,Petrol,Islamabad,Original,Local,Automatic,4,2500.0
Daihatsu,Cuore,2009,125000,1060000,Petrol,Karachi,Original,Local,Automatic,17,6944.444444444444
Mitsubishi,Ek Wagon,2013,65000,2300000,Petrol,Lahore,Original,Imported,Automatic,13,4642.857142857143
Chevrolet,Joy,2006,100000,680000,Petrol,Sindh,Original,Imported,Manual,20,4761.9047619047615
Suzuki,Mehran VXR,2015,92000,1030000,Petrol,Karachi,Original,Local,Manual,11,7666.666666666667
Toyota,Corolla XLI,2007,120000,1900000,CNG,Lahore,Original,Local,Manual,19,6000.0
FAW,V2,2015,150050,1200000,Petrol,Lahore,Original,Local,Manual,11,12504.166666666666
Toyota,Corolla XLI,2009,200000,1770000,Petrol,Lahore,Original,Local,Manual,17,11111.111111111111
Toyota,Passo,2008,98000,1690000,Petrol,Karachi,Original,Imported,Automatic,18,5157.894736842105
Suzuki,Alto,2012,20466,1600000,Petrol,Islamabad,Original,Imported,Automatic,14,1364.4
Daihatsu,Cuore,2004,80000,650000,Petrol,Lahore,Original,Local,Manual,22,3478.2608695652175
Suzuki,Bolan,2013,98000,1120000,Petrol,Islamabad,Original,Local,Manual,13,7000.0
Daihatsu,Cuore,2007,85000,725000,Petrol,Karachi,Original,Local,Manual,19,4250.0
Toyota,Corrolla Altis,2017,58000,4700000,Petrol,Karachi,Original,Local,Automatic,9,5800.0
Honda,City IVTEC,2017,55000,2825000,Petrol,Karachi,Original,Local,Manual,9,5500.0
Suzuki,Bolan,2012,100500,600000,Petrol,Lahore,Original,Local,Manual,14,6700.0
Mercedes,E Class,2006,133333,4500000,Petrol,Karachi,Original,Imported,Automatic,20,6349.190476190476
Suzuki,Bolan,2017,38000,1300000,Petrol,Karachi,Original,Local,Manual,9,3800.0
Suzuki,Swift,2017,45000,2250000,Petrol,Karachi,Original,Local,Manual,9,4500.0
Toyota,Corolla GLI,2004,114000,2250000,Petrol,Karachi,Original,Local,Manual,22,4956.521739130435
Suzuki,Wagon R,2018,100000,1950000,Petrol,Lahore,Original,Local,Manual,8,11111.111111111111
Suzuki,Cultus VXR,2010,100000,1050000,Petrol,Karachi,Original,Local,Manual,16,5882.35294117647
Hyundai,Santro,2001,12470,800000,Petrol,Karachi,Original,Imported,Manual,25,479.61538461538464
Suzuki,Swift,2010,5000,1890000,Petrol,Lahore,Original,Imported,Manual,16,294.11764705882354
Daihatsu,Cuore,2007,12800,850000,Petrol,Multan,Original,Imported,Manual,19,640.0
Honda,Civic Oriel,2017,480000,4350000,Petrol,Karachi,Original,Local,Automatic,9,48000.0
Suzuki,Mehran VXR,2003,150000,385000,Petrol,Gujranwala,Original,Imported,Manual,23,6250.0
Suzuki,Cultus VXR,2011,130000,1250000,Petrol,Lahore,Original,Local,Manual,15,8125.0
Honda,City IDSI,2004,189000,1550000,Petrol,Lahore,Original,Local,Automatic,22,8217.391304347826
Suzuki,Wagon R,2018,112000,2050000,Petrol,Lahore,Original,Local,Manual,8,12444.444444444445
Honda,City IVTEC,2016,90000,3100000,Petrol,Punjab,Original,Local,Manual,10,8181.818181818182
Suzuki,Cultus VXR,2001,65000,850000,Petrol,Lahore,Original,Imported,Manual,25,2500.0
Hyundai,Santro,2008,203014,1150000,Petrol,Islamabad,Original,Local,Manual,18,10684.947368421053
Honda,City IDSI,2001,123565,1150000,Petrol,Lahore,Original,Local,Manual,25,4752.5
Suzuki,Bolan,2003,26000,625000,Petrol,Sialkot,Original,Imported,Manual,23,1083.3333333333333
Daihatsu,Cuore,2007,190000,770000,Petrol,Lahore,Original,Imported,Manual,19,9500.0
Daihatsu,Cuore,2011,100000,850000,Petrol,Karachi,Original,Local,Manual,15,6250.0
Honda,City Aspire,2019,65000,3700000,Petrol,Lahore,Original,Imported,Manual,7,8125.0
Honda,City Aspire,2013,106000,2620000,Petrol,Karachi,Original,Local,Automatic,13,7571.428571428572
Suzuki,Mehran VXR,2011,97650,800000,Petrol,Lahore,Original,Imported,Manual,15,6103.125
Honda,City IVTEC,2016,95000,2850000,Petrol,Karachi,Original,Local,Automatic,10,8636.363636363636
Suzuki,Cultus VXR,2002,100000,600000,Petrol,Karachi,Original,Local,Manual,24,4000.0
FAW,V2,2019,76000,1550000,Petrol,Karachi,Original,Local,Manual,7,9500.0
Hyundai,Santro,2005,123467,850000,Petrol,Sindh,Original,Imported,Manual,21,5612.136363636364
KIA,Classic,2001,54789,380000,CNG,Lahore,Original,Imported,Manual,25,2107.269230769231
Mitsubishi,Ek Wagon,2019,23400,3350000,Petrol,Unregistered,Original,Imported,Automatic,7,2925.0
Suzuki,Every,2015,140000,1185000,Petrol,Sialkot,Original,Imported,Automatic,11,11666.666666666666
Daihatsu,Move,2014,101000,1950000,Petrol,Karachi,Original,Imported,Automatic,12,7769.2307692307695
Suzuki,Bolan,2022,3600,1750000,Petrol,Karachi,Original,Local,Manual,4,720.0
Suzuki,Cultus VXR,2008,10000,850000,Petrol,Karachi,Original,Local,Manual,18,526.3157894736842
Chevrolet,Joy,2005,45000,650000,Petrol,Islamabad,Original,Imported,Manual,21,2045.4545454545455
Toyota,Yaris,2020,33000,4300000,Petrol,Karachi,Original,Imported,Automatic,6,4714.285714285715
Suzuki,Swift,2012,125000,1600000,Petrol,Karachi,Original,Local,Manual,14,8333.333333333334
Honda,City IVTEC,2013,102000,2750000,Petrol,Karachi,Original,Local,Automatic,13,7285.714285714285
Toyota,Corolla XLI,2013,175000,2100000,Petrol,Sindh,Original,Local,Manual,13,12500.0
Suzuki,Bolan,2019,31750,1550000,Petrol,Lahore,Original,Imported,Manual,7,3968.75
FAW,X-PV,2015,123456,849999,Petrol,Islamabad,Original,Imported,Manual,11,10288.0
Mitsubishi,Ek Wagon,2014,121000,1610000,Petrol,Karachi,Original,Imported,Automatic,12,9307.692307692309
Daihatsu,Mira,2014,114000,1750000,Petrol,Lahore,Original,Imported,Automatic,12,8769.23076923077
Toyota,Corolla GLI,2019,90000,4300000,Petrol,Lahore,Original,Local,Manual,7,11250.0
Suzuki,Cultus VXR,2006,50000,850000,Petrol,Lahore,Original,Imported,Manual,20,2380.9523809523807
Suzuki,Alto,2021,28000,2520000,Petrol,Karachi,Original,Local,Automatic,5,4666.666666666667
Suzuki,Bolan,2015,25000,650000,Petrol,Karachi,Original,Local,Manual,11,2083.3333333333335
Suzuki,Mehran VXR,2006,10000,535000,Petrol,Lahore,Original,Local,Manual,20,476.1904761904762
Honda,Civic Prosmetic,2007,148000,1850000,Petrol,Karachi,Original,Local,Automatic,19,7400.0
Suzuki,Mehran VXR,2017,27765,1075000,Petrol,Lahore,Original,Local,Manual,9,2776.5
Toyota,Yaris,2021,12500,4450000,Petrol,Karachi,Original,Local,Automatic,5,2083.3333333333335
Suzuki,Wagon R,2021,66000,2680000,Petrol,Punjab,Original,Local,Manual,5,11000.0
FAW,X-PV,2018,100000,1350000,Petrol,Islamabad,Original,Imported,Manual,8,11111.111111111111
Changan,Alsvin,2021,22000,3400000,Petrol,Karachi,Original,Local,Automatic,5,3666.6666666666665
Daihatsu,Hijet,2014,79700,1875000,Petrol,Karachi,Original,Imported,Automatic,12,6130.7692307692305
Suzuki,Swift,2017,78000,2050000,Petrol,Lahore,Original,Local,Manual,9,7800.0
Daihatsu,Cuore,2008,150000,820000,Petrol,Karachi,Original,Imported,Manual,18,7894.736842105263
Suzuki,Bolan,2007,15000,650000,Petrol,Lahore,Original,Local,Manual,19,750.0
Daihatsu,Mira,2012,85000,2090000,Petrol,Karachi,Original,Imported,Automatic,14,5666.666666666667
Changan,Karvaan,2021,64000,2050000,Petrol,Lahore,Original,Local,Manual,5,10666.666666666666
Daihatsu,Mira,2007,100000,1700000,Petrol,Sindh,Original,Imported,Automatic,19,5000.0
Suzuki,Swift,2013,176000,2450000,Petrol,Islamabad,Original,Local,Automatic,13,12571.42857142857
Suzuki,Mehran VXR,2007,120000,690000,Petrol,Rawalpindi,Original,Local,Manual,19,6000.0
Suzuki,Wagon R,2021,35690,2775000,Petrol,Punjab,Original,Local,Manual,5,5948.333333333333
Honda,City Vario,2004,250000,1630000,Petrol,Lahore,Original,Local,Manual,22,10869.565217391304
Suzuki,Alto,2021,16500,2490000,Petrol,Islamabad,Original,Local,Manual,5,2750.0
Suzuki,Wagon R,2022,62000,3000000,Petrol,Lahore,Original,Local,Automatic,4,12400.0
Toyota,Passo,2006,120000,1700000,Petrol,Karachi,Original,Imported,Automatic,20,5714.285714285715
Suzuki,Mehran VXR,2008,20000,480000,Petrol,Karachi,Original,Local,Manual,18,1052.6315789473683
Mitsubishi,Pajero Mini,2008,140000,1280000,Petrol,Karachi,Original,Imported,Automatic,18,7368.421052631579
Toyota,Corolla XLI,2009,110790,2300000,Petrol,Islamabad,Original,Local,Manual,17,6155.0
Toyota,Corolla GLI,2004,123456,1530000,CNG,Lahore,Original,Local,Manual,22,5367.652173913043
Hyundai,Santro,2003,29090,800000,Petrol,Sindh,Original,Imported,Manual,23,1212.0833333333333
Suzuki,Bolan,2012,34000,740000,Petrol,Karachi,Original,Local,Manual,14,2266.6666666666665
Honda,Civic Oriel,2012,150000,3300000,Petrol,Lahore,Original,Local,Automatic,14,10000.0
Honda,City IVTEC,2017,111917,3550000,Petrol,Lahore,Original,Local,Manual,9,11191.7
Suzuki,Swift,2017,137800,2395000,Petrol,Islamabad,Original,Local,Manual,9,13780.0
Honda,City IDSI,2006,262000,1725000,Petrol,Lahore,Original,Local,Manual,20,12476.190476190477
Chevrolet,Joy,2008,12345,850000,Petrol,Lahore,Original,Imported,Automatic,18,649.7368421052631
Daihatsu,Cuore,2008,134000,875000,Petrol,Karachi,Original,Local,Manual,18,7052.631578947368
Changan,Karvaan,2021,40800,2125000,Petrol,Lahore,Original,Imported,Manual,5,6800.0
Suzuki,Wagon R,2017,98000,2075000,Petrol,Islamabad,Original,Local,Manual,9,9800.0
Suzuki,Bolan,2014,46000,880000,Petrol,Karachi,Original,Local,Manual,12,3538.4615384615386
Honda,City IVTEC,2011,158000,2300000,Petrol,Sindh,Original,Local,Automatic,15,9875.0
Daihatsu,Mira,2014,102000,2150000,Petrol,Lahore,Original,Imported,Automatic,12,7846.153846153846
Daihatsu,Terios Kid,2015,95000,1825000,Petrol,Lahore,Original,Imported,Automatic,11,7916.666666666667
Honda,City Vario,2001,201003,1050000,Petrol,Lahore,Original,Local,Manual,25,7730.884615384615
Suzuki,Mehran VXR,2010,19434,800000,Petrol,Lahore,Original,Local,Manual,16,1143.1764705882354
Suzuki,Every,2023,74700,2475000,Petrol,Unregistered,Original,Imported,Automatic,3,18675.0
Honda,City IVTEC,2016,107000,3250000,Petrol,Lahore,Original,Local,Manual,10,9727.272727272728
Hyundai,Santro,2003,120000,850000,Petrol,Sindh,Original,Imported,Manual,23,5000.0
Toyota,Corolla XLI,2009,156805,1800000,Petrol,Lahore,Original,Local,Manual,17,8711.388888888889
Suzuki,Bolan,2016,35000,1050000,Petrol,Unregistered,Original,Local,Manual,10,3181.818181818182
Suzuki,Bolan,2008,240000,670000,Petrol,Lahore,Original,Imported,Manual,18,12631.578947368422
Suzuki,Alto,2010,100000,865000,Petrol,Lahore,Original,Local,Manual,16,5882.35294117647
Mitsubishi,Minica,2012,115000,1150000,Petrol,Lahore,Original,Imported,Automatic,14,7666.666666666667
Suzuki,Bolan,2014,70000,875000,Petrol,Lahore,Original,Local,Manual,12,5384.615384615385
Suzuki,Cultus VXR,2017,45160,1680000,Petrol,Lahore,Original,Local,Manual,9,4516.0
Suzuki,Baleno,2000,123456,750000,Petrol,Lahore,Original,Local,Manual,26,4572.444444444444
Honda,City IVTEC,2011,119000,1990000,Petrol,Lahore,Original,Local,Manual,15,7437.5
Toyota,Altis Grande,2015,145000,4150000,Petrol,Islamabad,Original,Local,Automatic,11,12083.333333333334
Mitsubishi,Lancer,2007,168786,1025000,Petrol,Karachi,Original,Imported,Manual,19,8439.3
Suzuki,Alto,2021,50500,2310000,Petrol,Lahore,Original,Local,Manual,5,8416.666666666666
Honda,Civic Prosmetic,2017,138000,4900000,Petrol,Lahore,Original,Local,Automatic,9,13800.0
Toyota,Corolla GLI,2016,75000,3600000,Petrol,Islamabad,Original,Local,Manual,10,6818.181818181818
Toyota,Yaris,2021,18000,4550000,Petrol,Islamabad,Original,Local,Automatic,5,3000.0
Suzuki,Bolan,2015,98000,900000,Petrol,Multan,Original,Local,Manual,11,8166.666666666667
FAW,X-PV,2015,123456,800000,Petrol,Lahore,Original,Local,Manual,11,10288.0
Daihatsu,Mira,2004,106000,1100000,Petrol,Karachi,Original,Imported,Automatic,22,4608.695652173913
Honda,Civic Oriel,2006,102000,1500000,Petrol,Lahore,Original,Local,Manual,20,4857.142857142857
Honda,City Aspire,2017,136000,3550000,Petrol,Lahore,Original,Local,Automatic,9,13600.0
Honda,Civic Oriel,2011,1555,1630000,Petrol,Lahore,Original,Imported,Manual,15,97.1875
Toyota,Corolla GLI,2013,46000,3100000,Petrol,Lahore,Original,Local,Automatic,13,3285.714285714286
Toyota,Corolla XLI,2013,210000,2050000,Petrol,Lahore,Original,Local,Manual,13,15000.0
Toyota,Corolla GLI,2007,141000,1680000,Petrol,Karachi,Original,Local,Manual,19,7050.0
Changan,Karvaan,2021,35654,2250000,Petrol,Lahore,Original,Local,Manual,5,5942.333333333333
Suzuki,Wagon R,2016,11111,1850000,Petrol,Lahore,Original,Imported,Manual,10,1010.0909090909091
Daihatsu,Hijet,2015,73000,1230000,Petrol,Lahore,Original,Imported,Manual,11,6083.333333333333
Daihatsu,Hijet,2014,150000,1500000,Petrol,Karachi,Original,Imported,Automatic,12,11538.461538461539
Toyota,Altis Grande,2014,98000,3375000,Petrol,Karachi,Original,Local,Manual,12,7538.461538461538
Suzuki,Alto,2003,320000,780000,Petrol,Rawalpindi,Original,Local,Manual,23,13333.333333333334
Changan,Alsvin,2021,33000,3600000,Petrol,Lahore,Original,Local,Automatic,5,5500.0
Honda,City IVTEC,2013,107000,2890000,Petrol,Lahore,Original,Local,Automatic,13,7642.857142857143
Toyota,Corrolla Altis,2015,111000,3975000,Petrol,Lahore,Original,Local,Automatic,11,9250.0
Suzuki,Cultus VXR,2018,250000,2499000,Petrol,Lahore,Original,Local,Manual,8,27777.777777777777
Toyota,Corolla GLI,2010,197000,2100000,Petrol,Lahore,Original,Imported,Manual,16,11588.235294117647
Mitsubishi,Ek Wagon,2015,75000,2375000,Petrol,Lahore,Original,Imported,Automatic,11,6250.0
Daihatsu,Terios Kid,2008,120000,1600000,Petrol,Karachi,Original,Imported,Automatic,18,6315.789473684211
Honda,Civic Prosmetic,2010,128000,2250000,Petrol,Islamabad,Original,Local,Automatic,16,7529.411764705882
Honda,City Aspire,2017,76254,3350000,Petrol,Islamabad,Original,Local,Manual,9,7625.4
Toyota,Corolla GLI,2014,80000,2300000,Petrol,Karachi,Original,Local,Manual,12,6153.846153846154
Toyota,Yaris,2021,24000,4150000,Petrol,Punjab,Original,Local,Automatic,5,4000.0
Mitsubishi,Lancer,2004,123456,1325000,Petrol,Gujranwala,Original,Imported,Manual,22,5367.652173913043
Suzuki,Bolan,2020,86000,1700000,Petrol,Islamabad,Original,Local,Manual,6,12285.714285714286
Toyota,Corrolla Altis,2018,75000,4150000,Petrol,Karachi,Original,Local,Automatic,8,8333.333333333334
Suzuki,Wagon R,2014,100000,1630000,Petrol,Karachi,Original,Local,Manual,12,7692.307692307692
Toyota,Corolla GLI,2013,70000,3200000,Petrol,Islamabad,Original,Local,Manual,13,5000.0
Suzuki,Ravi,2012,123456,960000,Petrol,Islamabad,Original,Imported,Manual,14,8230.4
Daihatsu,Mira,2013,92000,2250000,Petrol,Islamabad,Original,Imported,Automatic,13,6571.428571428572
KIA,Classic,2003,100000,450000,CNG,Karachi,Original,Local,Manual,23,4166.666666666667
Suzuki,Wagon R,2017,165000,1850000,Petrol,Islamabad,Original,Local,Manual,9,16500.0
Suzuki,Alto,2011,150000,1150000,CNG,Lahore,Original,Local,Manual,15,9375.0
Toyota,Corolla GLI,2004,450000,1390000,Petrol,Lahore,Original,Local,Manual,22,19565.217391304348
Toyota,Corolla GLI,2015,93000,3750000,Petrol,Islamabad,Original,Local,Manual,11,7750.0
Changan,Alsvin,2022,33000,4100000,Petrol,Punjab,Original,Local,Automatic,4,6600.0
Toyota,Altis Grande,2016,82000,4290000,Petrol,Islamabad,Original,Local,Automatic,10,7454.545454545455
KIA,Picanto,2021,60000,2350000,Petrol,Karachi,Original,Imported,Manual,5,10000.0
Toyota,Passo,2012,57000,2400000,Petrol,Karachi,Original,Imported,Automatic,14,3800.0
Suzuki,Wagon R,2017,28103,1970000,Petrol,Lahore,Original,Local,Manual,9,2810.3
Daihatsu,Mira,2012,81500,1975000,Petrol,Karachi,Original,Imported,Automatic,14,5433.333333333333
Honda,City Aspire,2013,116981,2950000,Petrol,Lahore,Original,Local,Automatic,13,8355.785714285714
FAW,V2,2017,100000,1600000,Petrol,Lahore,Original,Imported,Manual,9,10000.0
Suzuki,Wagon R,2021,71000,2850000,Petrol,Punjab,Original,Local,Manual,5,11833.333333333334
Suzuki,Wagon R,2013,169575,1500000,Petrol,Lahore,Original,Imported,Automatic,13,12112.5
Toyota,Corolla GLI,2013,150000,2540000,Petrol,Lahore,Original,Local,Manual,13,10714.285714285714
Toyota,Corolla GLI,2013,145000,3100000,Petrol,Sindh,Original,Local,Manual,13,10357.142857142857
Suzuki,Alto,2008,3500,690000,Petrol,Karachi,Original,Local,Manual,18,184.21052631578948
Suzuki,Alto,2021,18000,2400000,Petrol,Karachi,Original,Local,Manual,5,3000.0
Daihatsu,Cuore,2010,100000,880000,Petrol,Karachi,Original,Local,Manual,16,5882.35294117647
Mitsubishi,Lancer,2007,132000,1530000,Petrol,Karachi,Original,Imported,Automatic,19,6600.0
Daihatsu,Cuore,2000,100000,500000,Petrol,Sindh,Original,Local,Manual,26,3703.703703703704
Honda,Civic Prosmetic,2005,188400,1700000,Petrol,Lahore,Original,Local,Automatic,21,8563.636363636364
Honda,City Aspire,2015,160000,3280000,Petrol,Islamabad,Original,Local,Manual,11,13333.333333333334
Hyundai,Santro,2003,85000,890000,Petrol,Islamabad,Original,Imported,Manual,23,3541.6666666666665
Honda,City IDSI,2004,160000,1225000,Petrol,Sindh,Original,Local,Manual,22,6956.521739130435
Daihatsu,Mira,2015,101000,2515000,Petrol,Sindh,Original,Imported,Automatic,11,8416.666666666666
Toyota,Corrolla Altis,2019,68600,4690000,Petrol,Karachi,Original,Local,Automatic,7,8575.0
Honda,City IVTEC,2015,89988,2800000,Petrol,Lahore,Original,Local,Manual,11,7499.0
Suzuki,Swift,2014,98000,1590000,Petrol,Karachi,Original,Local,Manual,12,7538.461538461538
Daihatsu,Cuore,2004,125000,585000,Petrol,Karachi,Original,Imported,Manual,22,5434.782608695652
Daihatsu,Mira,2007,177789,1085000,Petrol,Lahore,Original,Local,Manual,19,8889.45
Suzuki,Bolan,2022,60000,1800000,Petrol,Jhang Sadar,Original,Local,Manual,4,12000.0
Suzuki,Every,2015,224400,1400000,Petrol,Lahore,Original,Imported,Automatic,11,18700.0
Suzuki,Mehran VXR,2010,87000,845000,Petrol,Lahore,Original,Local,Manual,16,5117.64705882353
Toyota,Corolla GLI,2017,95000,3225000,Petrol,Karachi,Original,Local,Manual,9,9500.0
Daihatsu,Mira,2007,99000,1300000,Petrol,Karachi,Original,Imported,Automatic,19,4950.0
Suzuki,Cultus VXR,2010,54000,1030000,Petrol,Karachi,Original,Local,Manual,16,3176.470588235294
Hyundai,Santro,2008,170000,1200000,Petrol,Lahore,Original,Local,Manual,18,8947.368421052632
Toyota,Corrolla Altis,2015,108500,4250000,Petrol,Lahore,Original,Local,Automatic,11,9041.666666666666
Toyota,Corolla XLI,2020,38505,4200000,Petrol,Karachi,Original,Local,Automatic,6,5500.714285714285
Honda,Civic Prosmetic,2015,85000,4000000,Petrol,Islamabad,Original,Local,Automatic,11,7083.333333333333
Suzuki,Alto,2023,20000,2570000,Petrol,Punjab,Original,Local,Manual,3,5000.0
Suzuki,Mehran VXR,2009,58890,580000,CNG,Karachi,Original,Local,Manual,17,3271.6666666666665
Daihatsu,Cuore,2007,44444,580000,Petrol,Karachi,Original,Local,Manual,19,2222.2
Hyundai,Santro,2005,99000,890000,CNG,Karachi,Original,Local,Manual,21,4500.0
Honda,City Aspire,2018,80000,3600000,Petrol,Lahore,Original,Local,Automatic,8,8888.888888888889
Honda,City IVTEC,2020,13841,4010000,Petrol,Punjab,Original,Local,Manual,6,1977.2857142857142
Daihatsu,Mira,2013,138933,1895000,Petrol,Karachi,Original,Imported,Automatic,13,9923.785714285714
Honda,City IVTEC,2015,100000,2725000,Petrol,Karachi,Original,Local,Manual,11,8333.333333333334
Toyota,Yaris,2022,39000,4390000,Petrol,Punjab,Original,Local,Automatic,4,7800.0
Honda,City IVTEC,2022,8000,4750000,Petrol,Lahore,Original,Local,Automatic,4,1600.0
Toyota,Yaris,2020,70000,4500000,Petrol,Islamabad,Original,Local,Automatic,6,10000.0
Suzuki,Bolan,2007,95000,880000,Petrol,Rawalpindi,Original,Local,Manual,19,4750.0
Mitsubishi,Lancer,2005,254087,1150000,Petrol,Lahore,Original,Local,Manual,21,11549.40909090909
Suzuki,Bolan,2017,100000,1200000,Petrol,Lahore,Original,Imported,Manual,9,10000.0
Toyota,Corolla GLI,2019,98000,4290000,Petrol,Lahore,Original,Local,Manual,7,12250.0
Suzuki,Cultus VXR,2014,10000,1400000,Petrol,Lahore,Original,Local,Manual,12,769.2307692307693
Suzuki,Bolan,2011,80000,700000,Petrol,Karachi,Original,Local,Manual,15,5000.0
Daihatsu,Cuore,2008,87000,900000,Petrol,Karachi,Original,Local,Manual,18,4578.9473684210525
Toyota,Corolla XLI,2012,101000,2575000,Petrol,Lahore,Original,Local,Manual,14,6733.333333333333
Toyota,Corolla XLI,2006,110000,1550000,Petrol,Karachi,Original,Local,Manual,20,5238.0952380952385
Daihatsu,Cuore,2008,87000,930000,Petrol,Karachi,Original,Local,Manual,18,4578.9473684210525
Daihatsu,Cuore,2008,54000,750000,Petrol,Karachi,Original,Local,Manual,18,2842.1052631578946
Daihatsu,Hijet,2013,98000,1650000,Petrol,Karachi,Original,Imported,Automatic,13,7000.0
Hyundai,Santro,2005,150000,920000,Petrol,Lahore,Original,Imported,Manual,21,6818.181818181818
Suzuki,Mehran VXR,2017,55000,1165000,Petrol,Karachi,Original,Local,Manual,9,5500.0
Changan,Alsvin,2022,12000,3900000,Petrol,Unknown,Original,Local,Automatic,4,2400.0
Daihatsu,Mira,2015,86000,1995000,Petrol,Karachi,Original,Imported,Automatic,11,7166.666666666667
Toyota,Corolla XLI,2007,220000,1650000,Petrol,Lahore,Original,Imported,Manual,19,11000.0
Suzuki,Mehran VXR,2015,32000,1150000,Petrol,Lahore,Original,Local,Manual,11,2666.6666666666665
Toyota,Corolla GLI,2018,79000,4200000,Petrol,Sindh,Original,Local,Manual,8,8777.777777777777
Suzuki,Bolan,2008,100000,800000,Petrol,Lahore,Original,Imported,Manual,18,5263.1578947368425
Daihatsu,Hijet,2011,150000,1300000,Petrol,Lahore,Original,Imported,Manual,15,9375.0
Mitsubishi,Pajero Mini,2007,100000,1100000,Petrol,Lahore,Original,Imported,Manual,19,5000.0
Honda,City IVTEC,2016,108000,3065000,Petrol,Lahore,Original,Local,Manual,10,9818.181818181818
Hyundai,Santro,2005,50000,870000,Petrol,Karachi,Original,Imported,Manual,21,2272.7272727272725
Toyota,Corolla XLI,2013,150950,2175000,Petrol,Lahore,Original,Local,Manual,13,10782.142857142857
Mitsubishi,Minica,2014,12345,1290000,Petrol,Islamabad,Original,Imported,Manual,12,949.6153846153846
Suzuki,Swift,2022,2700,4860000,Petrol,Islamabad,Original,Local,Automatic,4,540.0
Honda,City IVTEC,2023,4000,4500000,Petrol,Lahore,Original,Imported,Manual,3,1000.0
Honda,City IDSI,2008,200000,1780000,Petrol,Lahore,Original,Local,Manual,18,10526.315789473685
Toyota,Corrolla Altis,2017,143000,4950000,Petrol,Sindh,Original,Imported,Automatic,9,14300.0
Suzuki,Swift,2022,4000,4590000,Petrol,Karachi,Original,Local,Automatic,4,800.0
Honda,City Vario,2005,165000,1695000,Petrol,Lahore,Original,Local,Automatic,21,7500.0
Suzuki,Bolan,2018,57000,1440000,Petrol,Islamabad,Original,Local,Manual,8,6333.333333333333
Toyota,Corrolla Altis,2007,100000,1750000,Petrol,Karachi,Original,Local,Automatic,19,5000.0
Suzuki,Wagon R,2014,99800,1700000,Petrol,Punjab,Original,Local,Manual,12,7676.923076923077
Suzuki,Alto,2021,45000,2600000,Petrol,Karachi,Original,Local,Automatic,5,7500.0
Toyota,Corolla XLI,2005,195000,1350000,Petrol,Lahore,Original,Local,Manual,21,8863.636363636364
Daihatsu,Cuore,2005,100000,650000,Petrol,Karachi,Original,Local,Manual,21,4545.454545454545
Suzuki,Every,2009,180000,1420000,Petrol,Karachi,Original,Imported,Automatic,17,10000.0
Suzuki,Cultus VXR,2017,103000,2300000,Petrol,Sindh,Original,Local,Manual,9,10300.0
Toyota,Corolla XLI,2015,92000,2850000,Petrol,Lahore,Original,Local,Manual,11,7666.666666666667
Daihatsu,Mira,2007,120759,1650000,Petrol,Lahore,Original,Imported,Manual,19,6037.95
Daihatsu,Mira,2016,150000,2500000,Petrol,Islamabad,Original,Imported,Automatic,10,13636.363636363636
Hyundai,Santro,2004,126000,850000,Petrol,Faisalabad,Original,Local,Automatic,22,5478.260869565217
Suzuki,Bolan,2012,100000,650000,Petrol,Faisalabad,Original,Local,Manual,14,6666.666666666667
Suzuki,Swift,2017,102000,2350000,Petrol,Islamabad,Original,Local,Manual,9,10200.0
Honda,Civic Oriel,2013,228000,3000000,Petrol,Lahore,Original,Imported,Manual,13,16285.714285714286
KIA,Picanto,2021,20000,2650000,Petrol,Punjab,Original,Local,Manual,5,3333.3333333333335
Suzuki,Swift,2017,73000,2250000,Petrol,Lahore,Original,Local,Manual,9,7300.0
Toyota,Corrolla Altis,2016,110000,3785000,Petrol,Islamabad,Original,Local,Automatic,10,10000.0
Honda,City Aspire,2019,69000,3990000,Petrol,Lahore,Original,Local,Automatic,7,8625.0
Mitsubishi,Lancer,2012,10000,1950000,Petrol,Lahore,Original,Imported,Automatic,14,666.6666666666666
Honda,Civic Oriel,2017,143000,4600000,Petrol,Islamabad,Original,Local,Automatic,9,14300.0
Daihatsu,Move,2015,93000,2325000,Petrol,Karachi,Original,Imported,Automatic,11,7750.0
Daihatsu,Cuore,2007,250000,640000,Petrol,Karachi,Original,Local,Manual,19,12500.0
Changan,Karvaan,2021,1855,2450000,Petrol,Punjab,Original,Local,Manual,5,309.1666666666667
Honda,Civic Prosmetic,2001,117000,1200000,Petrol,Karachi,Original,Local,Manual,25,4500.0
Suzuki,Bolan,2020,67000,1730000,Petrol,Islamabad,Original,Imported,Manual,6,9571.42857142857
Suzuki,Wagon R,2020,26000,2850000,Petrol,Punjab,Original,Imported,Automatic,6,3714.285714285714
Honda,Civic Prosmetic,2004,129000,1350000,Petrol,Karachi,Original,Local,Automatic,22,5608.695652173913
Toyota,Yaris,2020,45000,3950000,Petrol,Karachi,Original,Local,Automatic,6,6428.571428571428
Suzuki,Bolan,2014,19000,960000,Petrol,Lahore,Original,Local,Manual,12,1461.5384615384614
Honda,City IVTEC,2018,20000,3795000,Petrol,Karachi,Original,Local,Automatic,8,2222.222222222222
Toyota,Corolla XLI,2014,150000,2325000,Petrol,Lahore,Original,Local,Manual,12,11538.461538461539
Honda,Civic Prosmetic,2010,100000,2250000,Petrol,Sindh,Original,Local,Automatic,16,5882.35294117647
Toyota,Yaris,2020,92000,4950000,Petrol,Unregistered,Original,Imported,Automatic,6,13142.857142857143
Toyota,Corolla XLI,2017,64000,3100000,Petrol,Karachi,Original,Local,Manual,9,6400.0
Daihatsu,Move,2015,140000,2350000,Petrol,Lahore,Original,Imported,Automatic,11,11666.666666666666
Daihatsu,Mira,2014,120000,2125000,Petrol,Sindh,Original,Imported,Automatic,12,9230.76923076923
Toyota,Yaris,2021,11000,3700000,Petrol,Islamabad,Original,Local,Manual,5,1833.3333333333333
Toyota,Corolla GLI,2004,22500,1300000,Petrol,Sindh,Original,Local,Manual,22,978.2608695652174
Honda,City IDSI,2006,100000,1599000,Petrol,Lahore,Original,Local,Manual,20,4761.9047619047615
Mercedes,E Class,2004,10000,3980000,Petrol,Karachi,Original,Imported,Automatic,22,434.7826086956522
Suzuki,Every,2017,175000,1725000,Petrol,Islamabad,Original,Imported,Manual,9,17500.0
Toyota,Passo,2007,86000,1650000,Petrol,Karachi,Original,Imported,Automatic,19,4300.0
Honda,City IDSI,2010,120000,2150000,Petrol,Karachi,Original,Local,Manual,16,7058.823529411765
Mercedes,E Class,2004,76000,4600000,Petrol,Karachi,Original,Imported,Automatic,22,3304.3478260869565
Suzuki,Every,2023,122000,2255000,Petrol,Unregistered,Original,Imported,Automatic,3,30500.0
Suzuki,Cultus VXR,2006,10000,650000,Petrol,Karachi,Original,Local,Manual,20,476.1904761904762
Suzuki,Bolan,2021,14500,1900000,Petrol,Islamabad,Original,Local,Manual,5,2416.6666666666665
Honda,City IVTEC,2009,100000,2200000,Petrol,Lahore,Original,Local,Manual,17,5555.555555555556
Daihatsu,Move,2020,29000,4150000,Petrol,Unregistered,Original,Imported,Automatic,6,4142.857142857143
Honda,City Aspire,2016,95000,3400000,Petrol,Karachi,Original,Local,Automatic,10,8636.363636363636
Hyundai,Santro,2005,211561,870000,Petrol,Jhelum,Original,Local,Manual,21,9616.40909090909
Suzuki,Swift,2016,93000,2550000,Petrol,Lahore,Original,Local,Automatic,10,8454.545454545454
Honda,City IVTEC,2009,150000,2050000,Petrol,Gujranwala,Original,Imported,Manual,17,8333.333333333334
Honda,City Aspire,2019,55000,4350000,Petrol,Islamabad,Original,Local,Automatic,7,6875.0
Daihatsu,Hijet,2013,75000,1580000,Petrol,Sindh,Original,Imported,Automatic,13,5357.142857142857
FAW,V2,2020,45000,1900000,Petrol,Lahore,Original,Local,Manual,6,6428.571428571428
Toyota,Corolla XLI,2010,180000,2550000,Petrol,Lahore,Original,Local,Manual,16,10588.235294117647
Daihatsu,Cuore,2012,110000,930000,Petrol,Sindh,Original,Local,Manual,14,7333.333333333333
Suzuki,Wagon R,2017,96000,2100000,Petrol,Lahore,Original,Local,Manual,9,9600.0
Mitsubishi,Lancer,2005,400000,1275000,Petrol,Islamabad,Original,Imported,Automatic,21,18181.81818181818
Suzuki,Mehran VXR,2006,45000,800000,CNG,Lahore,Original,Imported,Manual,20,2142.8571428571427
Honda,City Aspire,2003,196500,1050000,Petrol,Lahore,Duplicate,Local,Manual,23,8187.5
Suzuki,Alto,2021,46000,2260000,Petrol,Punjab,Original,Local,Manual,5,7666.666666666667
Suzuki,Bolan,2021,10600,1550000,Petrol,Karachi,Original,Local,Manual,5,1766.6666666666667
Honda,Civic Oriel,2017,87000,4500000,Petrol,Islamabad,Original,Local,Automatic,9,8700.0
Toyota,Altis Grande,2018,92000,4750000,Petrol,Sindh,Original,Local,Automatic,8,10222.222222222223
Toyota,Corolla GLI,2016,140000,3350000,Petrol,Lahore,Original,Local,Manual,10,12727.272727272728
Suzuki,Bolan,2018,95000,1480000,Petrol,Lahore,Original,Local,Manual,8,10555.555555555555
Suzuki,Bolan,2014,70515,900000,Petrol,Karachi,Original,Local,Manual,12,5424.2307692307695
Suzuki,Wagon R,2021,38300,2820000,Petrol,Lahore,Original,Local,Automatic,5,6383.333333333333
Daihatsu,Terios Kid,2006,92000,1450000,Petrol,Karachi,Original,Imported,Automatic,20,4380.952380952381
Toyota,Corrolla Altis,2013,104000,3100000,Petrol,Lahore,Original,Imported,Automatic,13,7428.571428571428
Suzuki,Every,2015,221133,1300000,Petrol,Lahore,Original,Imported,Automatic,11,18427.75
Suzuki,Cultus VXR,2009,54600,1039000,Petrol,Lahore,Original,Local,Manual,17,3033.3333333333335
Daihatsu,Cuore,2001,100000,445000,Petrol,Karachi,Original,Local,Manual,25,3846.153846153846
Toyota,Corolla GLI,2013,110000,2650000,Petrol,Karachi,Original,Local,Manual,13,7857.142857142857
Suzuki,Cultus VXR,2003,1234,515000,Petrol,Khanpur,Original,Imported,Manual,23,51.416666666666664
KIA,Spectra,2003,192000,610000,Petrol,Sialkot,Original,Imported,Manual,23,8000.0
Daihatsu,Terios Kid,2011,120000,1850000,Petrol,Karachi,Original,Imported,Automatic,15,7500.0
Honda,City IVTEC,2017,81000,3450000,Petrol,Karachi,Original,Local,Automatic,9,8100.0
Suzuki,Wagon R,2018,72500,2230000,Petrol,Lahore,Original,Local,Manual,8,8055.555555555556
Toyota,Passo,2005,200000,1750000,Petrol,Peshawar,Original,Imported,Automatic,21,9090.90909090909
Honda,City Vario,2004,160000,1550000,Petrol,Lahore,Original,Local,Automatic,22,6956.521739130435
Suzuki,Wagon R,2021,150000,2700000,Petrol,Punjab,Original,Local,Manual,5,25000.0
Daihatsu,Cuore,2003,190000,750000,Petrol,Islamabad,Original,Local,Manual,23,7916.666666666667
Mitsubishi,Pajero Mini,2008,108534,1150000,Petrol,Lahore,Original,Imported,Manual,18,5712.315789473684
Suzuki,Cultus VXR,2006,80000,750000,Petrol,Lahore,Original,Local,Manual,20,3809.5238095238096
Honda,City Aspire,2016,83000,3295000,Petrol,Karachi,Original,Local,Automatic,10,7545.454545454545
Suzuki,Cultus VXR,2007,144000,875000,Petrol,Lahore,Original,Local,Manual,19,7200.0
Hyundai,Santro,2006,100000,950000,Petrol,Rawalpindi,Original,Local,Manual,20,4761.9047619047615
Suzuki,Alto,2019,35000,2470000,Petrol,Karachi,Original,Local,Automatic,7,4375.0
FAW,V2,2018,70000,1500000,Petrol,Karachi,Original,Imported,Manual,8,7777.777777777777
Suzuki,Mehran VXR,2017,100000,1400000,Petrol,Lahore,Original,Local,Manual,9,10000.0
Daihatsu,Hijet,2017,135000,1590000,Petrol,Karachi,Original,Imported,Automatic,9,13500.0
Daihatsu,Mira,2018,12345,2750000,Petrol,Lahore,Original,Imported,Automatic,8,1371.6666666666667
Toyota,Passo,2018,43000,3400000,Petrol,Karachi,Original,Imported,Automatic,8,4777.777777777777
Daihatsu,Cuore,2010,60000,1120000,CNG,Multan,Original,Imported,Manual,16,3529.4117647058824
Changan,Karvaan,2022,10000,2650000,Petrol,Faisalabad,Original,Local,Manual,4,2000.0
Toyota,Altis Grande,2011,71800,2850000,Petrol,Karachi,Original,Local,Automatic,15,4487.5
Suzuki,Bolan,2011,90000,480000,Petrol,Khanewal,Original,Local,Manual,15,5625.0
Suzuki,Mehran VXR,2002,1000,340000,Petrol,Karachi,Original,Local,Manual,24,40.0
Honda,City IVTEC,2010,152000,2375000,Petrol,Lahore,Original,Local,Manual,16,8941.176470588236
Daihatsu,Hijet,2013,100000,1650000,Petrol,Karachi,Original,Imported,Automatic,13,7142.857142857143
Mitsubishi,Lancer,2005,150000,1500000,Petrol,Karachi,Original,Imported,Automatic,21,6818.181818181818
Suzuki,Alto,2021,41000,2650000,Petrol,Lahore,Original,Local,Automatic,5,6833.333333333333
Suzuki,Bolan,2014,60000,1050000,Petrol,Karachi,Original,Local,Manual,12,4615.384615384615
Suzuki,Bolan,2015,98000,1000000,Petrol,Lahore,Original,Local,Manual,11,8166.666666666667
Honda,City IDSI,2005,140000,1525000,Petrol,Lahore,Original,Imported,Manual,21,6363.636363636364
Daihatsu,Hijet,2017,100000,1400000,Petrol,Karachi,Original,Imported,Automatic,9,10000.0
Toyota,Corolla GLI,2012,222222,2650000,Petrol,Sindh,Original,Local,Manual,14,14814.8
Toyota,Passo,2020,5000,3600000,Petrol,Islamabad,Original,Imported,Automatic,6,714.2857142857143
Toyota,Corolla GLI,2015,130000,3100000,Petrol,Lahore,Original,Local,Automatic,11,10833.333333333334
Suzuki,Alto,2010,122000,1850000,Petrol,Lahore,Original,Imported,Automatic,16,7176.470588235294
Suzuki,Swift,2014,70000,1750000,Petrol,Karachi,Original,Local,Manual,12,5384.615384615385
Suzuki,Mehran VXR,2019,66000,1450000,Petrol,Karachi,Original,Local,Manual,7,8250.0
Honda,Civic Prosmetic,2004,167000,1450000,Petrol,Karachi,Original,Imported,Automatic,22,7260.869565217391
Suzuki,Cultus VXR,2014,74500,1350000,Petrol,Karachi,Original,Local,Manual,12,5730.7692307692305
Mitsubishi,Ek Wagon,2007,23587,1560000,Petrol,Lahore,Original,Imported,Automatic,19,1179.35
Toyota,Passo,2013,140000,2680000,Petrol,Islamabad,Original,Imported,Automatic,13,10000.0
Mitsubishi,Pajero Mini,2008,200000,1100000,Petrol,Hyderabad,Original,Imported,Manual,18,10526.315789473685
Suzuki,Every,2012,200000,1260000,Petrol,Lahore,Original,Imported,Automatic,14,13333.333333333334
Suzuki,Bolan,2013,25636,820000,Petrol,Karachi,Original,Imported,Manual,13,1831.142857142857
Toyota,Passo,2014,69000,2530000,Petrol,Karachi,Original,Imported,Automatic,12,5307.692307692308
Toyota,Corolla GLI,2015,85000,3685000,Petrol,Islamabad,Original,Local,Automatic,11,7083.333333333333
Daihatsu,Hijet,2019,100000,1480000,Petrol,Lahore,Original,Imported,Automatic,7,12500.0
Honda,City IVTEC,2010,212500,2250000,Petrol,Lahore,Original,Local,Manual,16,12500.0
Honda,City IVTEC,2022,48000,3800000,Petrol,Karachi,Original,Local,Manual,4,9600.0
Hyundai,Santro,2006,220000,1150000,Petrol,Lahore,Original,Local,Manual,20,10476.190476190477
Suzuki,Bolan,2014,15000,1000000,Petrol,Karachi,Original,Local,Manual,12,1153.8461538461538
Honda,City IVTEC,2020,59000,3815000,Petrol,Lahore,Original,Local,Manual,6,8428.57142857143
Honda,Civic Oriel,2003,100800,1500000,Petrol,Rawalpindi,Original,Imported,Manual,23,4200.0
Honda,City IVTEC,2016,90000,3050000,Petrol,Faisalabad,Original,Local,Automatic,10,8181.818181818182
Suzuki,Wagon R,2016,103000,1800000,Petrol,Islamabad,Original,Local,Manual,10,9363.636363636364
Suzuki,Swift,2020,70000,3200000,Petrol,Lahore,Original,Local,Automatic,6,10000.0
Daihatsu,Hijet,2016,93500,1425000,Petrol,Karachi,Original,Imported,Automatic,10,8500.0
Changan,Alsvin,2021,13500,4000000,Petrol,Karachi,Original,Local,Automatic,5,2250.0
Toyota,Corolla GLI,2016,150000,3550000,Petrol,Lahore,Original,Local,Manual,10,13636.363636363636
Suzuki,Every,2003,100000,900000,Petrol,Lahore,Original,Imported,Automatic,23,4166.666666666667
Suzuki,Cultus VXR,2014,1234,1465000,Petrol,Lahore,Original,Local,Manual,12,94.92307692307692
Daihatsu,Hijet,2017,99000,1400000,Petrol,Lahore,Original,Local,Automatic,9,9900.0
Daihatsu,Cuore,2010,100000,850000,Petrol,Sindh,Original,Imported,Manual,16,5882.35294117647
Toyota,Corrolla Altis,2016,101500,4245000,Petrol,Lahore,Original,Imported,Automatic,10,9227.272727272728
Daihatsu,Move,2013,107000,1875000,Petrol,Karachi,Original,Imported,Automatic,13,7642.857142857143
Suzuki,Swift,2010,137450,1525000,Petrol,Karachi,Original,Imported,Manual,16,8085.294117647059
Toyota,Corolla GLI,2007,125000,1500000,Petrol,Lahore,Original,Local,Manual,19,6250.0
KIA,Classic,2000,10000,320000,Petrol,Multan,Original,Local,Manual,26,370.3703703703704
Suzuki,Alto,2021,64000,2925000,Petrol,Islamabad,Original,Local,Automatic,5,10666.666666666666
Daihatsu,Hijet,2013,100000,1250000,Petrol,Lahore,Original,Imported,Automatic,13,7142.857142857143
Suzuki,Wagon R,2018,74000,2100000,Petrol,Lahore,Original,Local,Manual,8,8222.222222222223
Suzuki,Cultus VXR,2020,100450,2510000,Petrol,Punjab,Original,Local,Manual,6,14350.0
Honda,Civic Prosmetic,2012,137000,2360000,Petrol,Lahore,Original,Imported,Automatic,14,9133.333333333334
Suzuki,Swift,2016,130000,2075000,Petrol,Bahawalpur,Original,Local,Manual,10,11818.181818181818
Suzuki,Alto,2001,250000,675000,Petrol,Lahore,Original,Local,Manual,25,9615.384615384615
Suzuki,Bolan,2004,25000,480000,Petrol,Karachi,Original,Local,Manual,22,1086.9565217391305
Daihatsu,Mira,2007,180000,1600000,Petrol,Lahore,Original,Imported,Automatic,19,9000.0
Honda,City Aspire,2017,95000,4000000,Petrol,Islamabad,Original,Local,Automatic,9,9500.0
Changan,Alsvin,2021,61000,3800000,Petrol,Punjab,Original,Local,Automatic,5,10166.666666666666
Changan,Alsvin,2021,39000,3590000,Petrol,Karachi,Original,Local,Automatic,5,6500.0
Daihatsu,Hijet,2013,12345,1600000,Petrol,Karachi,Original,Imported,Automatic,13,881.7857142857143
Suzuki,Alto,2005,50000,640000,Petrol,Lahore,Original,Local,Automatic,21,2272.7272727272725
Suzuki,Every,2019,125000,2100000,Petrol,Lahore,Original,Imported,Automatic,7,15625.0
Daihatsu,Cuore,2005,155000,800000,Petrol,Karachi,Original,Local,Manual,21,7045.454545454545
Daihatsu,Cuore,2000,45000,560000,Petrol,Lahore,Original,Local,Manual,26,1666.6666666666667
Daihatsu,Cuore,2005,100000,650000,Petrol,Lahore,Original,Local,Manual,21,4545.454545454545
Daihatsu,Terios Kid,2002,100000,1450000,Petrol,Sindh,Original,Imported,Automatic,24,4000.0
Suzuki,Alto,2022,13000,2675000,Petrol,Islamabad,Original,Local,Manual,4,2600.0
Honda,City IDSI,2005,256800,1175000,Petrol,Lahore,Original,Local,Manual,21,11672.727272727272
Toyota,Corrolla Altis,2015,68000,4100000,Petrol,Karachi,Original,Imported,Automatic,11,5666.666666666667
Daihatsu,Move,2014,185000,1850000,Petrol,Karachi,Original,Imported,Automatic,12,14230.76923076923
Honda,Civic Prosmetic,2010,152184,2125000,Petrol,Islamabad,Original,Local,Automatic,16,8952.0
Daihatsu,Mira,2007,174000,1750000,Petrol,Punjab,Original,Imported,Automatic,19,8700.0
Suzuki,Alto,2020,44000,2490000,Petrol,Lahore,Original,Local,Automatic,6,6285.714285714285
Daihatsu,Mira,2016,170000,2250000,Petrol,Karachi,Original,Imported,Automatic,10,15454.545454545454
Suzuki,Mehran VXR,2007,10000,670000,CNG,Lahore,Original,Local,Manual,19,500.0
Suzuki,Alto,2012,176000,1165000,Petrol,Multan,Original,Local,Manual,14,11733.333333333334
Suzuki,Cultus VXR,2011,63000,1080000,Petrol,Karachi,Original,Local,Manual,15,3937.5
FAW,X-PV,2018,123456,780000,Petrol,Lahore,Original,Imported,Manual,8,13717.333333333334
Toyota,Corolla GLI,2014,132000,2970000,Petrol,Lahore,Original,Local,Manual,12,10153.846153846154
Suzuki,Mehran VXR,2012,76000,790000,Petrol,Sindh,Original,Local,Manual,14,5066.666666666667
Toyota,Altis Grande,2017,136500,4470000,Petrol,Karachi,Original,Local,Automatic,9,13650.0
Daihatsu,Cuore,2007,100000,650000,Petrol,Karachi,Original,Imported,Manual,19,5000.0
Toyota,Passo,2006,141470,1500000,Petrol,Karachi,Original,Imported,Automatic,20,6736.666666666667
Honda,City IDSI,2019,83000,3500000,Petrol,Lahore,Original,Local,Manual,7,10375.0
Toyota,Yaris,2020,44230,4000000,Petrol,Lahore,Original,Local,Automatic,6,6318.571428571428
Honda,City Aspire,2018,72000,3750000,Petrol,Islamabad,Original,Local,Manual,8,8000.0
Daihatsu,Mira,2012,125000,1800000,Petrol,Sindh,Original,Imported,Automatic,14,8333.333333333334
Toyota,Corolla GLI,2014,135000,3350000,Petrol,Lahore,Original,Local,Manual,12,10384.615384615385
Toyota,Corolla XLI,2010,102000,1690000,Petrol,Karachi,Original,Local,Manual,16,6000.0
Suzuki,Baleno,2004,12345,1500000,Petrol,Karachi,Original,Local,Manual,22,536.7391304347826
Hyundai,Santro,2006,135000,980000,Petrol,Lahore,Original,Local,Manual,20,6428.571428571428
Suzuki,Alto,2008,89000,830000,Petrol,Lahore,Original,Imported,Manual,18,4684.210526315789
Toyota,Yaris,2021,49000,4200000,Petrol,Lahore,Original,Local,Automatic,5,8166.666666666667
Daihatsu,Move,2018,98000,3150000,Petrol,Lahore,Original,Imported,Automatic,8,10888.888888888889
Honda,Civic Oriel,2017,90000,4685000,Petrol,Karachi,Original,Local,Automatic,9,9000.0
Suzuki,Bolan,2019,65000,1290000,Petrol,Lahore,Original,Local,Manual,7,8125.0
Changan,Alsvin,2021,10600,4000000,Petrol,Islamabad,Original,Local,Automatic,5,1766.6666666666667
Suzuki,Alto,2007,66000,700000,Petrol,Karachi,Original,Local,Manual,19,3300.0
Honda,City IVTEC,2018,70000,3400000,Petrol,Karachi,Original,Local,Manual,8,7777.777777777777
KIA,Picanto,2021,23000,3200000,Petrol,Punjab,Original,Local,Automatic,5,3833.3333333333335
Suzuki,Swift,2022,5650,4000000,Petrol,Islamabad,Original,Local,Manual,4,1130.0
Hyundai,Santro,2001,120000,650000,Petrol,Lahore,Original,Imported,Manual,25,4615.384615384615
Honda,City IVTEC,2017,59000,3350000,Petrol,Karachi,Original,Local,Automatic,9,5900.0
Toyota,Corrolla Altis,2006,200000,1740000,Petrol,Lahore,Original,Imported,Automatic,20,9523.809523809523
Suzuki,Mehran VXR,2008,12345,765000,Petrol,Islamabad,Original,Local,Manual,18,649.7368421052631
Daihatsu,Cuore,2006,100000,670000,Petrol,Wah,Original,Imported,Manual,20,4761.9047619047615
Honda,City IDSI,2000,11000,920000,Petrol,Sialkot,Original,Local,Automatic,26,407.4074074074074
Suzuki,Alto,2020,65000,2750000,Petrol,Islamabad,Original,Local,Automatic,6,9285.714285714286
Toyota,Yaris,2020,47000,4400000,Petrol,Islamabad,Original,Local,Automatic,6,6714.285714285715
Suzuki,Every,2013,80000,1700000,Petrol,Lahore,Original,Imported,Automatic,13,5714.285714285715
Honda,City Aspire,2016,113500,3400000,Petrol,Lahore,Original,Local,Manual,10,10318.181818181818
Suzuki,Bolan,2008,2565,550000,Petrol,Karachi,Original,Imported,Manual,18,135.0
Toyota,Corrolla Altis,2014,153636,3525000,Petrol,Islamabad,Original,Local,Automatic,12,11818.153846153846
Suzuki,Mehran VXR,2016,46262,1075000,Petrol,Karachi,Original,Local,Manual,10,4205.636363636364
Suzuki,Bolan,2003,111111,660000,Petrol,Islamabad,Original,Imported,Manual,23,4629.625
Suzuki,Bolan,2011,12345,1200000,Petrol,Lahore,Original,Local,Manual,15,771.5625
Suzuki,Swift,2013,113000,1695000,Petrol,Karachi,Original,Local,Manual,13,8071.428571428572
Toyota,Altis Grande,2015,236000,4200000,Petrol,Islamabad,Original,Local,Automatic,11,19666.666666666668
Toyota,Corrolla Altis,2019,37000,4300000,Petrol,Sindh,Original,Local,Automatic,7,4625.0
Toyota,Altis Grande,2017,124000,4750000,Petrol,Islamabad,Original,Local,Automatic,9,12400.0
Daihatsu,Mira,2016,97000,2300000,Petrol,Karachi,Original,Imported,Automatic,10,8818.181818181818
Toyota,Corolla GLI,2018,70000,4650000,Petrol,Islamabad,Original,Local,Automatic,8,7777.777777777777
Suzuki,Mehran VXR,2008,70000,539000,CNG,Karachi,Original,Local,Manual,18,3684.2105263157896
Honda,City Aspire,2016,107000,3125000,Petrol,Lahore,Original,Local,Manual,10,9727.272727272728
Suzuki,Cultus VXR,2017,97000,1550000,Petrol,Karachi,Original,Local,Manual,9,9700.0
Suzuki,Mehran VXR,2009,85000,775000,Petrol,Lahore,Original,Local,Manual,17,4722.222222222223
Toyota,Passo,2012,84000,2400000,Petrol,Karachi,Original,Imported,Automatic,14,5600.0
Toyota,Corrolla Altis,2019,80000,4975000,Petrol,Islamabad,Original,Local,Automatic,7,10000.0
Honda,Civic Oriel,2011,5558,1700000,Petrol,Lahore,Original,Imported,Automatic,15,347.375
Suzuki,Bolan,2015,88000,1080000,Petrol,Lahore,Original,Local,Manual,11,7333.333333333333
Daihatsu,Cuore,2003,100000,550000,Petrol,Faisalabad,Original,Imported,Manual,23,4166.666666666667
Toyota,Corolla XLI,2012,87000,2590000,Petrol,Islamabad,Original,Local,Manual,14,5800.0
Suzuki,Alto,2003,200000,620000,Petrol,Karachi,Original,Local,Manual,23,8333.333333333334
Hyundai,Santro,2004,10000,850000,Petrol,Sindh,Original,Local,Manual,22,434.7826086956522
Suzuki,Alto,2022,26000,2550000,Petrol,Islamabad,Original,Local,Manual,4,5200.0
FAW,X-PV,2016,123456,750000,Petrol,Lahore,Original,Imported,Manual,10,11223.272727272728
Changan,Alsvin,2021,49000,3900000,Petrol,Islamabad,Original,Local,Automatic,5,8166.666666666667
Changan,Karvaan,2022,9700,2900000,Petrol,Islamabad,Original,Local,Manual,4,1940.0
Daihatsu,Mira,2012,81000,2280000,Petrol,Islamabad,Original,Local,Automatic,14,5400.0
Mitsubishi,Lancer,2005,88000,1625000,Petrol,Islamabad,Original,Local,Manual,21,4000.0
Daihatsu,Cuore,2010,110861,895000,Petrol,Karachi,Original,Local,Manual,16,6521.235294117647
Daihatsu,Mira,2014,125000,2325000,Petrol,Karachi,Original,Imported,Automatic,12,9615.384615384615
Suzuki,Bolan,2009,60000,730000,Petrol,Lahore,Original,Local,Manual,17,3333.3333333333335
Daihatsu,Cuore,2010,60000,1150000,Petrol,Karachi,Original,Local,Automatic,16,3529.4117647058824
Suzuki,Bolan,2010,85000,1000000,Petrol,Lahore,Original,Imported,Manual,16,5000.0
Suzuki,Mehran VXR,2015,71000,1250000,Petrol,Lahore,Original,Local,Manual,11,5916.666666666667
Suzuki,Bolan,2013,134000,1300000,Petrol,Islamabad,Original,Local,Manual,13,9571.42857142857
Honda,City IDSI,2000,1234,950000,Petrol,Lahore,Original,Local,Manual,26,45.7037037037037
KIA,Picanto,2006,74000,1180000,Petrol,Karachi,Original,Imported,Manual,20,3523.809523809524
Honda,City IVTEC,2018,121000,3400000,Petrol,Lahore,Original,Local,Manual,8,13444.444444444445
Honda,City Aspire,2015,114000,3050000,Petrol,Karachi,Original,Local,Automatic,11,9500.0
Daihatsu,Mira,2020,29500,3575000,Petrol,Unregistered,Original,Imported,Automatic,6,4214.285714285715
KIA,Picanto,2021,22000,3095000,Petrol,Islamabad,Original,Imported,Automatic,5,3666.6666666666665
Hyundai,Santro,2004,245104,850000,Petrol,Lahore,Original,Local,Manual,22,10656.695652173914
Toyota,Corrolla Altis,2011,115000,3000000,Petrol,Lahore,Original,Local,Manual,15,7187.5
Daihatsu,Cuore,2004,95000,865000,Petrol,Karachi,Original,Local,Automatic,22,4130.434782608696
Suzuki,Wagon R,2018,79000,2230000,Petrol,Lahore,Original,Local,Manual,8,8777.777777777777
Suzuki,Alto,2021,49354,2725000,Petrol,Punjab,Original,Imported,Automatic,5,8225.666666666666
Suzuki,Swift,2013,130000,2475000,Petrol,Islamabad,Original,Local,Automatic,13,9285.714285714286
Daihatsu,Cuore,2008,137000,1000000,Petrol,Karachi,Original,Local,Automatic,18,7210.526315789473
Daihatsu,Mira,2012,99999,1745000,Petrol,Karachi,Original,Imported,Automatic,14,6666.6
Suzuki,Swift,2014,145000,2100000,Petrol,Lahore,Original,Imported,Manual,12,11153.846153846154
Honda,City IVTEC,2017,74500,3150000,Petrol,Karachi,Original,Local,Manual,9,7450.0
Suzuki,Wagon R,2017,89000,2000000,Petrol,Lahore,Original,Local,Manual,9,8900.0
Toyota,Yaris,2022,38000,4150000,Petrol,Lahore,Original,Local,Manual,4,7600.0
Mitsubishi,Lancer,2004,300000,1050000,Petrol,Unregistered,Original,Imported,Manual,22,13043.478260869566
Suzuki,Cultus VXR,2008,12345,875000,Petrol,Karachi,Original,Local,Manual,18,649.7368421052631
Suzuki,Alto,2022,19750,2490000,Petrol,Islamabad,Original,Local,Manual,4,3950.0
Suzuki,Mehran VXR,2006,80000,660000,Petrol,Lahore,Original,Local,Manual,20,3809.5238095238096
Daihatsu,Cuore,2007,200362,1100000,Petrol,Lahore,Original,Local,Manual,19,10018.1
Mitsubishi,Ek Wagon,2008,170000,1500000,Petrol,Lahore,Original,Imported,Automatic,18,8947.368421052632
Suzuki,Baleno,2004,123456,930000,Petrol,Karachi,Original,Local,Manual,22,5367.652173913043
Honda,Civic Oriel,2004,183353,1750000,Petrol,Lahore,Original,Local,Manual,22,7971.869565217391
Suzuki,Bolan,2007,78000,660000,Petrol,Karachi,Original,Local,Manual,19,3900.0
Daihatsu,Cuore,2010,150000,950000,CNG,Karachi,Original,Local,Manual,16,8823.529411764706
Honda,City IVTEC,2014,111520,2800000,Petrol,Sindh,Original,Local,Automatic,12,8578.461538461539
Toyota,Corolla GLI,2009,200000,1930000,Petrol,Sindh,Original,Local,Manual,17,11111.111111111111
Suzuki,Alto,2014,80000,2150000,Petrol,Lahore,Original,Imported,Automatic,12,6153.846153846154
Honda,City IVTEC,2018,69000,3500000,Petrol,Lahore,Original,Local,Manual,8,7666.666666666667
Toyota,Corolla XLI,2014,149000,2900000,Petrol,Punjab,Original,Local,Manual,12,11461.538461538461
Honda,Civic Prosmetic,2013,150000,3400000,Petrol,Lahore,Original,Local,Automatic,13,10714.285714285714
Toyota,Corolla GLI,2015,75103,3450000,Petrol,Gujranwala,Original,Local,Automatic,11,6258.583333333333
Toyota,Corrolla Altis,2013,185072,2350000,Petrol,Karachi,Original,Local,Manual,13,13219.42857142857
Suzuki,Ravi,2019,30000,1225000,Petrol,Karachi,Original,Local,Manual,7,3750.0
Suzuki,Alto,2012,142000,1350000,Petrol,Lahore,Original,Local,Manual,14,9466.666666666666
KIA,Picanto,2020,30000,2549000,Petrol,Islamabad,Original,Local,Manual,6,4285.714285714285
Suzuki,Alto,2021,47000,2500000,Petrol,Islamabad,Original,Local,Manual,5,7833.333333333333
Chevrolet,Exclusive,2005,105000,585000,Petrol,Karachi,Original,Imported,Manual,21,4772.727272727273
Mitsubishi,Lancer,2004,250000,1195000,Petrol,Lahore,Original,Local,Manual,22,10869.565217391304
Suzuki,Swift,2015,92000,1950000,Petrol,Karachi,Original,Local,Manual,11,7666.666666666667
Daihatsu,Hijet,2012,114000,1420000,Petrol,Karachi,Original,Imported,Automatic,14,7600.0
Suzuki,Wagon R,2017,50000,1950000,Petrol,Karachi,Original,Local,Manual,9,5000.0
Toyota,Corolla GLI,2020,140000,4500000,Petrol,Lahore,Original,Imported,Automatic,6,20000.0
Suzuki,Cultus VXR,2007,100000,815000,Petrol,Lahore,Original,Local,Manual,19,5000.0
Suzuki,Every,2019,155260,1750000,Petrol,Lahore,Original,Imported,Manual,7,19407.5
Suzuki,Mehran VXR,2010,80000,650000,Petrol,Lahore,Original,Local,Manual,16,4705.882352941177
Daihatsu,Move,2012,150000,1995000,Petrol,Lahore,Original,Imported,Automatic,14,10000.0
Daihatsu,Cuore,2004,3335,730000,Petrol,Karachi,Original,Imported,Automatic,22,145.0
Honda,City IVTEC,2021,28500,4350000,Petrol,Lahore,Original,Local,Automatic,5,4750.0
Changan,Karvaan,2021,56000,2365000,Petrol,Punjab,Original,Local,Manual,5,9333.333333333334
Suzuki,Mehran VXR,2009,500000,580000,Petrol,Karachi,Original,Imported,Manual,17,27777.777777777777
Honda,City IVTEC,2018,24000,3625000,Petrol,Karachi,Original,Local,Automatic,8,2666.6666666666665
Suzuki,Mehran VXR,2015,105000,1250000,Petrol,Lahore,Original,Local,Manual,11,8750.0
KIA,Picanto,2021,30000,2650000,Petrol,Islamabad,Original,Local,Manual,5,5000.0
Honda,City Vario,2005,113000,1550000,Petrol,Karachi,Original,Local,Automatic,21,5136.363636363636
Hyundai,Santro,2004,137100,780000,Petrol,Lahore,Original,Local,Manual,22,5960.869565217391
Suzuki,Wagon R,2021,37000,2900000,Petrol,Lahore,Original,Local,Manual,5,6166.666666666667
Toyota,Corolla GLI,2016,68000,3650000,Petrol,Lahore,Original,Imported,Manual,10,6181.818181818182
Hyundai,Santro,2003,200000,750000,Petrol,Lahore,Original,Local,Manual,23,8333.333333333334
Toyota,Corolla GLI,2014,65000,3300000,Petrol,Karachi,Original,Local,Manual,12,5000.0
Toyota,Corolla GLI,2015,157600,2950000,Petrol,Lahore,Original,Local,Manual,11,13133.333333333334
Daihatsu,Cuore,2008,90000,960000,Petrol,Islamabad,Original,Local,Manual,18,4736.8421052631575
Toyota,Corrolla Altis,2014,123456,3800000,Petrol,Islamabad,Original,Local,Automatic,12,9496.615384615385
KIA,Sportage,2003,2003,1175000,Petrol,Karachi,Duplicate,Local,Automatic,23,83.45833333333333
Toyota,Altis Grande,2014,94000,3850000,Petrol,Karachi,Original,Local,Automatic,12,7230.7692307692305
Toyota,Corolla GLI,2018,89000,4150000,Petrol,Lahore,Original,Local,Manual,8,9888.888888888889
Daihatsu,Mira,2020,58000,3400000,Petrol,Unregistered,Original,Imported,Automatic,6,8285.714285714286
Suzuki,Baleno,2005,200000,860000,Petrol,Lahore,Original,Local,Manual,21,9090.90909090909
Suzuki,Every,2007,105000,1300000,Petrol,Karachi,Original,Imported,Automatic,19,5250.0
Toyota,Yaris,2021,31000,4345000,Petrol,Karachi,Original,Local,Automatic,5,5166.666666666667
Suzuki,Alto,2011,91531,1145000,Petrol,Punjab,Original,Local,Manual,15,5720.6875
Honda,City IDSI,2001,12345,1000000,Petrol,Lahore,Original,Local,Manual,25,474.8076923076923
Daihatsu,Move,2017,146000,1820000,Petrol,Sindh,Original,Imported,Automatic,9,14600.0
Daihatsu,Mira,2014,110000,2300000,Petrol,Karachi,Original,Imported,Automatic,12,8461.538461538461
Toyota,Corolla GLI,2010,229000,2250000,Petrol,Islamabad,Original,Local,Manual,16,13470.588235294117
Toyota,Corolla GLI,2007,200000,2025000,CNG,Lahore,Original,Local,Manual,19,10000.0
Toyota,Corrolla Altis,2016,93000,4290000,Petrol,Lahore,Original,Local,Automatic,10,8454.545454545454
Toyota,Passo,2006,70000,1925000,Petrol,Islamabad,Original,Imported,Automatic,20,3333.3333333333335
Suzuki,Baleno,2004,117000,800000,Petrol,Karachi,Original,Local,Manual,22,5086.95652173913
Honda,City IVTEC,2018,46000,3550000,Petrol,Lahore,Original,Local,Manual,8,5111.111111111111
Suzuki,Cultus VXR,2018,177000,2325000,Petrol,Sindh,Original,Local,Manual,8,19666.666666666668
Toyota,Passo,2013,141000,2660000,Petrol,Karachi,Original,Imported,Automatic,13,10071.42857142857
Toyota,Corrolla Altis,2010,200000,2385000,Petrol,Islamabad,Original,Local,Manual,16,11764.70588235294
Toyota,Passo,2010,115000,2425000,Petrol,Lahore,Original,Imported,Automatic,16,6764.705882352941
Honda,City IVTEC,2012,160000,2250000,Petrol,Lahore,Original,Local,Manual,14,10666.666666666666
Suzuki,Alto,2008,163000,825000,Petrol,Okara,Original,Local,Manual,18,8578.947368421053
Hyundai,Santro,2005,50000,700000,Petrol,Karachi,Original,Imported,Manual,21,2272.7272727272725
Honda,City IVTEC,2018,62000,3675000,Petrol,Lahore,Original,Local,Automatic,8,6888.888888888889
Daihatsu,Move,2012,110000,2100000,Petrol,Lahore,Original,Imported,Automatic,14,7333.333333333333
Suzuki,Alto,2022,44000,2490000,Petrol,Islamabad,Original,Local,Manual,4,8800.0
Suzuki,Every,2021,8000,1780000,Petrol,Karachi,Original,Imported,Automatic,5,1333.3333333333333
Daihatsu,Cuore,2008,123456,650000,Petrol,Hyderabad,Original,Local,Manual,18,6497.684210526316
Honda,City Aspire,2019,43000,3725000,Petrol,Karachi,Original,Local,Automatic,7,5375.0
Suzuki,Swift,2019,72000,3000000,Petrol,Lahore,Original,Local,Automatic,7,9000.0
Toyota,Altis Grande,2018,99999,4990000,Petrol,Lahore,Original,Local,Automatic,8,11111.0
FAW,V2,2018,61000,1850000,Petrol,Islamabad,Original,Local,Manual,8,6777.777777777777
Suzuki,Swift,2012,158000,1780000,Petrol,Rawalpindi,Original,Local,Manual,14,10533.333333333334
Toyota,Corolla GLI,2017,106000,3900000,Petrol,Lahore,Original,Imported,Manual,9,10600.0
Suzuki,Alto,2006,5000,680000,Petrol,Karachi,Original,Local,Manual,20,238.0952380952381
Toyota,Corrolla Altis,2020,72680,4995000,Petrol,Islamabad,Original,Local,Automatic,6,10382.857142857143
Mitsubishi,Minicab Bravo,2012,1234,1100000,Petrol,Lahore,Original,Imported,Manual,14,82.26666666666667
Honda,City IVTEC,2017,115000,3000000,Petrol,Islamabad,Duplicate,Imported,Manual,9,11500.0
Suzuki,Mehran VXR,2014,95000,1060000,Petrol,Lahore,Original,Local,Manual,12,7307.692307692308
Toyota,Corolla GLI,2015,104000,3740000,Petrol,Lahore,Original,Local,Automatic,11,8666.666666666666
Mercedes,C Class,2008,150000,4300000,Petrol,Lahore,Original,Imported,Automatic,18,7894.736842105263
Toyota,Corolla GLI,2016,150000,3950000,Petrol,Lahore,Original,Local,Automatic,10,13636.363636363636
Honda,City IVTEC,2019,85000,3550000,Petrol,Islamabad,Original,Local,Manual,7,10625.0
Suzuki,Bolan,2011,85577,1020000,CNG,Islamabad,Original,Local,Manual,15,5348.5625
Suzuki,Every,2016,123456,1750000,Petrol,Lahore,Original,Imported,Automatic,10,11223.272727272728
Honda,City IDSI,2003,12358,1290000,Petrol,Sindh,Original,Local,Manual,23,514.9166666666666
Daihatsu,Cuore,2008,125000,985000,Petrol,Lahore,Original,Local,Manual,18,6578.9473684210525
Suzuki,Alto,2009,100000,780000,Petrol,Karachi,Original,Imported,Manual,17,5555.555555555556
Suzuki,Swift,2016,70000,2185000,Petrol,Lahore,Original,Local,Manual,10,6363.636363636364
Suzuki,Alto,2019,83800,2290000,Petrol,Karachi,Original,Local,Automatic,7,10475.0
Suzuki,Ravi,2013,80000,990000,Petrol,Islamabad,Original,Local,Manual,13,5714.285714285715
Suzuki,Alto,2021,12000,2650000,Petrol,Karachi,Original,Local,Automatic,5,2000.0
Suzuki,Wagon R,2018,51000,2390000,Petrol,Lahore,Original,Local,Manual,8,5666.666666666667
Honda,City IVTEC,2016,77000,3300000,Petrol,Lahore,Original,Local,Manual,10,7000.0
Honda,Civic Prosmetic,2005,199999,1920000,Petrol,Islamabad,Original,Local,Automatic,21,9090.863636363636
Suzuki,Alto,2021,43000,2185000,Petrol,Karachi,Original,Local,Manual,5,7166.666666666667
Honda,City IVTEC,2014,85000,2550000,Petrol,Faisalabad,Original,Local,Manual,12,6538.461538461538
Suzuki,Alto,2009,87000,820000,Petrol,Sindh,Original,Local,Manual,17,4833.333333333333
Changan,Alsvin,2022,27000,3900000,Petrol,Karachi,Original,Imported,Automatic,4,5400.0
Honda,City IVTEC,2017,70000,2950000,Petrol,Karachi,Original,Local,Manual,9,7000.0
Suzuki,Alto,2007,108000,660000,Petrol,Karachi,Original,Local,Manual,19,5400.0
Suzuki,Cultus VXR,2007,14000,925000,Petrol,Lahore,Original,Local,Manual,19,700.0
Toyota,Altis Grande,2019,60000,4555000,Petrol,Sindh,Original,Local,Automatic,7,7500.0
Mitsubishi,Lancer,2005,99991,1245000,Petrol,Karachi,Original,Imported,Automatic,21,4545.045454545455
Mitsubishi,Lancer,2005,200000,1150000,Petrol,Gujranwala,Original,Imported,Manual,21,9090.90909090909
Suzuki,Alto,2022,4560,2790000,Petrol,Karachi,Original,Local,Automatic,4,912.0
Daihatsu,Cuore,2007,130000,880000,Petrol,Jhelum,Original,Local,Manual,19,6500.0
Suzuki,Swift,2012,70000,1975000,Petrol,Lahore,Original,Local,Manual,14,4666.666666666667
Honda,City IVTEC,2012,76000,2500000,Petrol,Karachi,Original,Local,Automatic,14,5066.666666666667
Toyota,Altis Grande,2015,95000,3800000,Petrol,Rahimyar Khan,Original,Local,Automatic,11,7916.666666666667
Suzuki,Wagon R,2019,126000,2100000,Petrol,Lahore,Original,Local,Manual,7,15750.0
Toyota,Corolla GLI,2011,146120,2250000,CNG,Islamabad,Original,Local,Manual,15,9132.5
Suzuki,Bolan,2017,60000,1070000,Petrol,Islamabad,Original,Local,Manual,9,6000.0
Daihatsu,Move,2007,179000,1395000,Petrol,Karachi,Original,Imported,Automatic,19,8950.0
Daihatsu,Cuore,2006,100000,750000,Petrol,Sindh,Original,Imported,Manual,20,4761.9047619047615
Honda,City IVTEC,2021,53500,4350000,Petrol,Punjab,Original,Local,Automatic,5,8916.666666666666
Toyota,Corolla GLI,2015,78000,3150000,Petrol,Karachi,Original,Local,Automatic,11,6500.0
Mitsubishi,Lancer,2006,251000,1400000,Petrol,Islamabad,Original,Imported,Manual,20,11952.380952380952
Toyota,Corrolla Altis,2015,124000,3600000,Petrol,Karachi,Original,Local,Automatic,11,10333.333333333334
Toyota,Passo,2018,52000,3390000,Petrol,Karachi,Original,Imported,Automatic,8,5777.777777777777
Suzuki,Alto,2016,90000,2375000,Petrol,Karachi,Original,Imported,Automatic,10,8181.818181818182
Suzuki,Mehran VXR,2004,123456,525000,Petrol,Lahore,Original,Local,Manual,22,5367.652173913043
Daihatsu,Hijet,2014,90000,1180000,Petrol,Lahore,Original,Imported,Automatic,12,6923.076923076923
Honda,City IVTEC,2012,100000,2500000,Petrol,Sindh,Original,Local,Automatic,14,6666.666666666667
Suzuki,Wagon R,2006,100000,1525000,Petrol,Lahore,Original,Imported,Automatic,20,4761.9047619047615
Toyota,Passo,2016,82100,3225000,Petrol,Gujrat,Original,Imported,Automatic,10,7463.636363636364
Daihatsu,Cuore,2009,85000,775000,Petrol,Karachi,Original,Local,Manual,17,4722.222222222223
Suzuki,Alto,2022,21200,2510000,Petrol,Karachi,Original,Local,Manual,4,4240.0
Suzuki,Cultus VXR,2003,61000,585000,Petrol,Karachi,Original,Local,Manual,23,2541.6666666666665
Suzuki,Swift,2013,104000,1750000,Petrol,Lahore,Original,Local,Manual,13,7428.571428571428
Honda,City IVTEC,2018,33150,3650000,Petrol,Hyderabad,Original,Local,Manual,8,3683.3333333333335
Changan,Alsvin,2022,19645,4325000,Petrol,Punjab,Original,Local,Automatic,4,3929.0
Honda,City IVTEC,2007,215000,1620000,Petrol,Karachi,Original,Local,Manual,19,10750.0
Toyota,Corolla XLI,2013,118741,2380000,Petrol,Lahore,Original,Imported,Manual,13,8481.5
Suzuki,Swift,2010,145000,2000000,Petrol,Lahore,Original,Local,Automatic,16,8529.411764705883
Daihatsu,Hijet,2018,83000,1600000,Petrol,Multan,Original,Imported,Automatic,8,9222.222222222223
Toyota,Corolla XLI,2011,256485,2165000,Petrol,Lahore,Original,Local,Manual,15,16030.3125
Daihatsu,Cuore,2011,136000,985000,Petrol,Karachi,Original,Local,Manual,15,8500.0
Daihatsu,Hijet,2012,186755,1400000,Petrol,Karachi,Original,Imported,Automatic,14,12450.333333333334
Daihatsu,Mira,2010,127000,1780000,Petrol,Sialkot,Original,Imported,Automatic,16,7470.588235294118
Toyota,Corolla XLI,2007,300250,1590000,Petrol,Lahore,Original,Local,Manual,19,15012.5
Honda,City IVTEC,2014,106000,2850000,Petrol,Lahore,Original,Local,Manual,12,8153.846153846154
Toyota,Yaris,2022,58000,4650000,Petrol,Karachi,Original,Local,Automatic,4,11600.0
Suzuki,Swift,2011,130000,1830000,Petrol,Lahore,Original,Local,Manual,15,8125.0
Suzuki,Bolan,2005,12345,655000,Petrol,Rawalpindi,Original,Local,Manual,21,561.1363636363636
Suzuki,Wagon R,2022,34300,2825000,Petrol,Punjab,Original,Local,Manual,4,6860.0
Honda,City IDSI,2012,100000,2275000,Petrol,Sindh,Original,Local,Manual,14,6666.666666666667
Hyundai,Santro,2004,180000,985000,Petrol,Rawalpindi,Original,Imported,Automatic,22,7826.086956521739
Daihatsu,Cuore,2007,130000,475000,Petrol,Karachi,Original,Local,Manual,19,6500.0
Hyundai,Santro,2004,150000,1050000,Petrol,Faisalabad,Original,Local,Manual,22,6521.739130434783
Mercedes,C Class,2001,99990,2400000,Petrol,Karachi,Original,Local,Automatic,25,3845.769230769231
Suzuki,Mehran VXR,2001,12345,580000,Petrol,Islamabad,Original,Local,Manual,25,474.8076923076923
Daihatsu,Terios Kid,2008,95784,1350000,Petrol,Lahore,Original,Local,Manual,18,5041.263157894737
KIA,Picanto,2019,34500,2650000,Petrol,Karachi,Original,Local,Automatic,7,4312.5
Suzuki,Mehran VXR,2016,64500,970000,Petrol,Karachi,Original,Local,Manual,10,5863.636363636364
Toyota,Corolla GLI,2017,123000,3820000,Petrol,Lahore,Original,Local,Automatic,9,12300.0
Honda,City IVTEC,2016,84000,3075000,Petrol,Lahore,Original,Local,Manual,10,7636.363636363636
Suzuki,Mehran VXR,2008,85500,720000,Petrol,Jhelum,Original,Local,Manual,18,4500.0
Suzuki,Swift,2018,66000,2100000,Petrol,Karachi,Original,Imported,Manual,8,7333.333333333333
Suzuki,Ravi,2020,57612,1300000,Petrol,Rawalpindi,Original,Imported,Manual,6,8230.285714285714
Suzuki,Alto,2011,150000,960000,Petrol,Lahore,Original,Imported,Manual,15,9375.0
Suzuki,Swift,2023,1200,4975000,Petrol,Karachi,Original,Local,Automatic,3,300.0
Honda,City IVTEC,2006,100000,1495000,Petrol,Karachi,Original,Local,Manual,20,4761.9047619047615
Hyundai,Santro,2002,200000,690000,Petrol,Multan,Original,Local,Manual,24,8000.0
Daihatsu,Cuore,2000,200000,810000,Petrol,Multan,Original,Imported,Manual,26,7407.407407407408
Suzuki,Alto,2021,26000,2700000,Petrol,Punjab,Original,Local,Automatic,5,4333.333333333333
Suzuki,Swift,2014,120000,2000000,Petrol,Lahore,Original,Local,Manual,12,9230.76923076923
Daihatsu,Cuore,2007,140000,1000000,Petrol,Rawalpindi,Original,Imported,Manual,19,7000.0
Daihatsu,Cuore,2012,10000,900000,Petrol,Karachi,Original,Local,Manual,14,666.6666666666666
Suzuki,Bolan,2010,90000,655000,Petrol,Karachi,Original,Local,Manual,16,5294.117647058823
Honda,City IVTEC,2009,200000,2400000,Petrol,Islamabad,Original,Imported,Manual,17,11111.111111111111
Suzuki,Baleno,2001,150000,1050000,Petrol,Karachi,Original,Imported,Manual,25,5769.2307692307695
KIA,Sportage,2002,12345,800000,Petrol,Lahore,Original,Imported,Manual,24,493.8
Daihatsu,Cuore,2008,25000,1050000,Petrol,Lahore,Original,Local,Manual,18,1315.7894736842106
Suzuki,Bolan,2016,61000,1100000,Petrol,Lahore,Original,Local,Manual,10,5545.454545454545
Honda,City IDSI,2003,180000,1350000,Petrol,Rawalpindi,Original,Local,Manual,23,7500.0
Honda,City Vario,2004,90000,1480000,Petrol,Karachi,Original,Local,Automatic,22,3913.0434782608695
Suzuki,Cultus VXR,2017,11111,1620000,Petrol,Lahore,Original,Local,Manual,9,1111.1
Honda,City Vario,2005,170000,1425000,Petrol,Sindh,Original,Local,Automatic,21,7727.272727272727
Honda,City IVTEC,2018,90000,3390000,Petrol,Islamabad,Original,Local,Manual,8,10000.0
Suzuki,Mehran VXR,2007,120000,640000,Petrol,Lahore,Original,Local,Manual,19,6000.0
Honda,City IVTEC,2019,40000,3625000,Petrol,Karachi,Original,Local,Automatic,7,5000.0
Hyundai,Santro,2001,99000,673000,Petrol,Lahore,Original,Imported,Manual,25,3807.6923076923076
Toyota,Corolla XLI,2011,98000,2225000,Petrol,Karachi,Original,Local,Manual,15,6125.0
Honda,Civic Prosmetic,2014,220000,3400000,Petrol,Islamabad,Original,Local,Automatic,12,16923.076923076922
Daihatsu,Move,2012,155000,2200000,Petrol,Lahore,Original,Imported,Automatic,14,10333.333333333334
Honda,City IVTEC,2015,118000,2860000,Petrol,Karachi,Original,Local,Manual,11,9833.333333333334
Suzuki,Bolan,2017,48000,1325000,Petrol,Islamabad,Original,Local,Manual,9,4800.0
Suzuki,Wagon R,2018,53000,2325000,Petrol,Islamabad,Original,Local,Manual,8,5888.888888888889
Suzuki,Alto,2007,120000,950000,Petrol,Rawalpindi,Original,Local,Manual,19,6000.0
Suzuki,Cultus VXR,2006,10000,650000,Petrol,Lahore,Original,Local,Manual,20,476.1904761904762
Suzuki,Mehran VXR,2012,44700,955000,Petrol,Islamabad,Original,Local,Manual,14,2980.0
Toyota,Corrolla Altis,2015,86000,4070000,Petrol,Lahore,Original,Local,Automatic,11,7166.666666666667
Toyota,Yaris,2021,48000,4800000,Petrol,Karachi,Original,Local,Automatic,5,8000.0
Suzuki,Wagon R,2017,95000,1850000,Petrol,Lahore,Original,Local,Manual,9,9500.0
KIA,Sportage,2004,150000,1210000,Petrol,Karachi,Original,Imported,Manual,22,6521.739130434783
FAW,V2,2016,100000,1450000,Petrol,Lahore,Original,Local,Manual,10,9090.90909090909
Suzuki,Every,2017,98000,1685000,Petrol,Islamabad,Original,Imported,Automatic,9,9800.0
Honda,City IDSI,2006,125000,2200000,Petrol,Sindh,Original,Imported,Automatic,20,5952.380952380952
FAW,X-PV,2016,27937,950000,Petrol,Unregistered,Original,Imported,Manual,10,2539.7272727272725
Honda,City IVTEC,2018,40216,3500000,Petrol,Punjab,Original,Local,Manual,8,4468.444444444444
Suzuki,Alto,2004,100000,575000,Petrol,Karachi,Original,Local,Manual,22,4347.826086956522
Suzuki,Alto,2022,13500,2470000,Petrol,Karachi,Original,Local,Manual,4,2700.0
Toyota,Corrolla Altis,2017,84000,3900000,Petrol,Karachi,Original,Local,Automatic,9,8400.0
Honda,City IVTEC,2018,60000,3600000,Petrol,Lahore,Original,Local,Manual,8,6666.666666666667
Toyota,Yaris,2021,32500,4900000,Petrol,Punjab,Original,Local,Automatic,5,5416.666666666667
Daihatsu,Cuore,2003,200000,565000,Petrol,Faisalabad,Original,Local,Manual,23,8333.333333333334
Chevrolet,Joy,2006,1234,625000,Petrol,Lahore,Original,Imported,Manual,20,58.76190476190476
Daihatsu,Cuore,2002,35000,570000,Petrol,Karachi,Original,Imported,Manual,24,1400.0
KIA,Spectra,2002,12345,620000,Petrol,Lahore,Original,Imported,Manual,24,493.8
Suzuki,Bolan,2021,61000,1800000,Petrol,Islamabad,Original,Local,Manual,5,10166.666666666666
Suzuki,Ravi,2013,44824,800000,Petrol,Karachi,Original,Local,Manual,13,3201.714285714286
Suzuki,Every,2005,95000,975000,Petrol,Karachi,Original,Imported,Manual,21,4318.181818181818
Suzuki,Alto,2002,12345,1100000,Petrol,Islamabad,Original,Local,Automatic,24,493.8
Honda,Civic Prosmetic,2015,42880,3750000,Petrol,Karachi,Original,Local,Automatic,11,3573.3333333333335
Honda,Civic Prosmetic,2010,197000,2350000,Petrol,Lahore,Original,Local,Automatic,16,11588.235294117647
Toyota,Corolla GLI,2015,79000,3375000,Petrol,Karachi,Original,Local,Manual,11,6583.333333333333
Suzuki,Bolan,2023,4000,2035000,Petrol,Islamabad,Original,Local,Manual,3,1000.0
Toyota,Passo,2017,79000,3200000,Petrol,Karachi,Original,Imported,Automatic,9,7900.0
Toyota,Corolla GLI,2014,100000,3200000,Petrol,Islamabad,Original,Local,Manual,12,7692.307692307692
Honda,City IDSI,2006,250000,1500000,Petrol,Lahore,Original,Local,Manual,20,11904.761904761905
Suzuki,Cultus VXR,2001,75848,575000,Petrol,Karachi,Original,Local,Manual,25,2917.230769230769
FAW,V2,2017,95000,1850000,Petrol,Lahore,Original,Imported,Manual,9,9500.0
Suzuki,Baleno,2004,123456,850000,Petrol,Bhakkar,Original,Local,Manual,22,5367.652173913043
Honda,City IVTEC,2002,75000,1000000,Petrol,Lahore,Original,Imported,Automatic,24,3000.0
Toyota,Corolla GLI,2015,260000,3650000,Petrol,Islamabad,Original,Local,Manual,11,21666.666666666668
Suzuki,Every,2014,113600,1895000,Petrol,Lahore,Original,Imported,Automatic,12,8738.461538461539
Suzuki,Every,2008,123486,1500000,Petrol,Lahore,Original,Imported,Manual,18,6499.263157894737
Toyota,Corolla GLI,2019,85000,4035000,Petrol,Karachi,Original,Imported,Manual,7,10625.0
Honda,City IVTEC,2007,170000,1550000,Petrol,Karachi,Original,Local,Manual,19,8500.0
Suzuki,Alto,2020,63500,2150000,Petrol,Lahore,Original,Local,Manual,6,9071.42857142857
Suzuki,Alto,2008,65000,1400000,Petrol,Karachi,Original,Local,Automatic,18,3421.0526315789475
Daihatsu,Hijet,2016,4568,1420000,Petrol,Karachi,Original,Imported,Automatic,10,415.27272727272725
Toyota,Corolla GLI,2018,55000,4300000,Petrol,Karachi,Original,Imported,Manual,8,6111.111111111111
Toyota,Yaris,2021,50000,4250000,Petrol,Lahore,Original,Local,Automatic,5,8333.333333333334
Honda,City IDSI,2005,200000,1750000,Petrol,Lahore,Original,Local,Manual,21,9090.90909090909
Suzuki,Alto,2020,46500,2125000,Petrol,Karachi,Original,Local,Manual,6,6642.857142857143
Suzuki,Alto,2019,72000,2045000,Petrol,Punjab,Original,Local,Manual,7,9000.0
Daihatsu,Cuore,2002,140000,600000,Petrol,Karachi,Original,Local,Manual,24,5600.0
Daihatsu,Mira,2016,85267,2430000,Petrol,Islamabad,Original,Imported,Automatic,10,7751.545454545455
Suzuki,Ravi,2007,56897,580000,Petrol,Lahore,Original,Local,Manual,19,2844.85
Toyota,Corolla XLI,2012,89000,2750000,Petrol,Islamabad,Original,Local,Manual,14,5933.333333333333
Honda,City Vario,2006,115000,1525000,Petrol,Karachi,Original,Local,Automatic,20,5476.190476190476
Suzuki,Bolan,2013,32500,1300000,Petrol,Multan,Original,Local,Manual,13,2321.4285714285716
Suzuki,Wagon R,2014,72148,2250000,Petrol,Islamabad,Original,Imported,Automatic,12,5549.846153846154
Toyota,Corrolla Altis,2006,100000,2050000,Petrol,Sindh,Original,Local,Manual,20,4761.9047619047615
Suzuki,Alto,2019,51000,2150000,Petrol,Islamabad,Original,Local,Manual,7,6375.0
Daihatsu,Mira,2011,118300,2200000,Petrol,Karachi,Original,Imported,Automatic,15,7393.75
Daihatsu,Cuore,2011,100000,900000,Petrol,Karachi,Original,Local,Manual,15,6250.0
Honda,City IVTEC,2020,52000,4000000,Petrol,Islamabad,Original,Imported,Manual,6,7428.571428571428
Hyundai,Santro,2007,150000,1480000,Petrol,Islamabad,Original,Imported,Manual,19,7500.0
Honda,Civic Oriel,2017,105000,4800000,Petrol,Lahore,Original,Local,Automatic,9,10500.0
Honda,City Aspire,2016,164000,3950000,Petrol,Lahore,Original,Local,Automatic,10,14909.09090909091
Honda,Civic Oriel,2013,86000,3275000,Petrol,Karachi,Original,Local,Automatic,13,6142.857142857143
Honda,City IDSI,2008,191000,1840000,Petrol,Lahore,Original,Local,Manual,18,10052.631578947368
Hyundai,Santro,2003,12509,735000,Petrol,Lahore,Original,Imported,Manual,23,521.2083333333334
Suzuki,Wagon R,2021,22000,2765000,Petrol,Punjab,Original,Local,Manual,5,3666.6666666666665
Suzuki,Mehran VXR,2005,85796,560000,Petrol,Gujranwala,Original,Local,Manual,21,3899.818181818182
Toyota,Corolla GLI,2009,165000,2050000,Petrol,Lahore,Original,Local,Manual,17,9166.666666666666
Honda,City Vario,2013,100000,2900000,Petrol,Islamabad,Original,Imported,Manual,13,7142.857142857143
Honda,Civic Oriel,2003,32456,1400000,Petrol,Islamabad,Original,Local,Automatic,23,1352.3333333333333
Suzuki,Cultus VXR,2012,65500,1165000,Petrol,Karachi,Original,Local,Manual,14,4366.666666666667
FAW,X-PV,2017,170000,840000,Petrol,Lahore,Original,Local,Manual,9,17000.0
Honda,City IVTEC,2014,126000,2645000,Petrol,Lahore,Original,Local,Manual,12,9692.307692307691
Suzuki,Alto,2020,30800,3350000,Petrol,Unregistered,Original,Imported,Automatic,6,4400.0
Daihatsu,Cuore,2002,120000,550000,Petrol,Lahore,Original,Local,Manual,24,4800.0
Daihatsu,Hijet,2006,162000,1180000,Petrol,Lahore,Original,Imported,Manual,20,7714.285714285715
Suzuki,Mehran VX,2006,11223,470000,Petrol,Multan,Original,Local,Manual,20,534.4285714285714
Suzuki,Bolan,2015,122000,850000,Petrol,Karachi,Original,Local,Manual,11,10166.666666666666
Suzuki,Bolan,2014,98000,700000,Petrol,Lahore,Original,Local,Manual,12,7538.461538461538
Daihatsu,Mira,2011,100000,2050000,Petrol,Karachi,Original,Imported,Automatic,15,6250.0
Honda,Civic Prosmetic,2002,200000,1190000,Petrol,Karachi,Original,Imported,Automatic,24,8000.0
Toyota,Corolla GLI,2016,48000,3900000,Petrol,Lahore,Original,Local,Automatic,10,4363.636363636364
Changan,Karvaan,2021,44000,2100000,Petrol,Sheikhüpura,Original,Imported,Manual,5,7333.333333333333
Toyota,Corrolla Altis,2018,59000,4775000,Petrol,Lahore,Original,Local,Automatic,8,6555.555555555556
Hyundai,Santro,2007,129000,920000,Petrol,Lahore,Original,Local,Manual,19,6450.0
Suzuki,Wagon R,2018,58000,2370000,Petrol,Lahore,Original,Local,Manual,8,6444.444444444444
Honda,City IVTEC,2017,110000,3400000,Petrol,Lahore,Original,Local,Automatic,9,11000.0
Honda,City IDSI,2000,59000,815000,Petrol,Karachi,Original,Local,Automatic,26,2185.185185185185
Toyota,Corolla GLI,2015,110000,2990000,Petrol,Karachi,Original,Local,Manual,11,9166.666666666666
Suzuki,Wagon R,2022,7500,3100000,Petrol,Islamabad,Original,Local,Manual,4,1500.0
Toyota,Yaris,2021,43000,3725000,Petrol,Lahore,Original,Local,Manual,5,7166.666666666667
Honda,Civic Prosmetic,2002,170000,1400000,Petrol,Lahore,Original,Imported,Automatic,24,6800.0
Suzuki,Alto,2005,12345,780000,Petrol,Karachi,Original,Local,Manual,21,561.1363636363636
Honda,City IVTEC,2014,114000,2900000,Petrol,Karachi,Original,Local,Automatic,12,8769.23076923077
Suzuki,Mehran VXR,2013,35000,910000,Petrol,Lahore,Original,Local,Manual,13,2500.0
Daihatsu,Cuore,2007,155000,695000,Petrol,Karachi,Original,Imported,Manual,19,7750.0
Toyota,Corolla GLI,2013,90000,2350000,Petrol,Karachi,Original,Imported,Manual,13,6428.571428571428
Suzuki,Bolan,2018,60000,1400000,Petrol,Lahore,Original,Local,Manual,8,6666.666666666667
Suzuki,Bolan,2006,70000,630000,Petrol,Karachi,Original,Imported,Manual,20,3333.3333333333335
Daihatsu,Cuore,2005,125487,630000,Petrol,Karachi,Original,Local,Automatic,21,5703.954545454545
Daihatsu,Move,2014,95000,1850000,Petrol,Karachi,Original,Imported,Automatic,12,7307.692307692308
Toyota,Corolla GLI,2017,71000,3475000,Petrol,Sindh,Original,Local,Manual,9,7100.0
Toyota,Altis Grande,2015,114000,4450000,Petrol,Islamabad,Original,Imported,Automatic,11,9500.0
KIA,Classic,2001,180000,420000,Petrol,Sindh,Original,Local,Manual,25,6923.076923076923
FAW,X-PV,2016,147000,680000,Petrol,Lahore,Original,Local,Manual,10,13363.636363636364
Honda,City Aspire,2019,85000,4700000,Petrol,Lahore,Original,Local,Automatic,7,10625.0
Honda,City Aspire,2021,40000,4600000,Petrol,Punjab,Original,Local,Automatic,5,6666.666666666667
Honda,City IVTEC,2019,39000,4200000,Petrol,Lahore,Original,Imported,Automatic,7,4875.0
Suzuki,Alto,2022,13905,2125000,Petrol,Karachi,Original,Local,Manual,4,2781.0
Chevrolet,Joy,2009,85000,970000,Petrol,Lahore,Original,Imported,Manual,17,4722.222222222223
Honda,City Vario,2006,200000,1800000,Petrol,Lahore,Original,Local,Automatic,20,9523.809523809523
Suzuki,Cultus VXR,2000,93000,599000,Petrol,Sindh,Original,Local,Manual,26,3444.4444444444443
Honda,City Aspire,2018,71000,3750000,Petrol,Lahore,Original,Local,Automatic,8,7888.888888888889
Honda,Civic VTi Oriel,2006,123456,1850000,Petrol,Lahore,Original,Local,Manual,20,5878.857142857143
Toyota,Corrolla Altis,2017,124000,4500000,Petrol,Lahore,Original,Local,Automatic,9,12400.0
Suzuki,Baleno,2007,180000,1100000,Petrol,Lahore,Original,Imported,Manual,19,9000.0
Honda,City IDSI,2003,10000,1320000,Petrol,Lahore,Original,Local,Manual,23,416.6666666666667
Honda,City IVTEC,2018,110000,3600000,Petrol,Islamabad,Original,Local,Automatic,8,12222.222222222223
Toyota,Corrolla Altis,2006,200600,1775000,Petrol,Lahore,Original,Local,Automatic,20,9552.380952380952
Toyota,Passo,2013,128000,2085000,Petrol,Karachi,Original,Imported,Automatic,13,9142.857142857143
Daihatsu,Terios Kid,2011,134000,2275000,Petrol,Lahore,Original,Imported,Manual,15,8375.0
Suzuki,Mehran VXR,2018,34000,1480000,Petrol,Lahore,Original,Local,Manual,8,3777.777777777778
Daihatsu,Cuore,2005,170000,1000000,Petrol,Lahore,Original,Imported,Manual,21,7727.272727272727
Suzuki,Swift,2018,133000,2300000,Petrol,Karachi,Original,Local,Automatic,8,14777.777777777777
Daihatsu,Mira,2008,189000,1450000,Petrol,Karachi,Original,Imported,Automatic,18,9947.368421052632
Suzuki,Wagon R,2021,39500,2825000,Petrol,Punjab,Original,Local,Manual,5,6583.333333333333
Toyota,Passo,2013,96000,2725000,Petrol,Islamabad,Original,Imported,Automatic,13,6857.142857142857
Honda,City Aspire,2001,187000,1360000,Petrol,Islamabad,Original,Local,Manual,25,7192.307692307692
Honda,City IDSI,2007,136123,1690000,Petrol,Lahore,Original,Local,Manual,19,6806.15
Changan,Karvaan,2021,87000,2455000,Petrol,Punjab,Original,Local,Manual,5,14500.0
Chevrolet,Joy,2008,185000,750000,Petrol,Lahore,Original,Imported,Manual,18,9736.842105263158
Daihatsu,Cuore,2011,100000,975000,Petrol,Karachi,Original,Local,Automatic,15,6250.0
Daihatsu,Mira,2019,81000,3600000,Petrol,Karachi,Original,Imported,Automatic,7,10125.0
Daihatsu,Hijet,2017,5400,1600000,Petrol,Karachi,Original,Imported,Automatic,9,540.0
Honda,City IVTEC,2010,145000,2400000,Petrol,Lahore,Original,Local,Manual,16,8529.411764705883
Toyota,Altis Grande,2017,90000,4450000,Petrol,Karachi,Original,Local,Automatic,9,9000.0
Honda,City IDSI,2005,91000,2150000,Petrol,Lahore,Original,Local,Manual,21,4136.363636363636
KIA,Picanto,2021,13000,3050000,Petrol,Karachi,Original,Local,Automatic,5,2166.6666666666665
Toyota,Corolla XLI,2015,60000,2950000,Petrol,Lahore,Original,Local,Manual,11,5000.0
Suzuki,Alto,2001,100000,600000,Petrol,Lahore,Original,Local,Manual,25,3846.153846153846
Daihatsu,Mira,2018,72000,3450000,Petrol,Karachi,Original,Imported,Automatic,8,8000.0
Toyota,Corolla GLI,2018,83078,4250000,Petrol,Islamabad,Original,Local,Manual,8,9230.888888888889
Toyota,Corolla XLI,2009,124500,1450000,Petrol,Karachi,Original,Imported,Manual,17,6916.666666666667
Suzuki,Swift,2011,200000,1850000,Petrol,Islamabad,Original,Imported,Manual,15,12500.0
Honda,City Aspire,2002,116922,850000,Petrol,Islamabad,Original,Local,Manual,24,4676.88
Toyota,Corolla XLI,2013,276659,2350000,Petrol,Sindh,Original,Imported,Manual,13,19761.35714285714
Honda,City IVTEC,2009,103000,2200000,Petrol,Karachi,Original,Local,Automatic,17,5722.222222222223
Hyundai,Santro,2007,5000,1075000,Petrol,Lahore,Original,Imported,Manual,19,250.0
Daihatsu,Mira,2014,95000,2030000,Petrol,Karachi,Original,Imported,Automatic,12,7307.692307692308
Honda,Civic Oriel,2010,130000,1925000,Petrol,Karachi,Original,Local,Manual,16,7647.058823529412
Suzuki,Wagon R,2019,53125,2195000,Petrol,Karachi,Original,Local,Manual,7,6640.625
Suzuki,Cultus VXR,2007,1000,725000,Petrol,Lahore,Original,Local,Manual,19,50.0
Daihatsu,Terios Kid,2010,247000,3400000,Petrol,Lahore,Original,Local,Automatic,16,14529.411764705883
Honda,City Vario,2005,100000,1350000,Petrol,Lahore,Original,Local,Manual,21,4545.454545454545
Suzuki,Alto,2006,250000,650000,Petrol,Karachi,Original,Local,Automatic,20,11904.761904761905
Daihatsu,Cuore,2000,130000,465000,Petrol,Karachi,Original,Local,Manual,26,4814.814814814815
Toyota,Corolla XLI,2010,15000,2300000,Petrol,Islamabad,Original,Local,Manual,16,882.3529411764706
Toyota,Yaris,2021,37000,4650000,Petrol,Punjab,Original,Local,Automatic,5,6166.666666666667
Daihatsu,Mira,2017,83500,2275000,Petrol,Karachi,Original,Imported,Automatic,9,8350.0
Toyota,Corolla GLI,2017,99300,3150000,Petrol,Karachi,Original,Local,Automatic,9,9930.0
Toyota,Corolla GLI,2011,170000,2430000,Petrol,Lahore,Original,Local,Manual,15,10625.0
Toyota,Corrolla Altis,2018,127000,4495000,Petrol,Lahore,Original,Local,Automatic,8,14111.111111111111
Hyundai,Santro,2003,5555,699000,Petrol,Karachi,Original,Local,Manual,23,231.45833333333334
Toyota,Passo,2018,67000,3345000,Petrol,Karachi,Original,Imported,Automatic,8,7444.444444444444
Suzuki,Mehran VXR,2006,100000,430000,Petrol,Karachi,Original,Local,Manual,20,4761.9047619047615
Hyundai,Santro,2005,148500,880000,Petrol,Sindh,Original,Imported,Manual,21,6750.0
Daihatsu,Hijet,2017,150000,1380000,Petrol,Karachi,Original,Imported,Manual,9,15000.0
Suzuki,Wagon R,2021,58000,2650000,Petrol,Punjab,Original,Local,Manual,5,9666.666666666666
FAW,X-PV,2015,100000,1800000,Petrol,Islamabad,Original,Imported,Manual,11,8333.333333333334
Suzuki,Bolan,2017,91000,1300000,Petrol,Lahore,Original,Local,Manual,9,9100.0
Suzuki,Wagon R,2018,90000,2250000,Petrol,Swat,Original,Imported,Manual,8,10000.0
Honda,Civic Prosmetic,2009,175000,1980000,Petrol,Lahore,Original,Local,Automatic,17,9722.222222222223
Suzuki,Bolan,2011,150000,590000,Petrol,Punjab,Original,Local,Manual,15,9375.0
Toyota,Corrolla Altis,2014,149000,2775000,Petrol,Lahore,Original,Local,Automatic,12,11461.538461538461
Daihatsu,Hijet,2011,110000,1260000,Petrol,Karachi,Original,Local,Automatic,15,6875.0
Changan,Karvaan,2022,4000,2750000,Petrol,Lahore,Original,Local,Manual,4,800.0
Suzuki,Alto,2012,166000,1250000,Petrol,Karachi,Original,Local,Manual,14,11066.666666666666
Toyota,Corolla XLI,2016,71000,3150000,Petrol,Karachi,Original,Local,Manual,10,6454.545454545455
Suzuki,Bolan,2012,93000,775000,Petrol,Karachi,Original,Local,Manual,14,6200.0
Honda,City IVTEC,2016,135000,3500000,Petrol,Lahore,Original,Local,Automatic,10,12272.727272727272
KIA,Sportage,2005,32712,1480000,Petrol,Dera Ismail Khan,Original,Imported,Manual,21,1486.909090909091
Honda,City IVTEC,2018,90000,3490000,Petrol,Lahore,Original,Local,Manual,8,10000.0
Toyota,Yaris,2022,27000,4450000,Petrol,Islamabad,Original,Local,Automatic,4,5400.0
Daihatsu,Mira,2014,95000,2050000,Petrol,Lahore,Original,Imported,Automatic,12,7307.692307692308
Daihatsu,Cuore,2006,100000,830000,Petrol,Lahore,Original,Local,Manual,20,4761.9047619047615
Toyota,Passo,2006,87000,1625000,Petrol,Karachi,Original,Imported,Automatic,20,4142.857142857143
Suzuki,Mehran VXR,2014,80000,880000,Petrol,Lahore,Original,Local,Manual,12,6153.846153846154
Daihatsu,Mira,2014,104500,2500000,Petrol,Lahore,Original,Imported,Automatic,12,8038.461538461538
Hyundai,Santro,2006,100000,775000,Petrol,Lahore,Original,Local,Manual,20,4761.9047619047615
Suzuki,Alto,2021,28000,2675000,Petrol,Lahore,Original,Local,Automatic,5,4666.666666666667
Suzuki,Mehran VXR,2019,57000,1400000,Petrol,Lahore,Original,Local,Manual,7,7125.0
Suzuki,Mehran VXR,2012,84000,900000,Petrol,Lahore,Original,Imported,Manual,14,5600.0
Suzuki,Cultus VXR,2015,99862,1475000,Petrol,Lahore,Original,Imported,Manual,11,8321.833333333334
FAW,V2,2017,100000,1185000,Petrol,Karachi,Original,Local,Manual,9,10000.0
Daihatsu,Mira,2012,118000,1550000,Petrol,Sindh,Original,Imported,Automatic,14,7866.666666666667
Daihatsu,Cuore,2008,50000,995000,Petrol,Lahore,Original,Imported,Manual,18,2631.5789473684213
Toyota,Corrolla Altis,2015,150000,3925000,Petrol,Lahore,Original,Local,Automatic,11,12500.0
Toyota,Corolla GLI,2016,112000,3700000,Petrol,Lahore,Original,Local,Manual,10,10181.818181818182
Suzuki,Every,2017,89000,1600000,Petrol,Karachi,Original,Imported,Automatic,9,8900.0
KIA,Sportage,2004,12345,1300000,Petrol,Karachi,Original,Imported,Manual,22,536.7391304347826
Toyota,Corrolla Altis,2016,112000,4750000,Petrol,Islamabad,Original,Local,Automatic,10,10181.818181818182
Suzuki,Bolan,2012,39500,1000000,CNG,Lahore,Original,Local,Manual,14,2633.3333333333335
Hyundai,Santro,2006,185000,950000,Petrol,Lahore,Original,Imported,Manual,20,8809.52380952381
Suzuki,Alto,2019,63390,2440000,Petrol,Karachi,Original,Local,Automatic,7,7923.75
Suzuki,Mehran VXR,2018,33000,1480000,Petrol,Lahore,Original,Local,Manual,8,3666.6666666666665
Suzuki,Wagon R,2018,86000,2200000,Petrol,Lahore,Original,Local,Manual,8,9555.555555555555
Honda,Civic Prosmetic,2011,151000,2850000,Petrol,Lahore,Original,Local,Automatic,15,9437.5
Daihatsu,Cuore,2005,55000,870000,Petrol,Karachi,Original,Imported,Automatic,21,2500.0
Daihatsu,Mira,2015,79800,2450000,Petrol,Karachi,Original,Imported,Automatic,11,6650.0
Suzuki,Swift,2010,40000,1320000,Petrol,Karachi,Original,Local,Manual,16,2352.9411764705883
Honda,City IVTEC,2017,73500,3250000,Petrol,Lahore,Original,Imported,Manual,9,7350.0
Toyota,Corolla XLI,2007,120000,1390000,CNG,Peshawar,Original,Local,Manual,19,6000.0
Toyota,Corolla GLI,2018,110000,4350000,Petrol,Lahore,Original,Imported,Manual,8,12222.222222222223
Honda,City IVTEC,2019,105000,3450000,Petrol,Lahore,Original,Local,Manual,7,13125.0
Suzuki,Cultus VXR,2004,1,890000,Petrol,Lahore,Original,Local,Manual,22,0.043478260869565216
Suzuki,Cultus VXR,2017,100000,2500000,Petrol,Hyderabad,Original,Local,Manual,9,10000.0
Changan,Karvaan,2021,25000,2350000,Petrol,Lahore,Original,Local,Manual,5,4166.666666666667
KIA,Picanto,2021,46000,2700000,Petrol,Karachi,Original,Imported,Automatic,5,7666.666666666667
Suzuki,Alto,2010,150000,1470000,Petrol,Karachi,Original,Imported,Manual,16,8823.529411764706
Honda,City IVTEC,2011,106000,2360000,Petrol,Karachi,Original,Local,Automatic,15,6625.0
Honda,City Aspire,2015,96000,3375000,Petrol,Sindh,Original,Local,Automatic,11,8000.0
Toyota,Passo,2008,69000,1660000,Petrol,Karachi,Original,Imported,Automatic,18,3631.5789473684213
Honda,City IVTEC,2021,30000,4130000,Petrol,Sindh,Original,Local,Manual,5,5000.0
Suzuki,Alto,2005,121000,575000,Petrol,Karachi,Original,Local,Manual,21,5500.0
Hyundai,Santro,2007,138000,999999,Petrol,Lahore,Original,Local,Manual,19,6900.0
Daihatsu,Terios Kid,2009,41000,1975000,Petrol,Lahore,Original,Imported,Automatic,17,2277.777777777778
Daihatsu,Mira,2012,189000,2050000,Petrol,Lahore,Original,Imported,Automatic,14,12600.0
Toyota,Corrolla Altis,2015,250000,3700000,Petrol,Lahore,Original,Local,Automatic,11,20833.333333333332
Honda,City Aspire,2017,70000,3650000,Petrol,Lahore,Original,Local,Automatic,9,7000.0
Honda,City IVTEC,2015,69545,2820000,Petrol,Lahore,Original,Imported,Manual,11,5795.416666666667
FAW,X-PV,2017,91000,980000,Petrol,Karachi,Original,Local,Manual,9,9100.0
Honda,City Aspire,2021,44500,4950000,Petrol,Islamabad,Original,Local,Automatic,5,7416.666666666667
Suzuki,Mehran VXR,2017,57500,1150000,Petrol,Lahore,Original,Local,Manual,9,5750.0
Toyota,Corolla XLI,2010,124000,2080000,Petrol,Lahore,Original,Local,Manual,16,7294.117647058823
Honda,City IVTEC,2013,120000,2575000,Petrol,Karachi,Original,Local,Manual,13,8571.42857142857
Daihatsu,Hijet,2009,80000,1170000,Petrol,Lahore,Original,Imported,Manual,17,4444.444444444444
Honda,City IVTEC,2019,76000,3500000,Petrol,Lahore,Original,Local,Manual,7,9500.0
Toyota,Passo,2007,117000,1590000,Petrol,Karachi,Original,Imported,Automatic,19,5850.0
Changan,Karvaan,2022,18652,2800000,Petrol,Lahore,Original,Local,Manual,4,3730.4
Suzuki,Swift,2011,150000,1750000,Petrol,Lahore,Original,Local,Manual,15,9375.0
Toyota,Corolla GLI,2018,64000,4500000,Petrol,Multan,Original,Local,Manual,8,7111.111111111111
Honda,City IVTEC,2018,160000,3350000,Petrol,Lahore,Original,Local,Manual,8,17777.777777777777
Toyota,Corolla GLI,2014,115700,3670000,Petrol,Islamabad,Original,Local,Automatic,12,8900.0
Honda,City IVTEC,2015,70000,2850000,Petrol,Lahore,Original,Local,Manual,11,5833.333333333333
Toyota,Corrolla Altis,2019,28000,4900000,Petrol,Islamabad,Original,Local,Automatic,7,3500.0
Toyota,Corolla GLI,2014,92000,3050000,Petrol,Faisalabad,Original,Local,Manual,12,7076.923076923077
Toyota,Corolla XLI,2015,110266,2750000,Petrol,Karachi,Original,Local,Manual,11,9188.833333333334
Honda,City IVTEC,2013,90000,2625000,Petrol,Islamabad,Original,Local,Manual,13,6428.571428571428
Suzuki,Mehran VXR,2010,20000,1000000,Petrol,Lahore,Original,Imported,Manual,16,1176.4705882352941
Mitsubishi,Lancer,2005,220000,1900000,Petrol,Punjab,Original,Imported,Manual,21,10000.0
Toyota,Corolla GLI,2019,62310,4000000,Petrol,Karachi,Original,Local,Manual,7,7788.75
Suzuki,Wagon R,2018,97000,2155000,Petrol,Lahore,Original,Local,Manual,8,10777.777777777777
Suzuki,Every,2018,92000,2585000,Petrol,Unregistered,Original,Imported,Automatic,8,10222.222222222223
Daihatsu,Cuore,2004,170000,730000,CNG,Faisalabad,Original,Local,Manual,22,7391.304347826087
Changan,Karvaan,2021,77000,2075000,Petrol,Punjab,Original,Imported,Manual,5,12833.333333333334
Honda,City IVTEC,2011,134000,2350000,Petrol,Lahore,Original,Local,Manual,15,8375.0
Honda,City IDSI,2002,150000,1000000,Petrol,Karachi,Original,Local,Manual,24,6000.0
Suzuki,Alto,2007,70000,690000,Petrol,Karachi,Original,Local,Manual,19,3500.0
Honda,City IVTEC,2015,94000,2850000,Petrol,Karachi,Original,Local,Manual,11,7833.333333333333
Suzuki,Wagon R,2018,90000,2100000,Petrol,Lahore,Original,Local,Manual,8,10000.0
Daihatsu,Cuore,2008,99000,880000,Petrol,Multan,Original,Imported,Manual,18,5210.526315789473
Suzuki,Alto,2016,65000,3980000,Petrol,Karachi,Original,Local,Automatic,10,5909.090909090909
Toyota,Yaris,2022,20500,4075000,Petrol,Punjab,Original,Local,Manual,4,4100.0
Daihatsu,Mira,2010,118000,1485000,Petrol,Karachi,Original,Imported,Automatic,16,6941.176470588235
Daihatsu,Mira,2015,100000,2800000,Petrol,Lahore,Original,Imported,Automatic,11,8333.333333333334
KIA,Sportage,2002,123456,1190000,Petrol,Sindh,Original,Imported,Manual,24,4938.24
Honda,Civic Prosmetic,2017,155000,4850000,Petrol,Lahore,Original,Local,Automatic,9,15500.0
Toyota,Corolla GLI,2010,135000,2050000,Petrol,Karachi,Original,Local,Manual,16,7941.176470588235
Mitsubishi,Pajero Mini,2012,110000,1900000,Petrol,Karachi,Original,Imported,Automatic,14,7333.333333333333
Honda,City IVTEC,2019,68000,3585000,Petrol,Lahore,Original,Local,Manual,7,8500.0
Suzuki,Every,2018,12345,2650000,Petrol,Punjab,Original,Imported,Manual,8,1371.6666666666667
Suzuki,Mehran VXR,2012,100000,850000,Petrol,Islamabad,Original,Imported,Manual,14,6666.666666666667
Toyota,Altis Grande,2015,117000,3350000,Petrol,Karachi,Original,Imported,Automatic,11,9750.0
Daihatsu,Mira,2012,120000,2250000,Petrol,Lahore,Original,Imported,Automatic,14,8000.0
Hyundai,Santro,2004,200000,910000,Petrol,Lahore,Original,Imported,Manual,22,8695.652173913044
Honda,Civic Prosmetic,2014,58000,3350000,Petrol,Karachi,Original,Local,Automatic,12,4461.538461538462
Daihatsu,Cuore,2011,100000,870000,Petrol,Karachi,Original,Local,Manual,15,6250.0
Toyota,Altis Grande,2015,85000,3450000,Petrol,Karachi,Original,Local,Automatic,11,7083.333333333333
Toyota,Yaris,2021,47000,4050000,Petrol,Punjab,Original,Local,Automatic,5,7833.333333333333
Hyundai,Santro,2007,100000,970000,Petrol,Lahore,Original,Local,Manual,19,5000.0
Toyota,Corolla XLI,2017,152000,3150000,Petrol,Rahimyar Khan,Original,Local,Manual,9,15200.0
Toyota,Altis Grande,2016,130510,4700000,Petrol,Islamabad,Original,Local,Automatic,10,11864.545454545454
Daihatsu,Cuore,2004,90000,800000,Petrol,Lahore,Original,Imported,Automatic,22,3913.0434782608695
Toyota,Corolla XLI,2016,69000,3150000,Petrol,Karachi,Original,Local,Manual,10,6272.727272727273
Honda,City IVTEC,2018,105000,3650000,Petrol,Punjab,Original,Local,Automatic,8,11666.666666666666
Toyota,Corolla XLI,2011,150000,2200000,Petrol,Lahore,Original,Local,Manual,15,9375.0
Daihatsu,Cuore,2004,12000,750000,Petrol,Karachi,Original,Imported,Automatic,22,521.7391304347826
Daihatsu,Cuore,2009,45000,1095000,Petrol,Lahore,Original,Imported,Manual,17,2500.0
Daihatsu,Cuore,2010,87000,895000,Petrol,Karachi,Original,Local,Manual,16,5117.64705882353
Suzuki,Every,2006,60000,750000,Petrol,Faisalabad,Original,Imported,Manual,20,2857.1428571428573
KIA,Classic,2000,99000,450000,Petrol,Lahore,Original,Imported,Manual,26,3666.6666666666665
Toyota,Altis Grande,2010,112000,2650000,Petrol,Multan,Original,Local,Automatic,16,6588.235294117647
Suzuki,Mehran VXR,2016,65000,1250000,Petrol,Lahore,Original,Local,Manual,10,5909.090909090909
Honda,Civic Oriel,2016,55000,4800000,Petrol,Gujrat,Original,Local,Automatic,10,5000.0
Suzuki,Mehran VXR,2015,100000,1090000,Petrol,Lahore,Original,Local,Manual,11,8333.333333333334
Honda,City IVTEC,2016,41900,3075000,Petrol,Karachi,Original,Local,Manual,10,3809.090909090909
Honda,City IVTEC,2010,135000,2190000,Petrol,Lahore,Original,Imported,Manual,16,7941.176470588235
Daihatsu,Cuore,2012,120000,865000,Petrol,Sindh,Original,Imported,Manual,14,8000.0
Daihatsu,Terios Kid,2003,86000,1480000,Petrol,Karachi,Original,Imported,Automatic,23,3583.3333333333335
Daihatsu,Hijet,2016,80000,1790000,Petrol,Karachi,Original,Imported,Automatic,10,7272.727272727273
Suzuki,Wagon R,2019,80000,2600000,Petrol,Lahore,Original,Local,Manual,7,10000.0
Hyundai,Santro,2004,123456,625000,Petrol,Karachi,Original,Imported,Manual,22,5367.652173913043
Suzuki,Baleno,2004,169000,850000,Petrol,Karachi,Original,Imported,Automatic,22,7347.826086956522
Suzuki,Alto,2005,50000,590000,Petrol,Karachi,Original,Local,Manual,21,2272.7272727272725
Daihatsu,Cuore,2001,9999,600000,Petrol,Karachi,Original,Local,Automatic,25,384.5769230769231
Honda,Civic Prosmetic,2007,250000,2450000,Petrol,Lahore,Original,Local,Automatic,19,12500.0
Daihatsu,Cuore,2003,200000,685000,Petrol,Lahore,Original,Local,Manual,23,8333.333333333334
Toyota,Altis Grande,2012,300000,3000000,Petrol,Islamabad,Original,Local,Automatic,14,20000.0
Suzuki,Mehran VXR,2009,91005,650000,Petrol,Karachi,Original,Local,Manual,17,5055.833333333333
Honda,City IVTEC,2013,98000,3475000,Petrol,Sindh,Original,Local,Automatic,13,7000.0
Honda,City IDSI,2008,142600,1890000,Petrol,Islamabad,Duplicate,Local,Manual,18,7505.263157894737
Honda,Civic Prosmetic,2005,100000,1370000,Petrol,Lahore,Original,Local,Automatic,21,4545.454545454545
Toyota,Yaris,2021,70000,4185000,Petrol,Islamabad,Original,Local,Automatic,5,11666.666666666666
Suzuki,Baleno,2001,188803,650000,Petrol,Lahore,Original,Local,Automatic,25,7261.653846153846
KIA,Picanto,2021,45000,3400000,Petrol,Islamabad,Original,Imported,Automatic,5,7500.0
Toyota,Yaris,2021,32000,4499000,Petrol,Lahore,Original,Local,Automatic,5,5333.333333333333
Toyota,Corrolla Altis,2015,105000,3975000,Petrol,Lahore,Original,Local,Automatic,11,8750.0
Honda,City IVTEC,2010,12345,2185000,Petrol,Karachi,Original,Local,Manual,16,726.1764705882352
Honda,City IVTEC,2018,91000,3270000,Petrol,Karachi,Original,Local,Manual,8,10111.111111111111
Toyota,Corolla XLI,2011,350000,2100000,CNG,Karachi,Original,Local,Manual,15,21875.0
Suzuki,Baleno,2005,100000,850000,Petrol,Islamabad,Original,Local,Manual,21,4545.454545454545
Suzuki,Bolan,2011,48000,750000,Petrol,Karachi,Original,Local,Manual,15,3000.0
Suzuki,Bolan,2019,67400,1480000,Petrol,Lahore,Original,Local,Manual,7,8425.0
Mitsubishi,Ek Wagon,2020,28000,3975000,Petrol,Unregistered,Original,Imported,Automatic,6,4000.0
Suzuki,Alto,2007,5000,960000,Petrol,Karachi,Original,Local,Manual,19,250.0
Suzuki,Cultus VXR,2009,50000,950000,Petrol,Faisalabad,Original,Local,Manual,17,2777.777777777778
Suzuki,Alto,2014,51500,2600000,Petrol,Lahore,Original,Imported,Automatic,12,3961.5384615384614
Suzuki,Cultus VXR,2016,92000,1800000,Petrol,Multan,Original,Local,Manual,10,8363.636363636364
Toyota,Corolla XLI,2007,145289,1675000,Petrol,Lahore,Original,Local,Manual,19,7264.45
Mitsubishi,Lancer,2006,300000,1325000,Petrol,Sahiwal,Original,Imported,Manual,20,14285.714285714286
Chevrolet,Joy,2006,100000,765000,Petrol,Sialkot,Original,Imported,Automatic,20,4761.9047619047615
Toyota,Passo,2014,82000,2780000,Petrol,Lahore,Original,Imported,Automatic,12,6307.692307692308
Toyota,Yaris,2022,32000,4575000,Petrol,Punjab,Original,Local,Automatic,4,6400.0
Hyundai,Santro,2004,189000,929000,Petrol,Lahore,Original,Local,Manual,22,8217.391304347826
Mitsubishi,Lancer,2007,195000,1650000,Petrol,Karachi,Original,Imported,Automatic,19,9750.0
Honda,City IVTEC,2018,119000,3099000,Petrol,Islamabad,Original,Local,Manual,8,13222.222222222223
Honda,Civic Prosmetic,2005,112000,1555000,Petrol,Lahore,Original,Local,Automatic,21,5090.909090909091
Suzuki,Wagon R,2015,93000,2500000,Petrol,Islamabad,Original,Imported,Automatic,11,7750.0
Suzuki,Swift,2014,190000,1950000,Petrol,Lahore,Original,Local,Manual,12,14615.384615384615
Daihatsu,Move,2017,90000,3200000,Petrol,Lahore,Original,Imported,Automatic,9,9000.0
Daihatsu,Mira,2014,23388,2475000,Petrol,Karachi,Original,Imported,Automatic,12,1799.076923076923
Suzuki,Wagon R,2017,172000,2000000,Petrol,Karachi,Original,Local,Manual,9,17200.0
Suzuki,Wagon R,2018,68000,2225000,Petrol,Karachi,Original,Local,Manual,8,7555.555555555556
Suzuki,Wagon R,2021,10900,2895000,Petrol,Islamabad,Original,Local,Manual,5,1816.6666666666667
Honda,City IVTEC,2012,1234,1950000,Petrol,Karachi,Original,Local,Manual,14,82.26666666666667
Daihatsu,Mira,2016,80000,2500000,Petrol,Sindh,Original,Imported,Automatic,10,7272.727272727273
Honda,City IVTEC,2011,125000,2325000,Petrol,Sindh,Original,Local,Manual,15,7812.5
Hyundai,Santro,2004,113000,835000,Petrol,Faisalabad,Original,Local,Manual,22,4913.04347826087
Suzuki,Every,2018,80000,2510000,Petrol,Unregistered,Original,Imported,Automatic,8,8888.888888888889
Suzuki,Bolan,2021,2900,1800000,Petrol,Karachi,Original,Local,Manual,5,483.3333333333333
Hyundai,Santro,2009,130000,1250000,Petrol,Lahore,Original,Local,Manual,17,7222.222222222223
Hyundai,Santro,2005,123455,800000,Petrol,Karachi,Original,Imported,Manual,21,5611.590909090909
Honda,City IVTEC,2012,189000,2360000,Petrol,Lahore,Original,Local,Manual,14,12600.0
Suzuki,Alto,2007,83000,890000,Petrol,Lahore,Original,Local,Manual,19,4150.0
Honda,City Vario,2006,170000,1770000,Petrol,Lahore,Original,Imported,Automatic,20,8095.238095238095
Honda,City Vario,2005,88000,1790000,Petrol,Lahore,Original,Local,Automatic,21,4000.0
Suzuki,Wagon R,2019,150000,2450000,Petrol,Islamabad,Original,Local,Manual,7,18750.0
Suzuki,Alto,2022,30000,2470000,Petrol,Islamabad,Original,Local,Manual,4,6000.0
Toyota,Corolla GLI,2016,55555,3350000,Petrol,Lahore,Original,Local,Manual,10,5050.454545454545
Daihatsu,Mira,2015,87500,2365000,Petrol,Islamabad,Duplicate,Imported,Automatic,11,7291.666666666667
Suzuki,Swift,2014,11085,1940000,Petrol,Lahore,Original,Local,Manual,12,852.6923076923077
Honda,City IVTEC,2020,45000,3350000,Petrol,Karachi,Original,Local,Automatic,6,6428.571428571428
Suzuki,Bolan,2004,65319,650000,CNG,Karachi,Original,Imported,Manual,22,2839.9565217391305
Daihatsu,Move,2014,86000,2485000,Petrol,Lahore,Original,Imported,Automatic,12,6615.384615384615
Toyota,Passo,2012,120000,2795000,Petrol,Islamabad,Original,Imported,Automatic,14,8000.0
Hyundai,Santro,2003,103000,715000,Petrol,Karachi,Original,Local,Manual,23,4291.666666666667
Suzuki,Baleno,2000,9999,1050000,Petrol,Punjab,Original,Imported,Manual,26,370.3333333333333
Suzuki,Wagon R,2022,9780,3200000,Petrol,Islamabad,Original,Local,Automatic,4,1956.0
Suzuki,Wagon R,2014,145462,1699000,Petrol,Lahore,Original,Local,Manual,12,11189.384615384615
Daihatsu,Mira,2014,246270,2310000,Petrol,Karachi,Original,Imported,Automatic,12,18943.846153846152
KIA,Sportage,2005,100000,1420000,CNG,Lahore,Original,Imported,Manual,21,4545.454545454545
Suzuki,Every,2010,1000,1200000,Petrol,Lahore,Original,Imported,Automatic,16,58.8235294117647
Daihatsu,Hijet,2015,97000,1350000,Petrol,Lahore,Original,Imported,Automatic,11,8083.333333333333
Suzuki,Cultus VXR,2014,75000,1300000,Petrol,Karachi,Original,Local,Manual,12,5769.2307692307695
Suzuki,Wagon R,2019,113000,2225000,Petrol,Lahore,Original,Local,Manual,7,14125.0
FAW,V2,2017,106000,1450000,Petrol,Lahore,Original,Local,Manual,9,10600.0
Toyota,Corrolla Altis,2018,50000,4300000,Petrol,Karachi,Original,Local,Automatic,8,5555.555555555556
Hyundai,Santro,2000,150000,580000,Petrol,Karachi,Original,Local,Manual,26,5555.555555555556
Toyota,Corrolla Altis,2019,44000,4750000,Petrol,Lahore,Original,Local,Automatic,7,5500.0
Suzuki,Alto,2005,2000,500000,Petrol,Karachi,Original,Local,Manual,21,90.9090909090909
Toyota,Yaris,2020,89000,4425000,Petrol,Unregistered,Original,Imported,Automatic,6,12714.285714285714
Toyota,Corolla GLI,2003,300000,1450000,Petrol,Karachi,Original,Local,Automatic,23,12500.0
Toyota,Corrolla Altis,2014,126000,3395000,Petrol,Lahore,Original,Local,Automatic,12,9692.307692307691
Daihatsu,Hijet,2013,97000,1580000,Petrol,Karachi,Original,Imported,Automatic,13,6928.571428571428
Toyota,Corolla GLI,2018,65500,3950000,Petrol,Karachi,Original,Local,Manual,8,7277.777777777777
Suzuki,Cultus VXR,2006,9000,750000,Petrol,Sialkot,Original,Local,Manual,20,428.57142857142856
Toyota,Corolla XLI,2017,140000,3350000,Petrol,Lahore,Original,Imported,Manual,9,14000.0
Toyota,Corrolla Altis,2008,200000,1850000,Petrol,Lahore,Original,Local,Automatic,18,10526.315789473685
Suzuki,Mehran VXR,2013,123455,850000,Petrol,Multan,Original,Local,Manual,13,8818.214285714286
Suzuki,Mehran VXR,2008,9999,770000,Petrol,Islamabad,Original,Local,Manual,18,526.2631578947369
Daihatsu,Cuore,2004,100000,790000,Petrol,Karachi,Original,Imported,Automatic,22,4347.826086956522
Toyota,Corolla GLI,2016,70000,3250000,Petrol,Sindh,Original,Local,Manual,10,6363.636363636364
Toyota,Corrolla Altis,2017,92000,4400000,Petrol,Lahore,Original,Local,Automatic,9,9200.0
Toyota,Corolla GLI,2014,122000,3000000,Petrol,Lahore,Original,Local,Manual,12,9384.615384615385
Suzuki,Baleno,2004,1000,1100000,Petrol,Sindh,Original,Local,Manual,22,43.47826086956522
Daihatsu,Cuore,2008,177000,950000,Petrol,Sindh,Original,Local,Manual,18,9315.78947368421
Suzuki,Swift,2016,111111,2150000,Petrol,Faisalabad,Original,Local,Manual,10,10101.0
Changan,Karvaan,2021,37425,2585000,Petrol,Islamabad,Original,Imported,Manual,5,6237.5
Suzuki,Alto,2008,12345,900000,Petrol,Lahore,Original,Imported,Manual,18,649.7368421052631
Honda,City IVTEC,2018,110000,3275000,Petrol,Islamabad,Original,Local,Manual,8,12222.222222222223
Honda,City IVTEC,2019,71000,3550000,Petrol,Lahore,Original,Local,Manual,7,8875.0
Daihatsu,Cuore,2003,1234,475000,Petrol,Sindh,Original,Local,Manual,23,51.416666666666664
Chevrolet,Joy,2008,123456,725000,Petrol,Lahore,Original,Imported,Manual,18,6497.684210526316
Toyota,Corolla XLI,2009,150000,1740000,Petrol,Karachi,Original,Local,Manual,17,8333.333333333334
Daihatsu,Move,2016,48500,2600000,Petrol,Lahore,Original,Imported,Automatic,10,4409.090909090909
Suzuki,Every,2015,185000,1280000,Petrol,Lahore,Original,Imported,Automatic,11,15416.666666666666
Chevrolet,Exclusive,2006,190000,730000,Petrol,Karachi,Original,Imported,Automatic,20,9047.619047619048
Honda,City IVTEC,2011,100000,2250000,Petrol,Lahore,Original,Local,Manual,15,6250.0
Daihatsu,Mira,2012,119200,1500000,Petrol,Karachi,Original,Local,Automatic,14,7946.666666666667
Honda,City IVTEC,2018,68500,3350000,Petrol,Karachi,Original,Local,Automatic,8,7611.111111111111
Daihatsu,Cuore,2004,148000,780000,Petrol,Multan,Original,Local,Manual,22,6434.782608695652
Daihatsu,Mira,2017,100000,2999999,Petrol,Punjab,Original,Imported,Automatic,9,10000.0
Toyota,Yaris,2022,11783,4900000,Petrol,Karachi,Original,Local,Automatic,4,2356.6
KIA,Classic,2005,170000,650000,Petrol,Lahore,Original,Imported,Manual,21,7727.272727272727
Honda,Civic Prosmetic,2013,83000,2975000,Petrol,Karachi,Original,Imported,Automatic,13,5928.571428571428
Honda,Civic Prosmetic,2008,111000,1900000,Petrol,Karachi,Original,Local,Automatic,18,5842.105263157895
Honda,Civic Prosmetic,2003,200000,1250000,Petrol,Karachi,Original,Imported,Automatic,23,8333.333333333334
Toyota,Corolla GLI,2007,277000,1800000,Petrol,Lahore,Original,Local,Manual,19,13850.0
Toyota,Corrolla Altis,2020,65000,4800000,Petrol,Lahore,Original,Local,Automatic,6,9285.714285714286
Toyota,Corolla XLI,2010,1234,2250000,Petrol,Sindh,Original,Local,Manual,16,72.58823529411765
Honda,City IVTEC,2014,120000,2700000,Petrol,Karachi,Original,Local,Automatic,12,9230.76923076923
Hyundai,Santro,2006,128635,849000,Petrol,Faisalabad,Original,Local,Manual,20,6125.476190476191
FAW,V2,2020,55000,2150000,Petrol,Punjab,Original,Local,Manual,6,7857.142857142857
Honda,City IVTEC,2016,185000,3000000,Petrol,Lahore,Original,Local,Manual,10,16818.18181818182
Honda,City Aspire,2014,98700,3200000,Petrol,Lahore,Original,Local,Automatic,12,7592.307692307692
Suzuki,Cultus VXR,2006,30134,750000,Petrol,Sindh,Original,Local,Manual,20,1434.952380952381
Suzuki,Cultus VXR,2008,123456,910000,Petrol,Lahore,Original,Local,Manual,18,6497.684210526316
Toyota,Corrolla Altis,2017,80000,3725000,Petrol,Karachi,Original,Imported,Automatic,9,8000.0
Hyundai,Santro,2005,285000,850000,Petrol,Faisalabad,Original,Local,Manual,21,12954.545454545454
Chevrolet,Joy,2004,120000,675000,Petrol,Lahore,Original,Imported,Manual,22,5217.391304347826
Toyota,Altis Grande,2016,74500,3880000,Petrol,Karachi,Original,Local,Automatic,10,6772.727272727273
Honda,Civic Prosmetic,2011,123456,2689999,Petrol,Islamabad,Original,Imported,Automatic,15,7716.0
Toyota,Yaris,2020,71000,4085000,Petrol,Islamabad,Original,Imported,Automatic,6,10142.857142857143
Honda,City IVTEC,2018,58000,3635000,Petrol,Sindh,Original,Local,Manual,8,6444.444444444444
Daihatsu,Hijet,2010,12345,1260000,Petrol,Karachi,Original,Imported,Automatic,16,726.1764705882352
Honda,City Aspire,2020,83000,4200000,Petrol,Lahore,Original,Local,Automatic,6,11857.142857142857
Suzuki,Alto,2021,34000,2550000,Petrol,Faisalabad,Original,Local,Automatic,5,5666.666666666667
Suzuki,Mehran VXR,2008,1234,755000,Petrol,Lahore,Original,Imported,Manual,18,64.94736842105263
Suzuki,Wagon R,2022,16800,2650000,Petrol,Islamabad,Original,Local,Manual,4,3360.0
Suzuki,Mehran VXR,2015,89650,1020000,Petrol,Lahore,Original,Local,Manual,11,7470.833333333333
Toyota,Corolla GLI,2011,160000,2350000,Petrol,Lahore,Original,Local,Manual,15,10000.0
Suzuki,Alto,2009,137000,500000,CNG,Sindh,Original,Imported,Manual,17,7611.111111111111
Suzuki,Wagon R,2022,29000,2800000,Petrol,Islamabad,Original,Local,Manual,4,5800.0
Suzuki,Cultus VXR,2012,40000,1300000,Petrol,Islamabad,Original,Local,Manual,14,2666.6666666666665
Suzuki,Cultus VXR,2011,85000,1170000,Petrol,Bahawalpur,Original,Local,Manual,15,5312.5
KIA,Classic,2005,108146,600000,CNG,Karachi,Original,Local,Manual,21,4915.727272727273
KIA,Picanto,2022,30000,2850000,Petrol,Islamabad,Original,Imported,Manual,4,6000.0
Suzuki,Cultus VXR,2018,105000,2125000,Petrol,Lahore,Original,Local,Manual,8,11666.666666666666
Daihatsu,Move,2014,92000,2275000,Petrol,Lahore,Original,Imported,Automatic,12,7076.923076923077
Suzuki,Swift,2015,85000,1985000,Petrol,Lahore,Original,Local,Manual,11,7083.333333333333
Mercedes,E Class,2005,128000,4200000,Petrol,Lahore,Original,Imported,Automatic,21,5818.181818181818
Daihatsu,Cuore,2005,145500,475000,CNG,Karachi,Original,Local,Manual,21,6613.636363636364
Daihatsu,Move,2013,70000,2030000,Petrol,Karachi,Original,Imported,Automatic,13,5000.0
KIA,Sportage,2002,12345,950000,Petrol,Karachi,Original,Imported,Manual,24,493.8
Daihatsu,Cuore,2007,100000,800000,Petrol,Karachi,Original,Local,Manual,19,5000.0
KIA,Picanto,2021,51000,2700000,Petrol,Multan,Original,Local,Manual,5,8500.0
Suzuki,Every,2016,108000,2500000,Petrol,Punjab,Original,Imported,Automatic,10,9818.181818181818
Honda,City IVTEC,2020,52000,3550000,Petrol,Karachi,Original,Local,Manual,6,7428.571428571428
Suzuki,Mehran VXR,2006,5241,379000,Petrol,Lahore,Duplicate,Local,Manual,20,249.57142857142858
FAW,V2,2019,7000,1850000,Petrol,Islamabad,Original,Local,Manual,7,875.0
Daihatsu,Cuore,2012,159000,950000,Petrol,Karachi,Original,Local,Manual,14,10600.0
Honda,Civic Oriel,2011,125000,2490000,Petrol,Sindh,Original,Local,Manual,15,7812.5
Honda,City Vario,2005,97000,1620000,Petrol,Karachi,Original,Local,Automatic,21,4409.090909090909
Daihatsu,Cuore,2009,121000,865000,Petrol,Karachi,Original,Imported,Manual,17,6722.222222222223
Suzuki,Bolan,2021,32262,1750000,Petrol,Islamabad,Original,Local,Manual,5,5377.0
Daihatsu,Mira,2017,36000,3175000,Petrol,Karachi,Original,Imported,Automatic,9,3600.0
Suzuki,Alto,2021,45000,420000,Petrol,Karachi,Original,Local,Manual,5,7500.0
Suzuki,Wagon R,2017,102000,2115000,Petrol,Lahore,Original,Local,Manual,9,10200.0
Honda,Civic Prosmetic,2006,140000,1600000,Petrol,Karachi,Original,Local,Automatic,20,6666.666666666667
Hyundai,Santro,2000,200000,670000,Petrol,Lahore,Original,Local,Manual,26,7407.407407407408
FAW,V2,2016,196000,1325000,Petrol,Lahore,Original,Local,Manual,10,17818.18181818182
Changan,Karvaan,2021,18000,2700000,Petrol,Karachi,Original,Imported,Manual,5,3000.0
Suzuki,Cultus VXR,2017,100000,2190000,Petrol,Lahore,Original,Local,Manual,9,10000.0
Honda,Civic Prosmetic,2009,144000,1950000,Petrol,Karachi,Original,Local,Automatic,17,8000.0
Chevrolet,Joy,2005,1000,650000,Petrol,Karachi,Original,Imported,Manual,21,45.45454545454545
Suzuki,Bolan,2014,100000,920000,Petrol,Lahore,Original,Local,Manual,12,7692.307692307692
Daihatsu,Cuore,2006,80000,890000,Petrol,Karachi,Original,Imported,Automatic,20,3809.5238095238096
Daihatsu,Hijet,2011,95000,1290000,Petrol,Karachi,Original,Imported,Automatic,15,5937.5
Honda,City IVTEC,2013,130000,2785000,Petrol,Islamabad,Original,Local,Manual,13,9285.714285714286
Suzuki,Alto,2022,12000,2300000,Petrol,Karachi,Original,Local,Manual,4,2400.0
Daihatsu,Cuore,2007,98000,940000,Petrol,Karachi,Original,Local,Automatic,19,4900.0
Suzuki,Ravi,2010,58000,720000,Petrol,Islamabad,Original,Local,Manual,16,3411.764705882353
Daihatsu,Cuore,2006,26060,630000,Petrol,Karachi,Original,Imported,Manual,20,1240.952380952381
Suzuki,Mehran VXR,2011,60000,690000,Petrol,Karachi,Original,Local,Manual,15,3750.0
Hyundai,Santro,2000,50000,625000,Petrol,Lahore,Original,Imported,Manual,26,1851.851851851852
Daihatsu,Mira,2020,8000,3350000,Petrol,Unregistered,Original,Imported,Automatic,6,1142.857142857143
Honda,Civic Oriel,2000,12345,1270000,CNG,Peshawar,Original,Imported,Manual,26,457.22222222222223
Toyota,Corolla GLI,2011,120000,1945000,Petrol,Karachi,Original,Local,Manual,15,7500.0
Suzuki,Every,2016,108888,1365000,Petrol,Karachi,Original,Imported,Automatic,10,9898.90909090909
Mitsubishi,Lancer,2005,205000,1175000,Petrol,Lahore,Original,Imported,Automatic,21,9318.181818181818
Honda,City IVTEC,2016,66000,3750000,Petrol,Lahore,Original,Local,Automatic,10,6000.0
Suzuki,Baleno,2005,279000,1170000,Petrol,Lahore,Original,Local,Manual,21,12681.818181818182
Daihatsu,Hijet,2018,36961,2500000,Petrol,Karachi,Original,Imported,Automatic,8,4106.777777777777
Toyota,Corolla GLI,2016,196000,3300000,Petrol,Multan,Original,Local,Manual,10,17818.18181818182
Daihatsu,Move,2021,2387,3400000,Petrol,Lahore,Original,Imported,Automatic,5,397.8333333333333
Honda,Civic Prosmetic,2017,133000,4600000,Petrol,Islamabad,Original,Local,Automatic,9,13300.0
Daihatsu,Cuore,2003,150000,725000,Petrol,Multan,Original,Local,Manual,23,6250.0
Suzuki,Alto,2011,53000,1100000,Petrol,Karachi,Original,Local,Manual,15,3312.5
Daihatsu,Cuore,2004,50000,610000,Petrol,Karachi,Original,Imported,Manual,22,2173.913043478261
Toyota,Altis Grande,2015,150000,3960000,Petrol,Islamabad,Original,Local,Automatic,11,12500.0
Toyota,Yaris,2022,40000,4450000,Petrol,Punjab,Original,Local,Automatic,4,8000.0
Honda,City Aspire,2001,15000,830000,Petrol,Karachi,Original,Imported,Manual,25,576.9230769230769
Suzuki,Bolan,2014,120000,860000,Petrol,Gujranwala,Original,Local,Manual,12,9230.76923076923
Suzuki,Bolan,2017,50000,1080000,Petrol,Karachi,Original,Imported,Manual,9,5000.0
Honda,Civic Prosmetic,2009,165000,2200000,Petrol,Lahore,Original,Imported,Automatic,17,9166.666666666666
Suzuki,Bolan,2006,70000,1350000,Petrol,Karachi,Original,Local,Manual,20,3333.3333333333335
Daihatsu,Move,2011,250000,2100000,Petrol,Islamabad,Original,Imported,Automatic,15,15625.0
Daihatsu,Cuore,2006,164000,775000,Petrol,Karachi,Original,Imported,Manual,20,7809.523809523809
Daihatsu,Mira,2014,85000,2325000,Petrol,Lahore,Original,Imported,Automatic,12,6538.461538461538
Suzuki,Every,2012,12345,1725000,Petrol,Lahore,Original,Local,Manual,14,823.0
Honda,Civic Prosmetic,2009,110000,1895000,Petrol,Karachi,Original,Local,Automatic,17,6111.111111111111
Daihatsu,Move,2018,80000,3500000,Petrol,Islamabad,Original,Imported,Automatic,8,8888.888888888889
Honda,City IDSI,2005,70000,1450000,Petrol,Lahore,Original,Local,Manual,21,3181.818181818182
Daihatsu,Mira,2014,77000,2390000,Petrol,Karachi,Original,Imported,Automatic,12,5923.076923076923
Toyota,Yaris,2020,62940,4300000,Petrol,Unregistered,Original,Imported,Automatic,6,8991.42857142857
Suzuki,Baleno,2005,200000,770000,CNG,Punjab,Original,Local,Manual,21,9090.90909090909
Hyundai,Santro,2000,150000,520000,Petrol,Karachi,Original,Imported,Manual,26,5555.555555555556
Honda,City IDSI,2007,150000,1270000,Petrol,Karachi,Original,Local,Manual,19,7500.0
Daihatsu,Cuore,2003,160000,690000,Petrol,Lahore,Original,Local,Manual,23,6666.666666666667
Suzuki,Cultus VXR,2006,123346,920000,Petrol,Islamabad,Original,Local,Manual,20,5873.619047619048
Daihatsu,Mira,2016,90000,2300000,Petrol,Karachi,Original,Imported,Automatic,10,8181.818181818182
Toyota,Altis Grande,2015,123000,4149000,Petrol,Lahore,Original,Local,Automatic,11,10250.0
Suzuki,Bolan,2018,96000,1280000,Petrol,Lahore,Original,Local,Manual,8,10666.666666666666
Honda,City IVTEC,2014,143000,2540000,Petrol,Lahore,Original,Local,Manual,12,11000.0
Honda,Civic Oriel,2018,100000,4900000,Petrol,Lahore,Original,Local,Automatic,8,11111.111111111111
Suzuki,Alto,2010,150000,1100000,Petrol,Lahore,Original,Local,Manual,16,8823.529411764706
Suzuki,Bolan,2017,51230,1190000,Petrol,Lahore,Original,Local,Manual,9,5123.0
Toyota,Yaris,2021,52000,4700000,Petrol,Punjab,Original,Local,Automatic,5,8666.666666666666
Suzuki,Cultus VXR,2022,37500,3150000,Petrol,Punjab,Original,Local,Manual,4,7500.0
Daihatsu,Move,2015,53000,2500000,Petrol,Karachi,Original,Imported,Automatic,11,4416.666666666667
Honda,City Aspire,2018,44000,3525000,Petrol,Karachi,Original,Local,Automatic,8,4888.888888888889
Hyundai,Santro,2005,260000,970000,Petrol,Lahore,Original,Local,Manual,21,11818.181818181818
Suzuki,Wagon R,2017,88000,2135000,Petrol,Lahore,Original,Local,Automatic,9,8800.0
Suzuki,Bolan,2015,68200,950000,Petrol,Lahore,Original,Local,Manual,11,5683.333333333333
Changan,Karvaan,2022,38000,2755000,Petrol,Punjab,Original,Local,Manual,4,7600.0
Toyota,Corolla XLI,2016,71000,3150000,Petrol,Karachi,Original,Local,Manual,10,6454.545454545455
Toyota,Corolla GLI,2002,99999,2150000,Petrol,Lahore,Original,Local,Manual,24,3999.96
Daihatsu,Cuore,2001,150000,650000,CNG,Lahore,Original,Local,Manual,25,5769.2307692307695
Daihatsu,Mira,2015,26000,2480000,Petrol,Karachi,Original,Imported,Automatic,11,2166.6666666666665
FAW,V2,2016,94000,1375000,Petrol,Lahore,Original,Imported,Manual,10,8545.454545454546
Toyota,Yaris,2020,48000,4395000,Petrol,Punjab,Original,Local,Automatic,6,6857.142857142857
Daihatsu,Mira,2019,100000,2500000,Petrol,Lahore,Original,Imported,Automatic,7,12500.0
Toyota,Corolla GLI,2016,50500,4250000,Petrol,Lahore,Original,Local,Automatic,10,4590.909090909091
Suzuki,Cultus VXR,2012,99645,1150000,CNG,Karachi,Original,Local,Manual,14,6643.0
Suzuki,Wagon R,2020,30000,2685000,Petrol,Lahore,Original,Local,Manual,6,4285.714285714285
Suzuki,Cultus VXR,2015,95000,1299000,Petrol,Karachi,Original,Local,Manual,11,7916.666666666667
Toyota,Corolla XLI,2016,150000,3100000,Petrol,Karachi,Original,Local,Manual,10,13636.363636363636
Honda,City IVTEC,2020,120000,3550000,Petrol,Lahore,Original,Local,Manual,6,17142.85714285714
KIA,Spectra,2001,123000,735000,Petrol,Lahore,Original,Local,Automatic,25,4730.7692307692305
Honda,City IVTEC,2010,76500,2500000,Petrol,Lahore,Original,Local,Manual,16,4500.0
Suzuki,Mehran VXR,2006,23260,630000,CNG,Islamabad,Original,Local,Manual,20,1107.6190476190477
Toyota,Corolla XLI,2012,105000,2080000,Petrol,Karachi,Original,Local,Manual,14,7000.0
Honda,City Vario,2007,131000,1799999,Petrol,Karachi,Original,Local,Automatic,19,6550.0
Suzuki,Mehran VXR,2016,86000,1100000,Petrol,Lahore,Original,Local,Manual,10,7818.181818181818
Mitsubishi,Ek Wagon,2006,200000,1550000,Petrol,Islamabad,Original,Imported,Automatic,20,9523.809523809523
Suzuki,Mehran VXR,2013,100324,850000,Petrol,Lahore,Original,Local,Manual,13,7166.0
Toyota,Corolla XLI,2010,130000,2450000,Petrol,Karachi,Original,Local,Manual,16,7647.058823529412
Honda,Civic Prosmetic,2009,124000,1995000,Petrol,Karachi,Original,Local,Automatic,17,6888.888888888889
Daihatsu,Cuore,2005,70000,695000,Petrol,Lahore,Original,Imported,Manual,21,3181.818181818182
Honda,City Vario,2006,120000,2275000,Petrol,Lahore,Original,Local,Automatic,20,5714.285714285715
Honda,Civic Prosmetic,2003,107640,1200000,Petrol,Karachi,Original,Local,Automatic,23,4485.0
Suzuki,Cultus VXR,2007,85000,850000,Petrol,Karachi,Original,Local,Manual,19,4250.0
Mitsubishi,Pajero Mini,2007,1235,1050000,Petrol,Islamabad,Original,Local,Manual,19,61.75
Suzuki,Bolan,2017,92000,1500000,Petrol,Lahore,Original,Local,Manual,9,9200.0
Suzuki,Swift,2011,96000,2250000,Petrol,Lahore,Original,Local,Automatic,15,6000.0
Honda,City IVTEC,2017,58000,3125000,Petrol,Karachi,Original,Local,Manual,9,5800.0
Suzuki,Every,2017,135000,2300000,Petrol,Unregistered,Original,Imported,Automatic,9,13500.0
Daihatsu,Cuore,2007,89000,925000,Petrol,Lahore,Original,Local,Manual,19,4450.0
Changan,Karvaan,2021,50000,2250000,Petrol,Karachi,Original,Local,Manual,5,8333.333333333334
Suzuki,Alto,2009,100000,820000,Petrol,Karachi,Original,Local,Manual,17,5555.555555555556
KIA,Picanto,2021,23000,2800000,Petrol,Karachi,Original,Imported,Automatic,5,3833.3333333333335
Toyota,Corolla XLI,2010,12345,2000000,Petrol,Lahore,Original,Local,Manual,16,726.1764705882352
Toyota,Corolla XLI,2007,137000,1550000,Petrol,Karachi,Original,Local,Manual,19,6850.0
Daihatsu,Move,2013,164000,1700000,Petrol,Islamabad,Original,Imported,Manual,13,11714.285714285714
Mercedes,C Class,2006,170000,3150000,Petrol,Islamabad,Original,Imported,Automatic,20,8095.238095238095
Daihatsu,Cuore,2009,45690,750000,Petrol,Karachi,Original,Imported,Manual,17,2538.3333333333335
Suzuki,Cultus VXR,2005,14512,635000,Petrol,Multan,Original,Local,Manual,21,659.6363636363636
Suzuki,Alto,2006,125000,665000,Petrol,Karachi,Original,Local,Manual,20,5952.380952380952
Suzuki,Mehran VXR,2018,96000,1395000,Petrol,Lahore,Original,Local,Manual,8,10666.666666666666
Daihatsu,Hijet,2006,100000,1100000,Petrol,Karachi,Original,Imported,Automatic,20,4761.9047619047615
Honda,City Vario,2004,136000,1150000,Petrol,Sindh,Original,Imported,Automatic,22,5913.04347826087
Suzuki,Cultus VXR,2006,12315,875000,Petrol,Islamabad,Original,Local,Manual,20,586.4285714285714
Suzuki,Baleno,2004,150000,1150000,Petrol,Islamabad,Original,Local,Manual,22,6521.739130434783
Suzuki,Bolan,2009,30000,740000,Petrol,Khushab,Original,Imported,Manual,17,1666.6666666666667
Suzuki,Ravi,2006,99999,360000,CNG,Karachi,Original,Local,Manual,20,4761.857142857143
Daihatsu,Cuore,2006,105248,725000,Petrol,Lahore,Original,Imported,Automatic,20,5011.809523809524
Honda,Civic Prosmetic,2013,160000,3100000,Petrol,Lahore,Original,Imported,Automatic,13,11428.57142857143
Hyundai,Santro,2005,129000,825000,Petrol,Lahore,Original,Local,Manual,21,5863.636363636364
Chevrolet,Exclusive,2005,222222,565000,Petrol,Karachi,Original,Imported,Manual,21,10101.0
Mitsubishi,Ek Wagon,2006,100000,1500000,Petrol,Karachi,Original,Imported,Automatic,20,4761.9047619047615
Suzuki,Bolan,2013,55500,825000,Petrol,Karachi,Original,Local,Manual,13,3964.285714285714
Hyundai,Santro,2002,196500,640000,Petrol,Lahore,Original,Local,Manual,24,7860.0
Daihatsu,Mira,2017,94000,3000000,Petrol,Karachi,Original,Imported,Automatic,9,9400.0
Daihatsu,Hijet,2013,81500,1580000,Petrol,Karachi,Original,Imported,Automatic,13,5821.428571428572
Honda,City IVTEC,2012,180000,2600000,Petrol,Lahore,Original,Imported,Manual,14,12000.0
Suzuki,Bolan,2016,85000,950000,Petrol,Karachi,Original,Imported,Manual,10,7727.272727272727
Honda,City Aspire,2021,30000,4500000,Petrol,Karachi,Original,Local,Automatic,5,5000.0
Chevrolet,Joy,2006,137000,750000,Petrol,Lahore,Original,Imported,Manual,20,6523.809523809524
Honda,Civic Oriel,2001,123456,1200000,Petrol,Islamabad,Original,Local,Manual,25,4748.307692307692
Suzuki,Every,2016,195000,1650000,Petrol,Lahore,Original,Imported,Automatic,10,17727.272727272728
Suzuki,Swift,2022,14700,4750000,Petrol,Punjab,Original,Local,Automatic,4,2940.0
Daihatsu,Mira,2010,105000,1800000,Petrol,Lahore,Original,Imported,Automatic,16,6176.470588235294
Toyota,Corolla GLI,2014,258000,3600000,CNG,Islamabad,Original,Local,Manual,12,19846.153846153848
Suzuki,Ravi,2005,120000,520000,CNG,Lahore,Original,Local,Manual,21,5454.545454545455
Suzuki,Wagon R,2018,66000,2150000,Petrol,Lahore,Original,Imported,Manual,8,7333.333333333333
Toyota,Corolla XLI,2011,198600,2045000,Petrol,Multan,Original,Local,Manual,15,12412.5
Honda,Civic Oriel,2005,175000,1449000,Petrol,Lahore,Original,Local,Manual,21,7954.545454545455
Toyota,Corolla XLI,2008,100000,1750000,Petrol,Islamabad,Original,Local,Manual,18,5263.1578947368425
Suzuki,Bolan,2005,100000,1000000,Petrol,Lahore,Original,Local,Manual,21,4545.454545454545
Suzuki,Bolan,2010,17000,1000000,Petrol,Lahore,Original,Local,Manual,16,1000.0
Suzuki,Mehran VXR,2009,80000,580000,Petrol,Karachi,Original,Local,Manual,17,4444.444444444444
Toyota,Passo,2007,158000,1760000,Petrol,Karachi,Original,Imported,Automatic,19,7900.0
Honda,City IVTEC,2019,85000,3500000,Petrol,Lahore,Original,Local,Manual,7,10625.0
Daihatsu,Cuore,2011,12345,790000,Petrol,Karachi,Original,Local,Manual,15,771.5625
Honda,Civic Prosmetic,2015,105000,3600000,Petrol,Karachi,Original,Local,Automatic,11,8750.0
Suzuki,Bolan,2019,12345,1350000,CNG,Karachi,Original,Local,Manual,7,1543.125
Suzuki,Mehran VXR,2010,75000,908000,Petrol,Islamabad,Original,Local,Manual,16,4411.764705882353
Suzuki,Cultus VXR,2007,57000,850000,Petrol,Islamabad,Original,Local,Manual,19,2850.0
Toyota,Corrolla Altis,2009,100000,2850000,Petrol,Lahore,Original,Local,Automatic,17,5555.555555555556
Honda,City IVTEC,2011,150000,1900000,Petrol,Karachi,Original,Local,Manual,15,9375.0
Honda,City Vario,2007,130000,1820000,Petrol,Karachi,Original,Local,Automatic,19,6500.0
Suzuki,Bolan,2011,79000,795000,Petrol,Lahore,Original,Local,Manual,15,4937.5
Toyota,Corrolla Altis,2018,46500,4000000,Petrol,Karachi,Original,Local,Automatic,8,5166.666666666667
Daihatsu,Move,2018,51000,2800000,Petrol,Karachi,Original,Imported,Automatic,8,5666.666666666667
Daihatsu,Cuore,2000,123456,565000,Petrol,Karachi,Original,Local,Manual,26,4572.444444444444
Suzuki,Every,2009,136000,1550000,Petrol,Sargodha,Original,Imported,Automatic,17,7555.555555555556
Honda,Civic Prosmetic,2011,90000,2149000,Petrol,Sialkot,Original,Local,Automatic,15,5625.0
Honda,City IDSI,2006,175358,1745000,Petrol,Lahore,Original,Local,Manual,20,8350.380952380952
Daihatsu,Cuore,2006,123541,745000,Petrol,Karachi,Original,Imported,Manual,20,5882.9047619047615
Honda,Civic Prosmetic,2008,180000,2000000,Petrol,Sindh,Original,Local,Manual,18,9473.684210526315
Daihatsu,Hijet,2014,116000,1595000,Petrol,Karachi,Original,Imported,Automatic,12,8923.076923076924
Toyota,Corrolla Altis,2010,250000,2400000,Petrol,Lahore,Original,Local,Manual,16,14705.882352941177
Daihatsu,Mira,2016,82000,2425000,Petrol,Karachi,Original,Imported,Automatic,10,7454.545454545455
Toyota,Corolla GLI,2015,94000,3099999,Petrol,Sindh,Original,Local,Automatic,11,7833.333333333333
Toyota,Corolla GLI,2017,127200,3775000,Petrol,Lahore,Original,Local,Manual,9,12720.0
Daihatsu,Mira,2017,17000,3399000,Petrol,Karachi,Original,Imported,Automatic,9,1700.0
Honda,City Vario,2008,180000,2025000,Petrol,Islamabad,Original,Local,Automatic,18,9473.684210526315
Suzuki,Wagon R,2011,200000,1925000,Petrol,Lahore,Original,Imported,Automatic,15,12500.0
Suzuki,Bolan,2021,30000,1920000,Petrol,Islamabad,Original,Local,Manual,5,5000.0
Suzuki,Alto,2016,63000,2630000,Petrol,Islamabad,Original,Imported,Automatic,10,5727.272727272727
Suzuki,Bolan,2020,53000,1585000,Petrol,Lahore,Original,Local,Manual,6,7571.428571428572
Suzuki,Every,2013,72500,1750000,Petrol,Lahore,Original,Imported,Automatic,13,5178.571428571428
Hyundai,Santro,2006,96532,845000,Petrol,Lahore,Original,Local,Manual,20,4596.761904761905
Honda,City IDSI,2006,100000,1500000,Petrol,Faisalabad,Original,Local,Manual,20,4761.9047619047615
Honda,City Aspire,2017,75000,3000000,Petrol,Karachi,Original,Local,Manual,9,7500.0
Hyundai,Santro,2005,77000,950000,Petrol,Lahore,Original,Imported,Automatic,21,3500.0
Daihatsu,Move,2007,15000,1000000,Petrol,Karachi,Original,Imported,Manual,19,750.0
Suzuki,Wagon R,2021,38000,2850000,Petrol,Punjab,Original,Local,Manual,5,6333.333333333333
Suzuki,Wagon R,2021,38000,2800000,Petrol,Punjab,Original,Imported,Manual,5,6333.333333333333
Mitsubishi,Lancer,2004,35000,1320000,Petrol,Wah,Original,Imported,Manual,22,1521.7391304347825
Suzuki,Wagon R,2019,72800,1900000,Petrol,Lahore,Original,Local,Manual,7,9100.0
Mitsubishi,Ek Wagon,2008,156976,1700000,Petrol,Faisalabad,Original,Imported,Automatic,18,8261.894736842105
Daihatsu,Cuore,2005,100000,665000,Petrol,Karachi,Original,Local,Manual,21,4545.454545454545
Honda,City IVTEC,2018,42000,3670000,Petrol,Islamabad,Original,Local,Manual,8,4666.666666666667
Honda,City IVTEC,2016,120000,3300000,Petrol,Islamabad,Original,Local,Manual,10,10909.09090909091
Suzuki,Cultus VXR,2006,90000,650000,Petrol,Rahimyar Khan,Original,Local,Manual,20,4285.714285714285
Toyota,Passo,2013,95000,2450000,Petrol,Karachi,Original,Imported,Automatic,13,6785.714285714285
Honda,City Aspire,2015,100000,3600000,Petrol,Lahore,Original,Local,Automatic,11,8333.333333333334
Toyota,Corolla GLI,2015,146000,3200000,Petrol,Lahore,Original,Local,Manual,11,12166.666666666666
Honda,City Vario,2007,120000,1700000,Petrol,Karachi,Original,Local,Automatic,19,6000.0
Daihatsu,Mira,2021,1223,3600000,Petrol,Islamabad,Original,Local,Manual,5,203.83333333333334
Honda,City IDSI,2006,200000,1850000,Petrol,Islamabad,Original,Imported,Manual,20,9523.809523809523
Daihatsu,Mira,2020,32000,3490000,Petrol,Unregistered,Original,Imported,Automatic,6,4571.428571428572
Suzuki,Bolan,2014,100000,750000,Petrol,Karachi,Original,Local,Manual,12,7692.307692307692
Toyota,Altis Grande,2017,86000,4250000,Petrol,Karachi,Original,Imported,Automatic,9,8600.0
Suzuki,Wagon R,2017,90000,1780000,Petrol,Karachi,Original,Local,Manual,9,9000.0
Suzuki,Mehran VXR,2010,76000,720000,Petrol,Sindh,Original,Local,Manual,16,4470.588235294118
Toyota,Yaris,2021,27000,4445000,Petrol,Punjab,Original,Local,Automatic,5,4500.0
Toyota,Corolla XLI,2009,121000,1770000,Petrol,Karachi,Original,Local,Manual,17,6722.222222222223
Suzuki,Ravi,2018,49000,1400000,Petrol,Rawalpindi,Original,Local,Manual,8,5444.444444444444
Daihatsu,Hijet,2019,95230,1590000,Petrol,Lahore,Original,Imported,Automatic,7,11903.75
Mitsubishi,Lancer,2011,20000,1700000,Petrol,Karachi,Original,Local,Automatic,15,1250.0
Toyota,Altis Grande,2017,108000,4650000,Petrol,Islamabad,Original,Local,Automatic,9,10800.0
Suzuki,Alto,2011,130690,1075000,Petrol,Gujranwala,Original,Local,Manual,15,8168.125
Suzuki,Mehran VXR,2010,38900,800000,Petrol,Islamabad,Original,Local,Manual,16,2288.235294117647
Toyota,Corolla GLI,2019,64000,4230000,Petrol,Punjab,Original,Local,Manual,7,8000.0
KIA,Picanto,2021,14000,3025000,Petrol,Sindh,Original,Local,Automatic,5,2333.3333333333335
Suzuki,Wagon R,2014,95000,1780000,Petrol,Multan,Original,Local,Manual,12,7307.692307692308
Suzuki,Wagon R,2016,72000,2200000,Petrol,Lahore,Original,Local,Manual,10,6545.454545454545
Toyota,Passo,2008,98754,1890000,Petrol,Lahore,Original,Imported,Automatic,18,5197.578947368421
Suzuki,Mehran VXR,2016,104000,1200000,Petrol,Lahore,Original,Local,Manual,10,9454.545454545454
Changan,Karvaan,2021,19500,2350000,Petrol,Karachi,Original,Local,Manual,5,3250.0
Daihatsu,Cuore,2008,100000,840000,Petrol,Karachi,Original,Imported,Manual,18,5263.1578947368425
Daihatsu,Cuore,2010,80000,840000,Petrol,Karachi,Original,Local,Automatic,16,4705.882352941177
Suzuki,Alto,2005,165500,475000,Petrol,Karachi,Original,Local,Manual,21,7522.727272727273
Daihatsu,Terios Kid,2015,60000,2150000,Petrol,Lahore,Original,Imported,Automatic,11,5000.0
FAW,X-PV,2018,79000,839000,Petrol,Faisalabad,Original,Local,Manual,8,8777.777777777777
Honda,Civic Prosmetic,2005,110700,1480000,Petrol,Karachi,Original,Local,Automatic,21,5031.818181818182
Daihatsu,Mira,2015,222000,2670000,Petrol,Islamabad,Original,Imported,Automatic,11,18500.0
Toyota,Corrolla Altis,2015,111000,3995000,Petrol,Islamabad,Original,Local,Automatic,11,9250.0
Suzuki,Cultus VXR,2007,100000,825000,Petrol,Karachi,Original,Local,Manual,19,5000.0
Mercedes,E Class,2007,201747,4750000,Petrol,Islamabad,Original,Imported,Automatic,19,10087.35
Suzuki,Swift,2019,58000,2775000,Petrol,Karachi,Original,Local,Automatic,7,7250.0
Suzuki,Wagon R,2017,149430,1700000,Petrol,Lahore,Original,Local,Manual,9,14943.0
Daihatsu,Cuore,2007,123456,870000,Petrol,Lahore,Original,Local,Manual,19,6172.8
Changan,Alsvin,2021,62000,3700000,Petrol,Lahore,Original,Local,Automatic,5,10333.333333333334
Suzuki,Mehran VXR,2007,25000,495000,Petrol,Karachi,Original,Local,Manual,19,1250.0
Toyota,Corolla XLI,2010,190000,1900000,Petrol,Sindh,Original,Local,Manual,16,11176.470588235294
Toyota,Corolla GLI,2011,300000,2300000,Petrol,Karachi,Original,Local,Manual,15,18750.0
Changan,Karvaan,2022,5000,2795000,Petrol,Punjab,Original,Local,Manual,4,1000.0
Daihatsu,Cuore,2007,1234,850000,Petrol,Multan,Original,Imported,Manual,19,61.7
Daihatsu,Mira,2009,123456,1450000,Petrol,Lahore,Original,Imported,Manual,17,6858.666666666667
KIA,Classic,2001,225000,420000,Petrol,Lahore,Original,Local,Manual,25,8653.846153846154
Toyota,Passo,2017,80000,3350000,Petrol,Lahore,Original,Imported,Automatic,9,8000.0
Honda,City IVTEC,2021,43500,3800000,Petrol,Lahore,Original,Local,Automatic,5,7250.0
Daihatsu,Move,2020,41000,3550000,Petrol,Unregistered,Original,Imported,Automatic,6,5857.142857142857
Honda,City Vario,2005,210000,1695000,Petrol,Lahore,Original,Local,Automatic,21,9545.454545454546
Daihatsu,Cuore,2007,94000,1050000,Petrol,Islamabad,Original,Imported,Manual,19,4700.0
Suzuki,Bolan,2016,10000,1050000,Petrol,Rahimyar Khan,Original,Imported,Manual,10,909.0909090909091
Daihatsu,Cuore,2001,290000,580000,Petrol,Faisalabad,Original,Local,Manual,25,11153.846153846154
Honda,City IVTEC,2003,150000,900000,Petrol,Multan,Original,Local,Manual,23,6250.0
Toyota,Corolla GLI,2016,167000,3900000,Petrol,Lahore,Original,Local,Automatic,10,15181.818181818182
Honda,Civic Prosmetic,2002,12345,1290000,Petrol,Karachi,Original,Imported,Automatic,24,493.8
Honda,City IVTEC,2009,150000,2500000,Petrol,Lahore,Original,Imported,Automatic,17,8333.333333333334
Daihatsu,Cuore,2003,300000,575000,Petrol,Faisalabad,Original,Local,Manual,23,12500.0
Daihatsu,Hijet,2008,1000,1230000,Petrol,Karachi,Original,Imported,Automatic,18,52.63157894736842
Daihatsu,Cuore,2006,196700,460000,Petrol,Karachi,Duplicate,Local,Automatic,20,9366.666666666666
KIA,Sportage,2004,180000,1750000,Petrol,Lahore,Original,Local,Manual,22,7826.086956521739
Honda,Civic Prosmetic,2002,80000,880000,Petrol,Karachi,Original,Local,Manual,24,3200.0
Toyota,Corolla GLI,2002,150000,1500000,Petrol,Karachi,Original,Local,Automatic,24,6000.0
Honda,Civic Prosmetic,2010,144000,1900000,Petrol,Lahore,Original,Local,Automatic,16,8470.588235294117
Honda,Civic Prosmetic,2009,85000,2550000,Petrol,Lahore,Original,Imported,Automatic,17,4722.222222222223
Hyundai,Santro,2006,172000,1250000,Petrol,Lahore,Original,Imported,Manual,20,8190.476190476191
Suzuki,Ravi,2020,20000,1400000,Petrol,Karachi,Original,Local,Manual,6,2857.1428571428573
Daihatsu,Mira,2017,63000,2600000,Petrol,Punjab,Original,Imported,Automatic,9,6300.0
Hyundai,Santro,2005,195000,999999,Petrol,Lahore,Original,Local,Manual,21,8863.636363636364
Suzuki,Wagon R,2018,129000,2300000,Petrol,Punjab,Original,Local,Manual,8,14333.333333333334
Hyundai,Santro,2006,190000,1200000,Petrol,Lahore,Original,Imported,Manual,20,9047.619047619048
Suzuki,Bolan,2018,12628,1450000,Petrol,Lahore,Original,Local,Manual,8,1403.111111111111
Suzuki,Mehran VXR,2006,1000,650000,Petrol,Lahore,Original,Local,Manual,20,47.61904761904762
Toyota,Passo,2012,91000,2300000,Petrol,Karachi,Original,Imported,Automatic,14,6066.666666666667
Daihatsu,Cuore,2004,234567,520000,Petrol,Faisalabad,Original,Imported,Manual,22,10198.565217391304
Suzuki,Swift,2018,61000,2595000,Petrol,Punjab,Original,Local,Automatic,8,6777.777777777777
Toyota,Corolla GLI,2014,95000,2680000,Petrol,Karachi,Original,Local,Manual,12,7307.692307692308
Suzuki,Mehran VXR,2005,5555,439000,Petrol,Karachi,Original,Local,Manual,21,252.5
Honda,City IVTEC,2018,108000,3250000,Petrol,Islamabad,Original,Local,Manual,8,12000.0
Honda,Civic Prosmetic,2005,163000,1370000,Petrol,Sindh,Original,Local,Automatic,21,7409.090909090909
Toyota,Corolla XLI,2011,110325,1890000,Petrol,Sindh,Original,Imported,Manual,15,6895.3125
Honda,City IVTEC,2018,167000,3200000,Petrol,Lahore,Original,Local,Manual,8,18555.555555555555
Toyota,Corolla GLI,2015,120000,2860000,Petrol,Karachi,Original,Local,Manual,11,10000.0
Hyundai,Santro,2000,12345,345000,Petrol,Karachi,Original,Imported,Manual,26,457.22222222222223
Suzuki,Alto,2022,50000,2175000,Petrol,Karachi,Original,Local,Manual,4,10000.0
FAW,X-PV,2018,80700,1018000,Petrol,Lahore,Original,Imported,Manual,8,8966.666666666666
Suzuki,Cultus VXR,2012,72100,1325000,Petrol,Karachi,Original,Local,Manual,14,4806.666666666667
Suzuki,Wagon R,2021,40000,2475000,Petrol,Islamabad,Original,Local,Manual,5,6666.666666666667
Suzuki,Wagon R,2020,46000,2300000,Petrol,Karachi,Original,Local,Manual,6,6571.428571428572
Honda,City IVTEC,2019,56000,3875000,Petrol,Lahore,Original,Local,Manual,7,7000.0
Toyota,Passo,2011,160000,2480000,Petrol,Islamabad,Original,Imported,Automatic,15,10000.0
Toyota,Corolla GLI,2019,123123,3600000,Petrol,Lahore,Original,Local,Manual,7,15390.375
Suzuki,Cultus VXR,2006,102000,950000,Petrol,Lahore,Original,Local,Manual,20,4857.142857142857
Honda,Civic Prosmetic,2014,110000,3650000,Petrol,Lahore,Original,Local,Automatic,12,8461.538461538461
Suzuki,Mehran VXR,2010,100000,615000,CNG,Karachi,Original,Local,Manual,16,5882.35294117647
Toyota,Corrolla Altis,2019,56000,4850000,Petrol,Karachi,Original,Local,Automatic,7,7000.0
Suzuki,Alto,2011,98000,1235000,Petrol,Lahore,Original,Local,Manual,15,6125.0
Toyota,Corolla GLI,2017,70000,4350000,Petrol,Islamabad,Original,Local,Automatic,9,7000.0
Suzuki,Bolan,2015,80000,850000,Petrol,Lahore,Original,Local,Manual,11,6666.666666666667
Suzuki,Alto,2022,22000,2350000,Petrol,Islamabad,Original,Local,Manual,4,4400.0
Daihatsu,Move,2016,100000,2550000,Petrol,Lahore,Original,Imported,Automatic,10,9090.90909090909
Daihatsu,Hijet,2015,80000,1975000,Petrol,Karachi,Original,Imported,Automatic,11,6666.666666666667
Daihatsu,Cuore,2011,135000,1250000,CNG,Lahore,Original,Local,Manual,15,8437.5
Toyota,Corolla GLI,2018,19500,4500000,Petrol,Karachi,Original,Local,Automatic,8,2166.6666666666665
Honda,City Aspire,2013,147000,2650000,Petrol,Karachi,Original,Local,Automatic,13,10500.0
Suzuki,Wagon R,2018,68000,2250000,Petrol,Lahore,Original,Local,Manual,8,7555.555555555556
Suzuki,Alto,2019,35500,2195000,Petrol,Lahore,Original,Local,Manual,7,4437.5
Hyundai,Santro,2004,16838,1020000,Petrol,Lahore,Original,Local,Manual,22,732.0869565217391
Suzuki,Bolan,2021,36000,1820000,Petrol,Islamabad,Original,Imported,Manual,5,6000.0
Honda,City Aspire,2014,128000,2800000,Petrol,Karachi,Original,Local,Automatic,12,9846.153846153846
Suzuki,Alto,2020,66000,2350000,Petrol,Islamabad,Original,Local,Manual,6,9428.57142857143
Toyota,Corolla GLI,2017,52721,4225000,Petrol,Lahore,Original,Local,Automatic,9,5272.1
Hyundai,Santro,2003,100000,780000,Petrol,Lahore,Original,Local,Manual,23,4166.666666666667
Suzuki,Wagon R,2016,98000,2025000,Petrol,Karachi,Original,Local,Manual,10,8909.09090909091
Honda,City IDSI,2008,184567,2160000,Petrol,Islamabad,Original,Local,Manual,18,9714.052631578947
Toyota,Corolla GLI,2015,70000,4150000,Petrol,Islamabad,Original,Local,Automatic,11,5833.333333333333
Suzuki,Swift,2010,235000,1830000,Petrol,Multan,Original,Local,Manual,16,13823.529411764706
Hyundai,Santro,2006,100000,915000,Petrol,Lahore,Original,Imported,Manual,20,4761.9047619047615
Mercedes,C Class,2008,148000,4100000,Petrol,Lahore,Original,Imported,Automatic,18,7789.473684210527
Toyota,Corolla GLI,2016,69000,3150000,Petrol,Karachi,Original,Local,Manual,10,6272.727272727273
Suzuki,Mehran VXR,2008,11111,575000,Petrol,Faisalabad,Original,Local,Manual,18,584.7894736842105
Honda,City Vario,2005,200000,1800000,Petrol,Lahore,Original,Local,Automatic,21,9090.90909090909
Suzuki,Alto,2022,18000,2520000,Petrol,Punjab,Original,Local,Manual,4,3600.0
Daihatsu,Move,2014,100300,2680000,Petrol,Islamabad,Original,Imported,Automatic,12,7715.384615384615
KIA,Picanto,2021,38000,2950000,Petrol,Islamabad,Original,Local,Automatic,5,6333.333333333333
Daihatsu,Cuore,2010,65000,950000,Petrol,Karachi,Original,Imported,Automatic,16,3823.529411764706
Daihatsu,Move,2014,82000,1920000,Petrol,Karachi,Original,Imported,Automatic,12,6307.692307692308
Suzuki,Mehran VXR,2008,100000,640000,Petrol,Karachi,Original,Local,Manual,18,5263.1578947368425
Suzuki,Mehran VXR,2005,15000,650000,Petrol,Lahore,Original,Imported,Manual,21,681.8181818181819
Toyota,Corolla XLI,2012,190000,2190000,Petrol,Lahore,Original,Imported,Manual,14,12666.666666666666
Daihatsu,Move,2013,98000,2300000,Petrol,Lahore,Original,Imported,Automatic,13,7000.0
Daihatsu,Cuore,2009,123456,650000,Petrol,Karachi,Original,Imported,Manual,17,6858.666666666667
Daihatsu,Mira,2017,28000,2950000,Petrol,Sindh,Original,Imported,Automatic,9,2800.0
Suzuki,Bolan,2017,67432,1165000,Petrol,Lahore,Original,Local,Manual,9,6743.2
Suzuki,Cultus VXR,2005,85000,700000,Petrol,Sialkot,Original,Local,Manual,21,3863.6363636363635
Daihatsu,Mira,2020,40000,3450000,Petrol,Unregistered,Original,Imported,Automatic,6,5714.285714285715
Suzuki,Mehran VXR,2008,80000,725000,Petrol,Lahore,Original,Local,Manual,18,4210.526315789473
Mitsubishi,Lancer,2006,182000,1365000,Petrol,Sindh,Original,Imported,Manual,20,8666.666666666666
Suzuki,Cultus VXR,2018,83000,2050000,Petrol,Lahore,Original,Local,Manual,8,9222.222222222223
Suzuki,Mehran VXR,2012,126580,670000,Petrol,Punjab,Original,Local,Manual,14,8438.666666666666
FAW,V2,2018,82000,1590000,Petrol,Islamabad,Original,Local,Manual,8,9111.111111111111
Honda,Civic Prosmetic,2016,89957,4450000,Petrol,Lahore,Original,Local,Automatic,10,8177.909090909091
Honda,Civic Prosmetic,2013,112000,3500000,Petrol,Lahore,Original,Local,Automatic,13,8000.0
Hyundai,Santro,2007,223032,1250000,Petrol,Lahore,Original,Local,Manual,19,11151.6
Honda,City IDSI,2005,140000,1365000,Petrol,Lahore,Original,Local,Manual,21,6363.636363636364
Honda,Civic Oriel,2012,123456,2400000,Petrol,Karachi,Original,Local,Automatic,14,8230.4
Daihatsu,Mira,2018,80000,3075000,Petrol,Karachi,Original,Imported,Automatic,8,8888.888888888889
KIA,Picanto,2022,11000,3300000,Petrol,Islamabad,Original,Local,Automatic,4,2200.0
Honda,City Vario,2001,210050,1050000,Petrol,Karachi,Original,Local,Manual,25,8078.846153846154
Daihatsu,Cuore,2008,90000,960000,Petrol,Islamabad,Original,Local,Manual,18,4736.8421052631575
Suzuki,Mehran VXR,2018,31000,1590000,Petrol,Lahore,Original,Local,Manual,8,3444.4444444444443
Suzuki,Bolan,2021,4800,1830000,Petrol,Lahore,Original,Local,Manual,5,800.0
Honda,City IVTEC,2020,37000,4800000,Petrol,Lahore,Original,Local,Automatic,6,5285.714285714285
Honda,City IVTEC,2014,155000,3050000,Petrol,Lahore,Original,Local,Automatic,12,11923.076923076924
Suzuki,Swift,2014,145000,2100000,Petrol,Lahore,Original,Imported,Manual,12,11153.846153846154
Honda,City IVTEC,2018,60000,3595000,Petrol,Karachi,Original,Local,Automatic,8,6666.666666666667
Suzuki,Alto,2008,100000,950000,Petrol,Rawalpindi,Original,Imported,Manual,18,5263.1578947368425
Toyota,Passo,2013,150000,2600000,Petrol,Karachi,Original,Imported,Automatic,13,10714.285714285714
Honda,City IDSI,2003,12345,850000,Petrol,Gujranwala,Original,Local,Manual,23,514.375
Honda,Civic Oriel,2017,90000,5000000,Petrol,Lahore,Original,Imported,Automatic,9,9000.0
Honda,Civic Prosmetic,2005,123456,1650000,Petrol,Lahore,Original,Local,Automatic,21,5611.636363636364
Toyota,Corolla XLI,2009,223000,2200000,Petrol,Lahore,Original,Local,Manual,17,12388.888888888889
Hyundai,Santro,2007,92354,1055000,Petrol,Lahore,Original,Local,Manual,19,4617.7
Changan,Alsvin,2021,19220,4250000,Petrol,Lahore,Original,Local,Automatic,5,3203.3333333333335
Hyundai,Santro,2005,12345,955000,Petrol,Islamabad,Original,Imported,Manual,21,561.1363636363636
Honda,City IVTEC,2017,69000,3150000,Petrol,Karachi,Original,Local,Manual,9,6900.0
Daihatsu,Mira,2014,97000,2065000,Petrol,Karachi,Original,Local,Automatic,12,7461.538461538462
Suzuki,Wagon R,2018,68000,1960000,Petrol,Lahore,Original,Local,Manual,8,7555.555555555556
Suzuki,Mehran VXR,2015,93000,1150000,Petrol,Islamabad,Original,Local,Manual,11,7750.0
Daihatsu,Mira,2012,170000,1900000,Petrol,Lahore,Original,Imported,Automatic,14,11333.333333333334
Honda,Civic Prosmetic,2011,150000,2150000,Petrol,Sindh,Original,Local,Automatic,15,9375.0
Daihatsu,Hijet,2013,150000,1400000,Petrol,Lahore,Original,Imported,Automatic,13,10714.285714285714
Suzuki,Mehran VXR,2015,61800,1250000,Petrol,Lahore,Original,Local,Manual,11,5150.0
Hyundai,Santro,2004,1000,799000,Petrol,Karachi,Original,Imported,Manual,22,43.47826086956522
Toyota,Corolla GLI,2018,52000,4200000,Petrol,Lahore,Original,Local,Manual,8,5777.777777777777
Suzuki,Bolan,2022,1495,1850000,Petrol,Islamabad,Original,Local,Manual,4,299.0
Toyota,Corolla GLI,2010,170000,2300000,Petrol,Karachi,Original,Local,Manual,16,10000.0
Toyota,Altis Grande,2015,95000,3750000,Petrol,Karachi,Original,Local,Automatic,11,7916.666666666667
Suzuki,Swift,2012,96000,1550000,Petrol,Karachi,Original,Imported,Manual,14,6400.0
Honda,Civic Prosmetic,2013,114000,2850000,Petrol,Lahore,Original,Local,Automatic,13,8142.857142857143
Suzuki,Wagon R,2015,91000,1500000,Petrol,Karachi,Original,Local,Manual,11,7583.333333333333
Honda,City IVTEC,2010,137000,2220000,Petrol,Lahore,Original,Local,Manual,16,8058.823529411765
Suzuki,Wagon R,2018,83000,2200000,Petrol,Lahore,Original,Local,Manual,8,9222.222222222223
Daihatsu,Cuore,2011,100000,850000,Petrol,Karachi,Original,Local,Manual,15,6250.0
Suzuki,Every,2021,175000,2300000,Petrol,Sindh,Original,Imported,Automatic,5,29166.666666666668
Toyota,Corolla XLI,2013,252000,2550000,Petrol,Lahore,Original,Imported,Manual,13,18000.0
Suzuki,Alto,2009,125000,715000,Petrol,Karachi,Original,Local,Manual,17,6944.444444444444
Honda,City IVTEC,2021,19800,4175000,Petrol,Karachi,Original,Local,Automatic,5,3300.0
Honda,City IVTEC,2018,74000,3025000,Petrol,Karachi,Original,Local,Manual,8,8222.222222222223
Toyota,Altis Grande,2015,75000,4500000,Petrol,Lahore,Original,Local,Automatic,11,6250.0
Toyota,Altis Grande,2018,99850,5000000,Petrol,Lahore,Original,Local,Automatic,8,11094.444444444445
Honda,Civic Oriel,2012,6500,1800000,Petrol,Lahore,Original,Imported,Automatic,14,433.3333333333333
Daihatsu,Move,2011,56000,1750000,Petrol,Lahore,Original,Imported,Automatic,15,3500.0
Suzuki,Mehran VXR,2019,26000,1350000,Petrol,Karachi,Original,Local,Manual,7,3250.0
Daihatsu,Cuore,2007,59000,1050000,Petrol,Multan,Original,Imported,Manual,19,2950.0
Suzuki,Mehran VXR,2017,44000,1520000,Petrol,Lahore,Original,Local,Manual,9,4400.0
Daihatsu,Move,2014,96000,2200000,Petrol,Multan,Original,Imported,Automatic,12,7384.615384615385
Mitsubishi,Ek Wagon,2017,69000,2350000,Petrol,Lahore,Original,Imported,Automatic,9,6900.0
Suzuki,Every,2006,100000,1300000,Petrol,Sindh,Original,Local,Automatic,20,4761.9047619047615
Honda,City IDSI,2005,110750,1535000,Petrol,Karachi,Original,Local,Automatic,21,5034.090909090909
Toyota,Corolla GLI,2020,35000,5000000,Petrol,Multan,Original,Local,Automatic,6,5000.0
Honda,Civic Prosmetic,2004,8500,1250000,Petrol,Karachi,Original,Imported,Automatic,22,369.5652173913044
Toyota,Passo,2014,55000,2640000,Petrol,Karachi,Original,Imported,Automatic,12,4230.7692307692305
Suzuki,Alto,2015,96000,2700000,Petrol,Islamabad,Original,Imported,Automatic,11,8000.0
Honda,City Vario,2008,90000,1780000,Petrol,Karachi,Original,Imported,Automatic,18,4736.8421052631575
Honda,City Aspire,2015,136168,3400000,Petrol,Lahore,Original,Local,Automatic,11,11347.333333333334
Suzuki,Baleno,2005,500000,950000,Petrol,Islamabad,Original,Local,Manual,21,22727.272727272728
Daihatsu,Mira,2013,110000,2000000,Petrol,Islamabad,Original,Imported,Automatic,13,7857.142857142857
FAW,X-PV,2016,212000,825000,Petrol,Islamabad,Original,Local,Manual,10,19272.727272727272
Honda,City Vario,2004,140000,1700000,Petrol,Lahore,Original,Local,Automatic,22,6086.95652173913
Changan,Alsvin,2022,29000,3650000,Petrol,Islamabad,Original,Imported,Automatic,4,5800.0
Suzuki,Wagon R,2018,110000,1850000,Petrol,Lahore,Original,Local,Manual,8,12222.222222222223
Daihatsu,Cuore,2009,76000,1325000,Petrol,Islamabad,Original,Imported,Manual,17,4222.222222222223
Honda,Civic Prosmetic,2003,205700,1550000,Petrol,Faisalabad,Original,Local,Automatic,23,8570.833333333334
Suzuki,Wagon R,2016,80000,2200000,Petrol,Lahore,Original,Local,Manual,10,7272.727272727273
Daihatsu,Mira,2015,89000,2230000,Petrol,Islamabad,Original,Imported,Automatic,11,7416.666666666667
KIA,Picanto,2021,40000,2600000,Petrol,Punjab,Original,Imported,Manual,5,6666.666666666667
Chevrolet,Exclusive,2005,50000,450000,Petrol,Karachi,Original,Imported,Manual,21,2272.7272727272725
Honda,City IVTEC,2020,70000,3700000,Petrol,Lahore,Original,Local,Manual,6,10000.0
Suzuki,Cultus VXR,2005,95259,850000,Petrol,Lahore,Original,Local,Manual,21,4329.954545454545
Suzuki,Every,2013,81000,1625000,Petrol,Karachi,Original,Imported,Automatic,13,5785.714285714285
Daihatsu,Cuore,2006,123456,650000,Petrol,Sindh,Original,Imported,Manual,20,5878.857142857143
Honda,City Aspire,2013,90000,2625000,Petrol,Lahore,Original,Local,Manual,13,6428.571428571428
Honda,City Aspire,2000,95842,855000,Petrol,Lahore,Original,Imported,Manual,26,3549.703703703704
Suzuki,Cultus VXR,2013,80000,1350000,Petrol,Karachi,Original,Imported,Manual,13,5714.285714285715
Honda,City IVTEC,2015,70000,2750000,Petrol,Karachi,Original,Local,Manual,11,5833.333333333333
Daihatsu,Mira,2015,197000,2200000,Petrol,Karachi,Original,Imported,Automatic,11,16416.666666666668
Toyota,Corolla GLI,2011,186078,2000000,Petrol,Karachi,Original,Local,Manual,15,11629.875
Hyundai,Santro,2001,50000,695000,Petrol,Islamabad,Original,Local,Manual,25,1923.076923076923
KIA,Picanto,2022,5000,3200000,Petrol,Karachi,Original,Local,Automatic,4,1000.0
Honda,City IDSI,2002,12345,760000,CNG,Karachi,Original,Local,Manual,24,493.8
Suzuki,Cultus VXR,2020,37000,2700000,Petrol,Karachi,Original,Local,Manual,6,5285.714285714285
Suzuki,Alto,2020,53650,2450000,Petrol,Islamabad,Original,Local,Manual,6,7664.285714285715
Suzuki,Bolan,2015,12000,850000,Petrol,Sialkot,Original,Local,Automatic,11,1000.0
Suzuki,Mehran VXR,2019,45000,1450000,Petrol,Punjab,Original,Local,Manual,7,5625.0
Suzuki,Wagon R,2019,108000,2450000,Petrol,Lahore,Original,Local,Manual,7,13500.0
Suzuki,Swift,2018,102700,2450000,Petrol,Lahore,Original,Local,Manual,8,11411.111111111111
Honda,City Aspire,2013,101000,2750000,Petrol,Lahore,Original,Local,Manual,13,7214.285714285715
Honda,City IVTEC,2002,150000,870000,Petrol,Lahore,Original,Local,Manual,24,6000.0
Toyota,Passo,2007,152000,1850000,Petrol,Islamabad,Original,Imported,Automatic,19,7600.0
Suzuki,Khyber,1989,142536,185000,Petrol,Karachi,Original,Local,Manual,37,3750.9473684210525
Honda,City IVTEC,2014,100000,3150000,Petrol,Islamabad,Original,Imported,Manual,12,7692.307692307692
Suzuki,Cultus VXR,2006,100000,690000,CNG,Karachi,Original,Local,Manual,20,4761.9047619047615
Toyota,Altis Grande,2016,64429,4780000,Petrol,Lahore,Original,Local,Automatic,10,5857.181818181818
Daihatsu,Hijet,2017,88000,1450000,Petrol,Lahore,Original,Imported,Automatic,9,8800.0
Honda,City IDSI,2007,12345,1575000,Petrol,Karachi,Original,Local,Manual,19,617.25
Suzuki,Cultus VXR,2016,66000,1480000,Petrol,Karachi,Original,Local,Manual,10,6000.0
Honda,City Aspire,2009,90000,2550000,Petrol,Islamabad,Original,Local,Automatic,17,5000.0
Suzuki,Alto,2020,45000,2085000,Petrol,Karachi,Original,Local,Manual,6,6428.571428571428
Suzuki,Mehran VXR,2003,5555,400000,CNG,Lahore,Original,Local,Manual,23,231.45833333333334
Honda,City IVTEC,2017,72000,3100000,Petrol,Lahore,Original,Local,Manual,9,7200.0
Suzuki,Bolan,2014,42000,990000,Petrol,Lahore,Original,Local,Manual,12,3230.769230769231
Toyota,Passo,2007,92000,1720000,Petrol,Karachi,Original,Imported,Automatic,19,4600.0
Honda,Civic Oriel,2005,6000,1380000,Petrol,Islamabad,Original,Imported,Manual,21,272.72727272727275
Suzuki,Swift,2019,150000,2550000,Petrol,Lahore,Original,Local,Manual,7,18750.0
Suzuki,Mehran VXR,2007,45000,625000,Petrol,Faisalabad,Original,Local,Manual,19,2250.0
Toyota,Corrolla Altis,2019,60000,4800000,Petrol,Islamabad,Original,Local,Automatic,7,7500.0
Honda,City IVTEC,2019,55000,3800000,Petrol,Multan,Original,Local,Manual,7,6875.0
Toyota,Corolla GLI,2017,150000,3800000,Petrol,Gujrat,Original,Local,Manual,9,15000.0
Toyota,Corolla GLI,2015,120230,3850000,Petrol,Islamabad,Original,Local,Manual,11,10019.166666666666
Suzuki,Swift,2017,125000,2350000,Petrol,Faisalabad,Original,Local,Manual,9,12500.0
Mitsubishi,Lancer,2007,150000,1350000,Petrol,Karachi,Original,Local,Automatic,19,7500.0
Toyota,Yaris,2021,12000,4600000,Petrol,Islamabad,Original,Local,Automatic,5,2000.0
Chevrolet,Exclusive,2004,25100,450000,Petrol,Karachi,Original,Imported,Manual,22,1091.304347826087
Honda,Civic Oriel,2018,96000,4900000,Petrol,Lahore,Original,Imported,Automatic,8,10666.666666666666
Honda,City IDSI,2006,148000,1550000,Petrol,Karachi,Original,Local,Manual,20,7047.619047619048
Toyota,Corolla XLI,2007,300000,1680000,Petrol,Islamabad,Original,Imported,Manual,19,15000.0
Daihatsu,Cuore,2001,12123,540000,Petrol,Karachi,Original,Local,Manual,25,466.2692307692308
Suzuki,Cultus VXR,2018,63000,2600000,Petrol,Lahore,Original,Local,Manual,8,7000.0
Honda,Civic Oriel,2018,72500,4900000,Petrol,Karachi,Original,Local,Automatic,8,8055.555555555556
Honda,Civic Oriel,2006,123456,1420000,Petrol,Multan,Original,Local,Manual,20,5878.857142857143
Suzuki,Alto,2005,225533,370000,CNG,Karachi,Duplicate,Local,Manual,21,10251.5
Suzuki,Mehran VXR,2014,100000,925000,Petrol,Faisalabad,Original,Imported,Manual,12,7692.307692307692
Suzuki,Alto,2023,7000,2950000,Petrol,Punjab,Original,Local,Automatic,3,1750.0
FAW,X-PV,2019,12000,1100000,Petrol,Islamabad,Original,Imported,Manual,7,1500.0
Suzuki,Swift,2017,80000,2450000,Petrol,Lahore,Original,Local,Manual,9,8000.0
Suzuki,Swift,2019,90000,2650000,Petrol,Karachi,Original,Local,Manual,7,11250.0
Suzuki,Wagon R,2016,122000,1820000,Petrol,Lahore,Original,Local,Manual,10,11090.90909090909
Toyota,Corolla GLI,2015,230000,3500000,Petrol,Islamabad,Original,Imported,Manual,11,19166.666666666668
Daihatsu,Cuore,2004,150000,820000,Petrol,Lahore,Original,Imported,Manual,22,6521.739130434783
Hyundai,Santro,2005,130000,1000000,Petrol,Lahore,Original,Local,Manual,21,5909.090909090909
Honda,City IVTEC,2021,66000,3850000,Petrol,Islamabad,Original,Local,Manual,5,11000.0
Hyundai,Santro,2006,168000,830000,Petrol,Lahore,Original,Imported,Manual,20,8000.0
Mitsubishi,Ek Wagon,2017,72000,2150000,Petrol,Lahore,Original,Imported,Automatic,9,7200.0
Daihatsu,Cuore,2001,10000,565000,Petrol,Karachi,Original,Local,Manual,25,384.61538461538464
Suzuki,Alto,2020,53000,2285000,Petrol,Islamabad,Original,Local,Manual,6,7571.428571428572
Changan,Karvaan,2021,45000,2150000,Petrol,Punjab,Original,Imported,Manual,5,7500.0
Suzuki,Wagon R,2019,65000,2290000,Petrol,Lahore,Original,Local,Manual,7,8125.0
Toyota,Corolla GLI,2018,109000,4300000,Petrol,Sindh,Original,Local,Automatic,8,12111.111111111111
Suzuki,Baleno,2005,182861,925000,Petrol,Lahore,Original,Local,Manual,21,8311.863636363636
Suzuki,Ravi,2019,46000,1350000,Petrol,Lahore,Original,Local,Manual,7,5750.0
KIA,Spectra,2003,99999,350000,Petrol,Karachi,Original,Imported,Manual,23,4166.625
Suzuki,Ravi,2020,29817,1260000,Petrol,Sindh,Original,Local,Manual,6,4259.571428571428
Daihatsu,Mira,2014,92000,2150000,Petrol,Karachi,Original,Imported,Automatic,12,7076.923076923077
Suzuki,Bolan,2008,74000,595000,Petrol,Lahore,Original,Local,Manual,18,3894.7368421052633
Daihatsu,Cuore,2003,65000,700000,Petrol,Islamabad,Original,Imported,Manual,23,2708.3333333333335
Daihatsu,Cuore,2010,200000,1100000,Petrol,Karachi,Original,Imported,Manual,16,11764.70588235294
Suzuki,Swift,2015,150000,2300000,Petrol,Islamabad,Original,Imported,Manual,11,12500.0
Honda,City IVTEC,2018,90000,3450000,Petrol,Islamabad,Original,Local,Manual,8,10000.0
Suzuki,Wagon R,2015,98000,2250000,Petrol,Karachi,Original,Imported,Automatic,11,8166.666666666667
Daihatsu,Mira,2012,147000,2050000,Petrol,Karachi,Original,Imported,Automatic,14,9800.0
Suzuki,Cultus VXR,2013,85000,1280000,Petrol,Lahore,Original,Local,Manual,13,6071.428571428572
Mitsubishi,Ek Wagon,2014,96000,2150000,Petrol,Karachi,Original,Imported,Automatic,12,7384.615384615385
Hyundai,Santro,2006,155000,1280000,Petrol,Lahore,Original,Imported,Manual,20,7380.952380952381
Suzuki,Alto,2007,118000,875000,Petrol,Karachi,Original,Local,Manual,19,5900.0
Honda,Civic Prosmetic,2015,86000,3200000,Petrol,Karachi,Original,Local,Automatic,11,7166.666666666667
Mitsubishi,Lancer,2004,10000,1250000,CNG,Gujranwala,Original,Imported,Manual,22,434.7826086956522
Suzuki,Swift,2016,55000,4650000,Petrol,Lahore,Original,Imported,Automatic,10,5000.0
Hyundai,Santro,2005,12345,900000,Petrol,Karachi,Original,Local,Manual,21,561.1363636363636
Suzuki,Wagon R,2012,120000,2100000,Petrol,Lahore,Original,Imported,Automatic,14,8000.0
Hyundai,Santro,2007,11111,1100000,Petrol,Sindh,Original,Imported,Manual,19,555.55
Mitsubishi,Lancer,2005,100000,1300000,Petrol,Lahore,Original,Local,Manual,21,4545.454545454545
Suzuki,Mehran VXR,2016,65000,1100000,Petrol,Lahore,Original,Local,Manual,10,5909.090909090909
Daihatsu,Cuore,2006,95000,660000,Petrol,Lahore,Original,Imported,Manual,20,4523.809523809524
Toyota,Altis Grande,2017,47000,4600000,Petrol,Karachi,Original,Local,Automatic,9,4700.0
Toyota,Corrolla Altis,2018,84680,3850000,Petrol,Karachi,Original,Local,Automatic,8,9408.888888888889
Honda,Civic Prosmetic,2003,189000,1400000,Petrol,Multan,Original,Imported,Automatic,23,7875.0
Suzuki,Baleno,2004,100000,680000,Petrol,Karachi,Original,Local,Manual,22,4347.826086956522
Toyota,Yaris,2021,33000,4550000,Petrol,Islamabad,Original,Local,Automatic,5,5500.0
Suzuki,Baleno,2005,183350,1150000,Petrol,Lahore,Original,Local,Manual,21,8334.09090909091
Hyundai,Santro,2004,111942,975000,Petrol,Sindh,Original,Local,Manual,22,4867.04347826087
Daihatsu,Move,2015,78200,2530000,Petrol,Islamabad,Original,Imported,Automatic,11,6516.666666666667
KIA,Classic,2005,185000,780000,Petrol,Faisalabad,Original,Local,Manual,21,8409.09090909091
Honda,City Aspire,2018,75000,3530000,Petrol,Lahore,Original,Local,Automatic,8,8333.333333333334
Suzuki,Wagon R,2021,34000,2950000,Petrol,Punjab,Original,Local,Automatic,5,5666.666666666667
Suzuki,Every,2012,256000,1800000,Petrol,Islamabad,Original,Imported,Automatic,14,17066.666666666668
FAW,X-PV,2018,88000,1200000,Petrol,Lahore,Original,Local,Manual,8,9777.777777777777
Toyota,Corolla GLI,2014,133000,2995000,Petrol,Lahore,Original,Local,Automatic,12,10230.76923076923
Daihatsu,Cuore,2008,100000,500000,Petrol,Karachi,Duplicate,Local,Manual,18,5263.1578947368425
Toyota,Corolla GLI,2019,97000,4950000,Petrol,Lahore,Original,Local,Automatic,7,12125.0
Toyota,Corolla GLI,2017,97000,3875000,Petrol,Karachi,Original,Imported,Automatic,9,9700.0
Suzuki,Wagon R,2015,63000,1690000,Petrol,Karachi,Original,Local,Manual,11,5250.0
Suzuki,Mehran VXR,2003,44000,550000,Petrol,Faisalabad,Original,Local,Manual,23,1833.3333333333333
Honda,Civic Oriel,2011,125000,2600000,Petrol,Lahore,Original,Imported,Manual,15,7812.5
Suzuki,Alto,2007,111300,680000,Petrol,Karachi,Original,Local,Manual,19,5565.0
Suzuki,Alto,2010,151000,865000,Petrol,Karachi,Original,Local,Manual,16,8882.35294117647
Toyota,Corolla XLI,2016,175000,3300000,Petrol,Lahore,Original,Imported,Manual,10,15909.09090909091
Suzuki,Swift,2017,76500,1985000,Petrol,Karachi,Original,Local,Manual,9,7650.0
Suzuki,Alto,2006,104000,745000,Petrol,Karachi,Original,Local,Manual,20,4952.380952380952
Suzuki,Cultus VXR,2002,100000,625000,Petrol,Faisalabad,Original,Local,Manual,24,4000.0
Daihatsu,Mira,2020,22070,3495000,Petrol,Unregistered,Original,Imported,Automatic,6,3152.8571428571427
Suzuki,Bolan,2006,101010,555000,Petrol,Karachi,Original,Local,Manual,20,4810.0
Mitsubishi,Ek Wagon,2013,125000,1880000,Petrol,Lahore,Original,Imported,Automatic,13,8928.57142857143
Suzuki,Bolan,2018,20000,1050000,Petrol,Lahore,Original,Imported,Manual,8,2222.222222222222
Daihatsu,Mira,2014,100000,2080000,Petrol,Karachi,Original,Imported,Automatic,12,7692.307692307692
Suzuki,Every,2010,205700,1350000,Petrol,Karachi,Original,Imported,Automatic,16,12100.0
Toyota,Yaris,2020,90000,4500000,Petrol,Islamabad,Original,Local,Automatic,6,12857.142857142857
KIA,Spectra,2001,236530,650000,Petrol,Lahore,Original,Local,Automatic,25,9097.307692307691
FAW,X-PV,2015,100000,820000,Petrol,Lahore,Original,Imported,Manual,11,8333.333333333334
Toyota,Corolla XLI,2020,174000,3800000,Petrol,Punjab,Original,Imported,Manual,6,24857.14285714286
Toyota,Corolla XLI,2005,100000,800000,Petrol,Peshawar,Original,Imported,Manual,21,4545.454545454545
Toyota,Corolla GLI,2018,56500,4150000,Petrol,Lahore,Original,Local,Manual,8,6277.777777777777
Honda,City IVTEC,2018,73000,3600000,Petrol,Hyderabad,Original,Local,Manual,8,8111.111111111111
Chevrolet,Joy,2007,115000,770000,Petrol,Lahore,Original,Imported,Manual,19,5750.0
Suzuki,Swift,2016,158000,2200000,Petrol,Lahore,Original,Local,Manual,10,14363.636363636364
Hyundai,Santro,2004,131381,795000,Petrol,Karachi,Original,Imported,Manual,22,5712.217391304348
Daihatsu,Cuore,2003,111111,620000,Petrol,Faisalabad,Original,Imported,Manual,23,4629.625
Suzuki,Wagon R,2017,70000,1790000,Petrol,Lahore,Original,Local,Manual,9,7000.0
Toyota,Altis Grande,2014,118000,3850000,Petrol,Lahore,Original,Local,Automatic,12,9076.923076923076
Honda,City IDSI,2004,194556,1450000,Petrol,Lahore,Original,Local,Manual,22,8458.95652173913
Honda,City IVTEC,2017,83000,3450000,Petrol,Lahore,Original,Local,Automatic,9,8300.0
Suzuki,Bolan,2013,123456,835000,Petrol,Lahore,Original,Local,Manual,13,8818.285714285714
Toyota,Yaris,2021,38000,4150000,Petrol,Lahore,Original,Local,Automatic,5,6333.333333333333
Suzuki,Alto,2022,40400,2750000,Petrol,Islamabad,Original,Local,Automatic,4,8080.0
Suzuki,Mehran VXR,2018,90000,1390000,Petrol,Lahore,Original,Local,Manual,8,10000.0
Daihatsu,Terios Kid,2001,58000,1480000,Petrol,Karachi,Original,Imported,Automatic,25,2230.769230769231
Toyota,Altis Grande,2018,97600,4900000,Petrol,Karachi,Original,Local,Automatic,8,10844.444444444445
Suzuki,Mehran VXR,2016,55000,830000,Petrol,Karachi,Original,Local,Manual,10,5000.0
Hyundai,Santro,2001,100100,550000,Petrol,Karachi,Original,Local,Manual,25,3850.0
Mitsubishi,Lancer,2005,180000,1330000,Petrol,Karachi,Original,Imported,Automatic,21,8181.818181818182
Suzuki,Swift,2015,82000,2350000,Petrol,Karachi,Original,Local,Automatic,11,6833.333333333333
Toyota,Corolla XLI,2011,160000,2475000,Petrol,Lahore,Original,Imported,Manual,15,10000.0
Honda,City Aspire,2019,90000,4200000,Petrol,Lahore,Original,Local,Automatic,7,11250.0
Toyota,Corolla GLI,2014,196000,3670000,Petrol,Islamabad,Original,Local,Automatic,12,15076.923076923076
Toyota,Corrolla Altis,2018,53000,4595000,Petrol,Karachi,Original,Local,Automatic,8,5888.888888888889
Suzuki,Wagon R,2022,33000,2975000,Petrol,Karachi,Original,Local,Automatic,4,6600.0
Honda,City IVTEC,2009,154000,2375000,Petrol,Lahore,Original,Local,Automatic,17,8555.555555555555
Suzuki,Wagon R,2022,24000,3310000,Petrol,Punjab,Original,Local,Automatic,4,4800.0
Honda,City IVTEC,2020,81000,3220000,Petrol,Lahore,Original,Local,Manual,6,11571.42857142857
Daihatsu,Hijet,2018,238132,1630000,Petrol,Lahore,Original,Imported,Manual,8,26459.11111111111
Daihatsu,Mira,2007,50000,1320000,Petrol,Punjab,Original,Imported,Automatic,19,2500.0
Daihatsu,Mira,2019,48000,3450000,Petrol,Karachi,Original,Imported,Automatic,7,6000.0
Suzuki,Alto,2014,82142,1850000,Petrol,Karachi,Original,Imported,Automatic,12,6318.615384615385
Toyota,Corrolla Altis,2015,136000,4140000,Petrol,Lahore,Original,Local,Automatic,11,11333.333333333334
Changan,Alsvin,2021,19500,3550000,Petrol,Karachi,Original,Local,Automatic,5,3250.0
Suzuki,Alto,2009,87000,950000,Petrol,Karachi,Original,Local,Manual,17,4833.333333333333
Suzuki,Baleno,2001,158000,990000,Petrol,Lahore,Original,Imported,Manual,25,6076.923076923077
Toyota,Corrolla Altis,2000,100000,1000000,Petrol,Lahore,Original,Imported,Manual,26,3703.703703703704
Honda,City IVTEC,2011,195000,2450000,Petrol,Lahore,Original,Local,Manual,15,12187.5
Suzuki,Swift,2014,200000,2050000,Petrol,Islamabad,Original,Local,Manual,12,15384.615384615385
Daihatsu,Mira,2021,3700,3570000,Petrol,Unregistered,Original,Imported,Automatic,5,616.6666666666666
Suzuki,Every,2012,80000,1800000,Petrol,Lahore,Original,Imported,Automatic,14,5333.333333333333
Hyundai,Santro,2001,100000,750000,Petrol,Karachi,Original,Local,Manual,25,3846.153846153846
Daihatsu,Cuore,2005,25863,850000,Petrol,Lahore,Original,Local,Manual,21,1175.590909090909
Daihatsu,Mira,2015,220000,2670000,Petrol,Islamabad,Original,Imported,Automatic,11,18333.333333333332
Suzuki,Bolan,2011,71000,630000,Petrol,Khanewal,Original,Local,Manual,15,4437.5
Daihatsu,Terios Kid,2006,100000,1450000,Petrol,Sindh,Original,Imported,Automatic,20,4761.9047619047615
Suzuki,Wagon R,2018,44000,2300000,Petrol,Lahore,Original,Imported,Automatic,8,4888.888888888889
KIA,Classic,2003,12345,620000,Petrol,Multan,Original,Imported,Manual,23,514.375
Daihatsu,Cuore,2010,12345,1050000,Petrol,Multan,Original,Imported,Manual,16,726.1764705882352
Daihatsu,Cuore,2004,100000,650000,Petrol,Karachi,Original,Local,Manual,22,4347.826086956522
Suzuki,Alto,2021,28000,2250000,Petrol,Karachi,Original,Local,Manual,5,4666.666666666667
Suzuki,Wagon R,2017,92000,2230000,Petrol,Islamabad,Original,Local,Manual,9,9200.0
Chevrolet,Exclusive,2003,140000,650000,Petrol,Lahore,Original,Imported,Manual,23,5833.333333333333
Toyota,Corolla GLI,2017,102833,3650000,Petrol,Islamabad,Original,Local,Manual,9,10283.3
Daihatsu,Cuore,2007,50000,860000,Petrol,Multan,Original,Local,Automatic,19,2500.0
Hyundai,Santro,2005,185000,850000,Petrol,Lahore,Original,Local,Manual,21,8409.09090909091
Suzuki,Bolan,2010,100000,850000,Petrol,Lahore,Original,Local,Manual,16,5882.35294117647
Suzuki,Wagon R,2016,80000,2700000,Petrol,Islamabad,Original,Imported,Automatic,10,7272.727272727273
Suzuki,Alto,2022,42000,2450000,Petrol,Lahore,Original,Local,Manual,4,8400.0
Suzuki,Wagon R,2018,125000,1990000,Petrol,Rawalpindi,Original,Local,Manual,8,13888.888888888889
Honda,City IVTEC,2015,135500,2850000,Petrol,Lahore,Original,Local,Manual,11,11291.666666666666
Daihatsu,Cuore,2007,150000,870000,Petrol,Sialkot,Original,Imported,Manual,19,7500.0
Honda,City Vario,2005,92000,1690000,Petrol,Lahore,Original,Local,Automatic,21,4181.818181818182
Honda,Civic Oriel,2009,100000,1900000,Petrol,Lahore,Original,Imported,Automatic,17,5555.555555555556
Suzuki,Baleno,2000,244449,895000,Petrol,Islamabad,Original,Imported,Manual,26,9053.666666666666
Suzuki,Wagon R,2019,18360,3500000,Petrol,Unregistered,Original,Imported,Automatic,7,2295.0
Suzuki,Bolan,2015,32000,975000,Petrol,Rawalpindi,Original,Local,Manual,11,2666.6666666666665
Honda,City Aspire,2020,45500,4275000,Petrol,Lahore,Original,Local,Automatic,6,6500.0
Suzuki,Swift,2018,48500,2600000,Petrol,Islamabad,Original,Local,Manual,8,5388.888888888889
Suzuki,Cultus VXR,2011,19641,1020000,Petrol,Karachi,Original,Local,Manual,15,1227.5625
Hyundai,Santro,2003,100000,680000,Petrol,Karachi,Original,Imported,Manual,23,4166.666666666667
Hyundai,Santro,2003,12345,720000,Petrol,Sialkot,Original,Imported,Manual,23,514.375
Honda,Civic Prosmetic,2008,87000,1680000,Petrol,Karachi,Original,Local,Automatic,18,4578.9473684210525
Suzuki,Bolan,2017,45000,1450000,Petrol,Islamabad,Original,Local,Manual,9,4500.0
Toyota,Corolla XLI,2007,1234,1680000,Petrol,Lahore,Original,Imported,Manual,19,61.7
Daihatsu,Move,2007,185647,1950000,Petrol,Islamabad,Original,Imported,Automatic,19,9282.35
Toyota,Corolla GLI,2015,92000,3400000,Petrol,Karachi,Original,Imported,Automatic,11,7666.666666666667
Honda,City Aspire,2021,32000,4350000,Petrol,Karachi,Original,Local,Automatic,5,5333.333333333333
Daihatsu,Mira,2019,43000,3300000,Petrol,Islamabad,Original,Imported,Automatic,7,5375.0
KIA,Spectra,2002,2000,750000,Petrol,Lahore,Original,Local,Manual,24,80.0
Suzuki,Alto,2006,37990,675000,Petrol,Lahore,Original,Local,Manual,20,1809.047619047619
Toyota,Yaris,2020,71000,4750000,Petrol,Islamabad,Original,Local,Automatic,6,10142.857142857143
Suzuki,Bolan,2021,30000,1750000,Petrol,Islamabad,Original,Local,Manual,5,5000.0
Suzuki,Every,2013,141000,1620000,Petrol,Punjab,Original,Imported,Automatic,13,10071.42857142857
Honda,City IVTEC,2011,156000,2260000,Petrol,Lahore,Original,Local,Manual,15,9750.0
Suzuki,Bolan,2012,84000,780000,Petrol,Lahore,Original,Local,Manual,14,5600.0
Honda,Civic Prosmetic,2007,164000,2400000,Petrol,Lahore,Original,Local,Automatic,19,8200.0
Changan,Alsvin,2022,15000,4250000,Petrol,Islamabad,Original,Local,Automatic,4,3000.0
Daihatsu,Cuore,2010,146000,1150000,Petrol,Sindh,Original,Local,Manual,16,8588.235294117647
Toyota,Corrolla Altis,2019,46000,4950000,Petrol,Lahore,Original,Local,Automatic,7,5750.0
Suzuki,Alto,2004,123456,985000,Petrol,Lahore,Original,Local,Manual,22,5367.652173913043
Honda,City IVTEC,2006,130000,1800000,Petrol,Sindh,Original,Imported,Manual,20,6190.476190476191
Suzuki,Swift,2018,69000,2300000,Petrol,Lahore,Original,Local,Manual,8,7666.666666666667
Suzuki,Wagon R,2019,78500,2480000,Petrol,Lahore,Original,Local,Manual,7,9812.5
Suzuki,Baleno,2018,72000,1350000,Petrol,Lahore,Original,Local,Manual,8,8000.0
Honda,City Aspire,2021,14000,4600000,Petrol,Karachi,Original,Imported,Automatic,5,2333.3333333333335
Toyota,Passo,2005,100998,1420000,Petrol,Karachi,Original,Imported,Automatic,21,4590.818181818182
Honda,Civic Oriel,2005,111500,1350000,Petrol,Karachi,Original,Imported,Manual,21,5068.181818181818
Honda,Civic Prosmetic,2007,100000,1980000,Petrol,Lahore,Original,Imported,Automatic,19,5000.0
Toyota,Corolla XLI,2017,48000,3080000,Petrol,Lahore,Original,Local,Manual,9,4800.0
Toyota,Corolla GLI,2015,80000,3650000,Petrol,Lahore,Original,Local,Manual,11,6666.666666666667
Daihatsu,Terios Kid,2015,61000,2300000,Petrol,Lahore,Original,Imported,Automatic,11,5083.333333333333
Toyota,Yaris,2022,11000,4675000,Petrol,Punjab,Original,Local,Automatic,4,2200.0
Toyota,Corolla GLI,2013,130000,2810000,Petrol,Karachi,Original,Local,Automatic,13,9285.714285714286
Honda,City Aspire,2016,12345,2760000,Petrol,Lahore,Original,Local,Automatic,10,1122.2727272727273
Suzuki,Baleno,2005,185000,975000,Petrol,Lahore,Original,Local,Manual,21,8409.09090909091
Suzuki,Alto,2022,23000,2650000,Petrol,Lahore,Original,Local,Automatic,4,4600.0
Hyundai,Santro,2001,55555,695000,Petrol,Lahore,Original,Local,Manual,25,2136.730769230769
Suzuki,Mehran VXR,2012,12345,850000,Petrol,Islamabad,Original,Local,Manual,14,823.0
Daihatsu,Cuore,2004,12345,790000,Petrol,Lahore,Original,Imported,Manual,22,536.7391304347826
Hyundai,Santro,2006,143000,895000,Petrol,Lahore,Original,Local,Manual,20,6809.523809523809
Suzuki,Wagon R,2016,100000,2250000,Petrol,Islamabad,Original,Local,Manual,10,9090.90909090909
Mercedes,E Class,2004,190000,4200000,Petrol,Islamabad,Original,Imported,Automatic,22,8260.869565217392
KIA,Picanto,2021,65000,2700000,Petrol,Punjab,Original,Local,Automatic,5,10833.333333333334
Honda,City IDSI,2007,99999,1680000,Petrol,Sindh,Original,Imported,Manual,19,4999.95
Daihatsu,Mira,2016,62000,2850000,Petrol,Sindh,Original,Imported,Automatic,10,5636.363636363636
Daihatsu,Mira,2012,76000,2075000,Petrol,Karachi,Original,Imported,Automatic,14,5066.666666666667
Toyota,Corrolla Altis,2014,121000,3450000,Petrol,Islamabad,Original,Local,Automatic,12,9307.692307692309
Honda,City IVTEC,2016,219810,2350000,Petrol,Lahore,Original,Local,Manual,10,19982.727272727272
Suzuki,Mehran VXR,2012,12345,875000,Petrol,Lahore,Original,Local,Manual,14,823.0
Honda,City IDSI,2005,166000,1550000,Petrol,Lahore,Original,Imported,Manual,21,7545.454545454545
Suzuki,Cultus VXR,2008,12435,775000,Petrol,Karachi,Original,Local,Manual,18,654.4736842105264
Daihatsu,Mira,2013,78000,2250000,Petrol,Karachi,Original,Imported,Automatic,13,5571.428571428572
Suzuki,Every,2013,70000,1780000,Petrol,Lahore,Original,Imported,Automatic,13,5000.0
Honda,Civic Oriel,2013,120000,3550000,Petrol,Lahore,Original,Local,Automatic,13,8571.42857142857
FAW,V2,2017,41500,1690000,Petrol,Islamabad,Original,Imported,Manual,9,4150.0
Suzuki,Alto,2006,123456,920000,Petrol,Islamabad,Original,Local,Manual,20,5878.857142857143
Suzuki,Alto,2004,100000,600000,Petrol,Karachi,Original,Local,Manual,22,4347.826086956522
Hyundai,Santro,2005,110000,920000,Petrol,Lahore,Original,Local,Manual,21,5000.0
Changan,Alsvin,2022,21000,3800000,Petrol,Karachi,Original,Imported,Automatic,4,4200.0
Suzuki,Every,2011,120000,1380000,Petrol,Lahore,Original,Imported,Automatic,15,7500.0
Suzuki,Bolan,2016,98000,1350000,Petrol,Lahore,Original,Imported,Manual,10,8909.09090909091
Changan,Karvaan,2021,27000,2250000,Petrol,Islamabad,Original,Local,Manual,5,4500.0
Daihatsu,Hijet,2013,123456,1450000,Petrol,Karachi,Original,Imported,Automatic,13,8818.285714285714
Hyundai,Santro,2004,10000,945000,Petrol,Lahore,Original,Imported,Manual,22,434.7826086956522
Suzuki,Mehran VXR,2017,70000,1420000,Petrol,Islamabad,Original,Local,Manual,9,7000.0
Toyota,Corrolla Altis,2016,65500,4300000,Petrol,Karachi,Original,Local,Automatic,10,5954.545454545455
Honda,City IDSI,2006,117790,1625000,Petrol,Karachi,Original,Local,Manual,20,5609.047619047619
Honda,City IVTEC,2022,15000,4650000,Petrol,Islamabad,Original,Local,Automatic,4,3000.0
Suzuki,Wagon R,2019,53500,2010000,Petrol,Lahore,Original,Local,Manual,7,6687.5
Suzuki,Baleno,2004,100000,800000,Petrol,Sindh,Original,Local,Automatic,22,4347.826086956522
Toyota,Corrolla Altis,2009,128000,2350000,Petrol,Lahore,Original,Local,Automatic,17,7111.111111111111
Honda,Civic Oriel,2002,231421,1420000,Petrol,Lahore,Original,Local,Manual,24,9256.84
Daihatsu,Move,2013,71500,2290000,Petrol,Lahore,Original,Imported,Automatic,13,5107.142857142857
Suzuki,Ravi,2017,28000,1250000,Petrol,Faisalabad,Original,Local,Manual,9,2800.0
Toyota,Corolla XLI,2012,72000,2600000,Petrol,Lahore,Original,Local,Manual,14,4800.0
Hyundai,Santro,2003,250000,995000,Petrol,Islamabad,Original,Imported,Manual,23,10416.666666666666
Chevrolet,Exclusive,2005,10000,450000,Petrol,Sindh,Original,Imported,Manual,21,454.54545454545456
Suzuki,Every,2015,86000,2300000,Petrol,Islamabad,Original,Imported,Automatic,11,7166.666666666667
Mitsubishi,Lancer,2004,128000,1590000,Petrol,Lahore,Original,Imported,Automatic,22,5565.217391304348
Toyota,Corolla XLI,2006,100000,1350000,Petrol,Lahore,Original,Local,Manual,20,4761.9047619047615
Toyota,Corolla GLI,2016,87500,3550000,Petrol,Lahore,Original,Local,Manual,10,7954.545454545455
Suzuki,Mehran VXR,2018,60666,1200000,Petrol,Lahore,Original,Local,Manual,8,6740.666666666667
Suzuki,Bolan,2020,35000,1400000,Petrol,Karachi,Original,Local,Manual,6,5000.0
Changan,Karvaan,2021,12000,2680000,Petrol,Punjab,Original,Local,Manual,5,2000.0
Toyota,Corolla GLI,2011,150000,2050000,Petrol,Lahore,Original,Local,Manual,15,9375.0
Chevrolet,Joy,2007,100000,750000,Petrol,Lahore,Original,Local,Manual,19,5000.0
Mercedes,C Class,2004,220000,2550000,Petrol,Islamabad,Original,Imported,Automatic,22,9565.217391304348
Daihatsu,Cuore,2007,320000,579000,Petrol,Karachi,Original,Local,Manual,19,16000.0
Toyota,Altis Grande,2016,81000,3890000,Petrol,Karachi,Original,Local,Automatic,10,7363.636363636364
Hyundai,Santro,2004,1000,730000,Petrol,Lahore,Original,Local,Manual,22,43.47826086956522
Suzuki,Alto,2008,120000,1180000,Petrol,Lahore,Original,Local,Manual,18,6315.789473684211
Suzuki,Bolan,2018,86500,1400000,Petrol,Lahore,Original,Local,Manual,8,9611.111111111111
Mitsubishi,Lancer,2007,170000,1950000,Petrol,Islamabad,Original,Imported,Automatic,19,8500.0
Daihatsu,Mira,2019,66000,4000000,Petrol,Karachi,Original,Imported,Automatic,7,8250.0
Suzuki,Wagon R,2018,190000,1950000,Petrol,Lahore,Original,Local,Manual,8,21111.11111111111
Changan,Karvaan,2020,70000,2300000,Petrol,Lahore,Original,Local,Manual,6,10000.0
Honda,City IVTEC,2022,9000,4400000,Petrol,Punjab,Original,Local,Manual,4,1800.0
Honda,City IVTEC,2016,83000,2985000,Petrol,Islamabad,Original,Local,Manual,10,7545.454545454545
Daihatsu,Terios Kid,2006,83000,2200000,Petrol,Karachi,Original,Imported,Automatic,20,3952.3809523809523
Honda,City IVTEC,2018,75500,3295000,Petrol,Lahore,Original,Local,Manual,8,8388.888888888889
Daihatsu,Cuore,2005,170000,570000,Petrol,Karachi,Original,Imported,Manual,21,7727.272727272727
Honda,City IDSI,2007,122000,1600000,Petrol,Karachi,Original,Local,Manual,19,6100.0
Changan,Alsvin,2021,25000,3900000,Petrol,Lahore,Original,Local,Automatic,5,4166.666666666667
KIA,Classic,2003,100000,390000,Petrol,Karachi,Original,Imported,Manual,23,4166.666666666667
Honda,Civic Oriel,2011,80000,2300000,Petrol,Lahore,Original,Local,Automatic,15,5000.0
Daihatsu,Mira,2016,82100,2675000,Petrol,Karachi,Original,Imported,Automatic,10,7463.636363636364
Suzuki,Mehran VXR,2007,38000,715000,Petrol,Lahore,Original,Local,Manual,19,1900.0
Honda,Civic Prosmetic,2015,89000,3990000,Petrol,Lahore,Original,Local,Automatic,11,7416.666666666667
Suzuki,Alto,2021,32000,2325000,Petrol,Karachi,Original,Local,Manual,5,5333.333333333333
Suzuki,Mehran VXR,2003,50000,450000,Petrol,Karachi,Original,Local,Manual,23,2083.3333333333335
Daihatsu,Cuore,2008,77000,860000,Petrol,Karachi,Original,Local,Manual,18,4052.6315789473683
Suzuki,Alto,2022,42000,2350000,Petrol,Karachi,Original,Local,Manual,4,8400.0
Suzuki,Wagon R,2020,45000,2450000,Petrol,Islamabad,Original,Imported,Manual,6,6428.571428571428
Daihatsu,Hijet,2017,106000,1455000,Petrol,Lahore,Original,Imported,Automatic,9,10600.0
Honda,City IVTEC,2021,32000,4050000,Petrol,Karachi,Original,Local,Manual,5,5333.333333333333
Suzuki,Alto,2006,100000,820000,Petrol,Rawalpindi,Original,Local,Manual,20,4761.9047619047615
Mitsubishi,Lancer,2005,145000,1225000,Petrol,Karachi,Original,Local,Automatic,21,6590.909090909091
Mitsubishi,Pajero Mini,2005,80000,1220000,Petrol,Lahore,Original,Imported,Automatic,21,3636.3636363636365
Daihatsu,Cuore,2008,200090,770000,Petrol,Karachi,Original,Local,Manual,18,10531.052631578947
Toyota,Yaris,2021,35000,5000000,Petrol,Lahore,Original,Local,Automatic,5,5833.333333333333
Suzuki,Alto,2004,90000,780000,Petrol,Bhimber,Original,Local,Manual,22,3913.0434782608695
Suzuki,Ravi,2008,100000,550000,Petrol,Karachi,Original,Local,Manual,18,5263.1578947368425
Suzuki,Cultus VXR,2016,99000,1500000,Petrol,Karachi,Original,Local,Manual,10,9000.0
Suzuki,Alto,2022,9000,2350000,Petrol,Islamabad,Original,Local,Manual,4,1800.0
Suzuki,Ravi,2012,100000,760000,Petrol,Islamabad,Original,Local,Manual,14,6666.666666666667
Toyota,Corolla GLI,2010,190000,2450000,Petrol,Islamabad,Original,Local,Manual,16,11176.470588235294
Hyundai,Santro,2004,88000,885000,Petrol,Karachi,Original,Local,Manual,22,3826.086956521739
Suzuki,Bolan,2021,62000,1700000,Petrol,Islamabad,Original,Local,Manual,5,10333.333333333334
Hyundai,Santro,2007,150000,990000,Petrol,Faisalabad,Original,Local,Manual,19,7500.0
Suzuki,Mehran VXR,2017,47000,1260000,Petrol,Islamabad,Original,Imported,Manual,9,4700.0
Toyota,Corrolla Altis,2016,80621,3775000,Petrol,Karachi,Original,Local,Automatic,10,7329.181818181818
Suzuki,Mehran VXR,2013,50000,800000,Petrol,Karachi,Original,Local,Manual,13,3571.4285714285716
Hyundai,Santro,2006,100000,875000,Petrol,Lahore,Original,Local,Manual,20,4761.9047619047615
Honda,City IDSI,2006,50000,1625000,Petrol,Multan,Original,Local,Manual,20,2380.9523809523807
Toyota,Passo,2020,2390,4150000,Petrol,Unregistered,Original,Imported,Automatic,6,341.42857142857144
Toyota,Altis Grande,2014,165000,3850000,Petrol,Lahore,Original,Local,Automatic,12,12692.307692307691
Suzuki,Bolan,2014,65000,1035000,Petrol,Lahore,Original,Local,Manual,12,5000.0
Honda,City IDSI,2003,123456,1090000,Petrol,Karachi,Original,Local,Automatic,23,5144.0
Suzuki,Baleno,2005,155000,1000000,Petrol,Gujranwala,Original,Local,Manual,21,7045.454545454545
Suzuki,Alto,2010,128530,825000,Petrol,Karachi,Original,Imported,Manual,16,7560.588235294118
Daihatsu,Hijet,2007,166000,1100000,Petrol,Karachi,Original,Imported,Automatic,19,8300.0
Mitsubishi,Ek Wagon,2016,76400,2490000,Petrol,Lahore,Original,Imported,Automatic,10,6945.454545454545
Honda,Civic Prosmetic,2012,70000,3200000,Petrol,Gujranwala,Original,Local,Automatic,14,4666.666666666667
Toyota,Corolla GLI,2018,111000,4350000,Petrol,Lahore,Original,Local,Automatic,8,12333.333333333334
KIA,Sportage,2004,123000,1090000,Petrol,Karachi,Original,Imported,Automatic,22,5347.826086956522
Toyota,Corolla GLI,2008,150000,1770000,CNG,Peshawar,Original,Imported,Manual,18,7894.736842105263
Hyundai,Santro,2003,1234,690000,Petrol,Sindh,Original,Imported,Manual,23,51.416666666666664
Honda,Civic Oriel,2006,90000,1295000,Petrol,Lahore,Original,Local,Manual,20,4285.714285714285
KIA,Classic,2001,25000,450000,Petrol,Lahore,Original,Imported,Manual,25,961.5384615384615
Honda,City IDSI,2005,100000,1350000,Petrol,Sindh,Original,Local,Manual,21,4545.454545454545
Hyundai,Santro,2007,152000,1480000,Petrol,Islamabad,Original,Imported,Manual,19,7600.0
Changan,Karvaan,2020,68000,1850000,Petrol,Karachi,Original,Local,Manual,6,9714.285714285714
Honda,City IVTEC,2022,34000,2500000,Petrol,Punjab,Original,Local,Automatic,4,6800.0
Suzuki,Bolan,2015,90000,1050000,Petrol,Sindh,Original,Local,Manual,11,7500.0
Suzuki,Swift,2021,30000,3875000,Petrol,Islamabad,Original,Local,Manual,5,5000.0
Suzuki,Swift,2018,75000,2690000,Petrol,Sindh,Original,Local,Automatic,8,8333.333333333334
Honda,Civic Oriel,2017,75000,4800000,Petrol,Sindh,Original,Local,Automatic,9,7500.0
Daihatsu,Cuore,2003,100000,580000,Petrol,Karachi,Original,Local,Manual,23,4166.666666666667
Suzuki,Wagon R,2022,13700,3325000,Petrol,Punjab,Original,Local,Automatic,4,2740.0
Toyota,Corolla XLI,2006,80000,1600000,Petrol,Faisalabad,Original,Local,Manual,20,3809.5238095238096
Hyundai,Santro,2003,225500,660000,Petrol,Lahore,Duplicate,Local,Manual,23,9395.833333333334
Toyota,Corolla XLI,2010,123456,2000000,Petrol,Sindh,Original,Local,Manual,16,7262.117647058823
Daihatsu,Move,2006,89000,1680000,Petrol,Islamabad,Original,Imported,Automatic,20,4238.0952380952385
Suzuki,Bolan,2014,35500,900000,Petrol,Karachi,Original,Local,Manual,12,2730.769230769231
Daihatsu,Cuore,2000,150000,700000,Petrol,Lahore,Original,Imported,Manual,26,5555.555555555556
Suzuki,Baleno,2004,10000,890000,Petrol,Lahore,Original,Local,Manual,22,434.7826086956522
Hyundai,Santro,2003,1234,695000,CNG,Sindh,Original,Imported,Manual,23,51.416666666666664
Daihatsu,Cuore,2006,130000,920000,Petrol,Attock,Original,Imported,Manual,20,6190.476190476191
Toyota,Passo,2012,101500,2625000,Petrol,Lahore,Original,Imported,Automatic,14,6766.666666666667
Changan,Karvaan,2021,72000,2200000,Petrol,Karachi,Original,Imported,Manual,5,12000.0
Suzuki,Wagon R,2021,16500,2850000,Petrol,Gujrat,Original,Local,Manual,5,2750.0
Suzuki,Mehran VXR,2018,50000,1125000,Petrol,Lahore,Original,Local,Manual,8,5555.555555555556
Suzuki,Bolan,2012,50000,585000,Petrol,Lahore,Original,Local,Manual,14,3333.3333333333335
Suzuki,Every,2017,123456,1550000,Petrol,Lahore,Original,Imported,Automatic,9,12345.6
Suzuki,Swift,2017,75000,2100000,Petrol,Karachi,Original,Local,Manual,9,7500.0
Suzuki,Wagon R,2022,20000,2950000,Petrol,Punjab,Original,Local,Manual,4,4000.0
Daihatsu,Hijet,2012,119500,1480000,Petrol,Karachi,Original,Imported,Automatic,14,7966.666666666667
FAW,X-PV,2014,194000,750000,Petrol,Lahore,Original,Local,Manual,12,14923.076923076924
Suzuki,Swift,2017,79000,2400000,Petrol,Karachi,Original,Local,Automatic,9,7900.0
KIA,Spectra,2001,75000,1250000,Petrol,Punjab,Original,Imported,Automatic,25,2884.6153846153848
Honda,City IVTEC,2017,100000,3375000,Petrol,Islamabad,Original,Local,Manual,9,10000.0
Toyota,Corrolla Altis,2002,22222,1575000,Petrol,Karachi,Original,Local,Automatic,24,888.88
Suzuki,Mehran VXR,2013,70000,899000,Petrol,Lahore,Original,Local,Manual,13,5000.0
Honda,Civic Prosmetic,2005,193000,1500000,Petrol,Jhang Sadar,Original,Imported,Automatic,21,8772.727272727272
Toyota,Corrolla Altis,2018,50000,4425000,Petrol,Lahore,Original,Local,Automatic,8,5555.555555555556
Daihatsu,Cuore,2010,12345,1050000,Petrol,Multan,Original,Imported,Manual,16,726.1764705882352
Toyota,Corrolla Altis,2015,80000,3250000,Petrol,Karachi,Original,Local,Automatic,11,6666.666666666667
FAW,V2,2015,81000,1585000,Petrol,Islamabad,Original,Imported,Manual,11,6750.0
Suzuki,Swift,2012,117000,1700000,Petrol,Lahore,Original,Local,Manual,14,7800.0
Hyundai,Santro,2000,100000,500000,Petrol,Karachi,Original,Local,Manual,26,3703.703703703704
Suzuki,Wagon R,2015,80000,2180000,Petrol,Karachi,Original,Imported,Automatic,11,6666.666666666667
Honda,City IVTEC,2018,113500,3250000,Petrol,Lahore,Original,Local,Manual,8,12611.111111111111
Daihatsu,Cuore,2008,100000,1000000,Petrol,Lahore,Original,Local,Manual,18,5263.1578947368425
Suzuki,Bolan,2019,65000,1480000,Petrol,Lahore,Original,Imported,Manual,7,8125.0
Suzuki,Alto,2022,40500,2515000,Petrol,Karachi,Original,Local,Manual,4,8100.0
Hyundai,Santro,2008,120000,1315000,Petrol,Lahore,Original,Local,Manual,18,6315.789473684211
Honda,City Aspire,2015,169985,3150000,Petrol,Lahore,Original,Local,Manual,11,14165.416666666666
Honda,Civic Oriel,2009,123456,2050000,Petrol,Lahore,Original,Imported,Manual,17,6858.666666666667
Honda,City Aspire,2012,140000,2690000,Petrol,Islamabad,Original,Local,Manual,14,9333.333333333334
Honda,City IVTEC,2009,82000,1795000,Petrol,Karachi,Original,Local,Manual,17,4555.555555555556
KIA,Spectra,2002,123456,930000,Petrol,Sindh,Original,Imported,Automatic,24,4938.24
Honda,City IVTEC,2012,135252,2700000,Petrol,Lahore,Original,Imported,Manual,14,9016.8
Honda,City IVTEC,2016,67500,2820000,Petrol,Karachi,Original,Local,Manual,10,6136.363636363636
Suzuki,Bolan,2012,255555,630000,Petrol,Gujranwala,Original,Local,Manual,14,17037.0
Suzuki,Every,2023,89500,2490000,Petrol,Unregistered,Original,Imported,Manual,3,22375.0
Toyota,Corolla XLI,2010,12345,2090000,CNG,Sindh,Original,Local,Manual,16,726.1764705882352
Mitsubishi,Pajero Mini,2006,12345,1150000,Petrol,Lahore,Original,Imported,Automatic,20,587.8571428571429
Honda,City Aspire,2016,82100,3400000,Petrol,Lahore,Original,Local,Manual,10,7463.636363636364
Daihatsu,Mira,2014,15000,2050000,Petrol,Karachi,Original,Imported,Automatic,12,1153.8461538461538
Daihatsu,Cuore,2005,245000,680000,Petrol,Lahore,Original,Local,Manual,21,11136.363636363636
Suzuki,Swift,2019,57436,3050000,Petrol,Lahore,Original,Local,Automatic,7,7179.5
Suzuki,Bolan,2013,102000,1050000,Petrol,Lahore,Original,Local,Manual,13,7285.714285714285
Suzuki,Mehran VXR,2011,7850,980000,Petrol,Islamabad,Original,Local,Manual,15,490.625
Suzuki,Bolan,2010,435107,750000,Petrol,Lahore,Original,Imported,Manual,16,25594.529411764706
Suzuki,Alto,2013,123456,1975000,Petrol,Karachi,Original,Imported,Automatic,13,8818.285714285714
Honda,City Aspire,2017,70000,3400000,Petrol,Lahore,Original,Local,Manual,9,7000.0
Toyota,Yaris,2020,58000,4125000,Petrol,Karachi,Original,Local,Automatic,6,8285.714285714286
Daihatsu,Mira,2012,143729,2350000,Petrol,Islamabad,Original,Imported,Automatic,14,9581.933333333332
Suzuki,Wagon R,2019,20000,2300000,Petrol,Lahore,Original,Local,Manual,7,2500.0
Honda,City IDSI,2002,250000,1250000,Petrol,Lahore,Original,Local,Manual,24,10000.0
Honda,Civic Prosmetic,2008,140000,2100000,Petrol,Karachi,Original,Local,Automatic,18,7368.421052631579
Suzuki,Swift,2009,90000,950000,Petrol,Karachi,Duplicate,Imported,Automatic,17,5000.0
Honda,City Aspire,2019,59858,4085000,Petrol,Lahore,Original,Local,Automatic,7,7482.25
Hyundai,Santro,2002,95000,850000,Petrol,Faisalabad,Original,Local,Manual,24,3800.0
Daihatsu,Cuore,2007,156138,950000,Petrol,Karachi,Original,Local,Manual,19,7806.9
Suzuki,Alto,2019,70000,2010000,Petrol,Karachi,Original,Local,Manual,7,8750.0
Suzuki,Alto,2011,87000,1050000,Petrol,Sindh,Original,Local,Manual,15,5437.5
Toyota,Corolla GLI,2016,116000,3260000,Petrol,Islamabad,Original,Local,Manual,10,10545.454545454546
Suzuki,Alto,2011,70000,920000,Petrol,Karachi,Original,Local,Manual,15,4375.0
Honda,City IVTEC,2010,225000,2600000,Petrol,Lahore,Original,Local,Manual,16,13235.29411764706
Honda,Civic Oriel,2017,66000,4690000,Petrol,Karachi,Original,Local,Automatic,9,6600.0
Honda,City IVTEC,2016,119099,2700000,Petrol,Islamabad,Original,Local,Manual,10,10827.181818181818
Toyota,Passo,2018,59000,3750000,Petrol,Lahore,Original,Imported,Automatic,8,6555.555555555556
Daihatsu,Cuore,2007,174000,975000,Petrol,Islamabad,Original,Imported,Automatic,19,8700.0
Honda,City IVTEC,2017,52531,3285000,Petrol,Lahore,Original,Local,Manual,9,5253.1
Suzuki,Mehran VXR,2013,123456,875000,Petrol,Lahore,Original,Local,Manual,13,8818.285714285714
Toyota,Corrolla Altis,2002,200000,1600000,Petrol,Sindh,Original,Imported,Automatic,24,8000.0
Hyundai,Santro,2000,143000,625000,Petrol,Sialkot,Original,Local,Manual,26,5296.2962962962965
Honda,Civic Prosmetic,2005,170000,1285000,Petrol,Karachi,Original,Local,Automatic,21,7727.272727272727
Daihatsu,Mira,2013,106000,2435000,Petrol,Karachi,Original,Imported,Automatic,13,7571.428571428572
Toyota,Corolla GLI,2012,127000,2325000,Petrol,Multan,Original,Local,Manual,14,8466.666666666666
Honda,City Aspire,2018,42000,3795000,Petrol,Karachi,Original,Local,Automatic,8,4666.666666666667
Toyota,Passo,2012,80000,2350000,Petrol,Karachi,Original,Imported,Automatic,14,5333.333333333333
Suzuki,Wagon R,2016,160000,1620000,Petrol,Karachi,Original,Local,Manual,10,14545.454545454546
Daihatsu,Move,2015,212000,2250000,Petrol,Lahore,Original,Imported,Automatic,11,17666.666666666668
Suzuki,Bolan,2017,42000,1100000,Petrol,Lahore,Original,Local,Manual,9,4200.0
Honda,City Vario,2005,200000,1475000,Petrol,Sindh,Original,Local,Automatic,21,9090.90909090909
Toyota,Corolla XLI,2014,96000,2800000,Petrol,Karachi,Original,Local,Manual,12,7384.615384615385
Toyota,Corolla GLI,2018,70000,3950000,Petrol,Lahore,Original,Local,Manual,8,7777.777777777777
Toyota,Corolla XLI,2011,116000,2400000,Petrol,Karachi,Original,Local,Manual,15,7250.0
Toyota,Yaris,2020,54000,4000000,Petrol,Lahore,Original,Local,Manual,6,7714.285714285715
Daihatsu,Mira,2018,79000,3150000,Petrol,Karachi,Original,Imported,Automatic,8,8777.777777777777
Toyota,Corolla XLI,2002,205555,1480000,Petrol,Sindh,Original,Local,Automatic,24,8222.2
Honda,Civic Prosmetic,2013,10000,3390000,Petrol,Islamabad,Original,Imported,Automatic,13,714.2857142857143
Toyota,Corolla GLI,2013,354720,2450000,Petrol,Multan,Original,Imported,Manual,13,25337.14285714286
Suzuki,Wagon R,2017,179097,1775000,Petrol,Lahore,Original,Imported,Manual,9,17909.7
Suzuki,Cultus VXR,2006,100000,790000,Petrol,Lahore,Original,Local,Manual,20,4761.9047619047615
Suzuki,Alto,2008,250000,950000,Petrol,Abbottabad,Original,Local,Manual,18,13157.894736842105
Daihatsu,Cuore,2009,93000,989000,Petrol,Faisalabad,Original,Local,Manual,17,5166.666666666667
Daihatsu,Mira,2015,120000,2650000,Petrol,Karachi,Original,Imported,Automatic,11,10000.0
Honda,City IVTEC,2020,23000,4050000,Petrol,Karachi,Original,Local,Manual,6,3285.714285714286
Toyota,Passo,2014,88000,2750000,Petrol,Karachi,Original,Imported,Automatic,12,6769.2307692307695
Hyundai,Santro,2003,252813,780000,Petrol,Lahore,Duplicate,Local,Manual,23,10533.875
Suzuki,Mehran VXR,2018,90000,1275000,Petrol,Punjab,Original,Local,Manual,8,10000.0
Toyota,Corolla GLI,2011,250000,2050000,Petrol,Sindh,Original,Local,Manual,15,15625.0
Honda,Civic Prosmetic,2008,214000,2200000,Petrol,Lahore,Original,Imported,Automatic,18,11263.157894736842
Suzuki,Mehran VXR,2016,22000,1310000,Petrol,Islamabad,Original,Local,Manual,10,2000.0
Honda,City IVTEC,2009,145000,2000000,Petrol,Karachi,Original,Local,Manual,17,8055.555555555556
Daihatsu,Terios Kid,2002,100000,1425000,Petrol,Karachi,Original,Imported,Automatic,24,4000.0
Honda,City Aspire,2016,78000,3600000,Petrol,Lahore,Original,Local,Automatic,10,7090.909090909091
Suzuki,Bolan,2012,100000,680000,Petrol,Karachi,Original,Local,Manual,14,6666.666666666667
Daihatsu,Cuore,2007,143000,850000,Petrol,Karachi,Original,Local,Manual,19,7150.0
FAW,V2,2018,128000,1550000,Petrol,Islamabad,Original,Local,Manual,8,14222.222222222223
Suzuki,Mehran VXR,2011,1200,530000,Petrol,Islamabad,Original,Imported,Manual,15,75.0
Hyundai,Santro,2004,220000,840000,Petrol,Lahore,Duplicate,Local,Manual,22,9565.217391304348
Suzuki,Bolan,2011,90000,550000,Petrol,Multan,Original,Local,Manual,15,5625.0
Suzuki,Wagon R,2018,71000,2300000,Petrol,Lahore,Original,Local,Manual,8,7888.888888888889
Daihatsu,Terios Kid,2000,95000,1350000,Petrol,Karachi,Original,Imported,Automatic,26,3518.5185185185187
Suzuki,Alto,2013,87000,1750000,Petrol,Lahore,Original,Local,Automatic,13,6214.285714285715
Daihatsu,Cuore,2007,160000,840000,CNG,Islamabad,Original,Imported,Manual,19,8000.0
Suzuki,Baleno,2005,111111,870000,Petrol,Karachi,Original,Local,Manual,21,5050.5
Honda,City IVTEC,2019,85000,3600000,Petrol,Lahore,Original,Local,Manual,7,10625.0
Changan,Alsvin,2021,25000,3645000,Petrol,Lahore,Original,Imported,Automatic,5,4166.666666666667
Suzuki,Wagon R,2017,48000,2285000,Petrol,Islamabad,Original,Local,Manual,9,4800.0
Daihatsu,Hijet,2012,180000,1400000,Petrol,Karachi,Original,Imported,Automatic,14,12000.0
Toyota,Corolla GLI,2011,159000,2180000,Petrol,Lahore,Original,Imported,Manual,15,9937.5
Suzuki,Swift,2018,80000,2325000,Petrol,Sindh,Original,Local,Manual,8,8888.888888888889
Toyota,Corolla GLI,2013,105630,2550000,Petrol,Karachi,Original,Local,Automatic,13,7545.0
Honda,City Aspire,2013,137000,2750000,Petrol,Lahore,Original,Local,Manual,13,9785.714285714286
Suzuki,Baleno,2004,148000,770000,Petrol,Sindh,Original,Local,Manual,22,6434.782608695652
Changan,Karvaan,2021,75000,2000000,Petrol,Punjab,Original,Local,Manual,5,12500.0
Daihatsu,Cuore,2008,25000,1250000,Petrol,Lahore,Original,Imported,Automatic,18,1315.7894736842106
Suzuki,Swift,2016,70000,1990000,Petrol,Karachi,Original,Imported,Manual,10,6363.636363636364
Hyundai,Santro,2003,185500,760000,Petrol,Karachi,Original,Local,Manual,23,7729.166666666667
Hyundai,Santro,2006,110000,950000,Petrol,Faisalabad,Original,Local,Manual,20,5238.0952380952385
Suzuki,Alto,2006,84000,975000,Petrol,Lahore,Original,Local,Automatic,20,4000.0
Suzuki,Alto,2014,120000,2100000,Petrol,Mansehra,Original,Imported,Automatic,12,9230.76923076923
Daihatsu,Mira,2016,83300,2295000,Petrol,Lahore,Original,Imported,Automatic,10,7572.727272727273
Toyota,Passo,2014,70000,2700000,Petrol,Hyderabad,Original,Imported,Automatic,12,5384.615384615385
Suzuki,Wagon R,2017,74000,2099000,Petrol,Lahore,Original,Local,Manual,9,7400.0
Suzuki,Baleno,2003,114000,625000,Petrol,Gujranwala,Original,Local,Manual,23,4750.0
Toyota,Corrolla Altis,2017,72000,3750000,Petrol,Karachi,Original,Local,Automatic,9,7200.0
Toyota,Corolla XLI,2018,115000,3675000,Petrol,Lahore,Original,Local,Automatic,8,12777.777777777777
Honda,Civic Prosmetic,2008,157000,2000000,Petrol,Lahore,Original,Local,Automatic,18,8263.157894736842
Mercedes,C Class,2001,184000,3275000,Petrol,Karachi,Original,Imported,Automatic,25,7076.923076923077
Suzuki,Swift,2014,92500,1925000,Petrol,Karachi,Original,Local,Manual,12,7115.384615384615
Toyota,Corolla GLI,2018,64500,4250000,Petrol,Islamabad,Original,Local,Manual,8,7166.666666666667
Suzuki,Alto,2013,35000,1900000,Petrol,Karachi,Original,Imported,Automatic,13,2500.0
Daihatsu,Hijet,2019,75000,1380000,Petrol,Sindh,Original,Imported,Manual,7,9375.0
Suzuki,Cultus VXR,2007,11111,800000,CNG,Islamabad,Original,Local,Manual,19,555.55
Honda,Civic Prosmetic,2001,112233,1100000,Petrol,Lahore,Original,Local,Automatic,25,4316.653846153846
Suzuki,Bolan,2017,85000,1100000,Petrol,Karachi,Original,Local,Manual,9,8500.0
Honda,Civic Prosmetic,2005,121000,1500000,Petrol,Karachi,Original,Local,Automatic,21,5500.0
Mercedes,C Class,2008,117000,4900000,Petrol,Islamabad,Original,Imported,Automatic,18,6157.894736842105
Suzuki,Alto,2007,163000,1655000,Petrol,Islamabad,Original,Imported,Automatic,19,8150.0
Toyota,Corolla GLI,2018,87000,4450000,Petrol,Lahore,Original,Local,Automatic,8,9666.666666666666
Suzuki,Swift,2014,85000,1780000,Petrol,Karachi,Original,Local,Manual,12,6538.461538461538
Suzuki,Alto,2008,10000,850000,Petrol,Mirpur,Original,Local,Manual,18,526.3157894736842
Daihatsu,Cuore,2007,123456,810000,Petrol,Lahore,Original,Imported,Manual,19,6172.8
KIA,Picanto,2020,58000,2900000,Petrol,Karachi,Original,Local,Automatic,6,8285.714285714286
Suzuki,Swift,2022,28000,4100000,Petrol,Lahore,Original,Local,Automatic,4,5600.0
Daihatsu,Mira,2013,120000,2250000,Petrol,Islamabad,Original,Imported,Automatic,13,8571.42857142857
KIA,Sportage,2003,80000,1100000,Petrol,Karachi,Original,Local,Automatic,23,3333.3333333333335
Daihatsu,Cuore,2007,150000,850000,Petrol,Lahore,Original,Imported,Manual,19,7500.0
Honda,Civic Prosmetic,2012,155000,2875000,Petrol,Sindh,Original,Local,Automatic,14,10333.333333333334
Toyota,Corrolla Altis,2016,193900,4190000,Petrol,Islamabad,Original,Local,Automatic,10,17627.272727272728
Suzuki,Cultus VXR,2015,20000,1515000,Petrol,Lahore,Original,Imported,Manual,11,1666.6666666666667
Suzuki,Alto,2002,25465,710000,Petrol,Karachi,Original,Imported,Manual,24,1018.6
Suzuki,Bolan,2019,102500,1600000,Petrol,Lahore,Original,Local,Manual,7,12812.5
Honda,City Vario,2007,154018,1850000,Petrol,Punjab,Original,Imported,Automatic,19,7700.9
Suzuki,Mehran VXR,2009,111111,795000,Petrol,Lahore,Original,Local,Manual,17,6172.833333333333
Honda,City Vario,2004,1000,1500000,Petrol,Karachi,Original,Local,Automatic,22,43.47826086956522
Suzuki,Cultus VXR,2006,100000,695000,Petrol,Lahore,Original,Imported,Manual,20,4761.9047619047615
Toyota,Corolla XLI,2009,96000,2385000,Petrol,Islamabad,Original,Local,Manual,17,5333.333333333333
Toyota,Corolla XLI,2015,161000,2999999,Petrol,Lahore,Original,Local,Manual,11,13416.666666666666
Toyota,Passo,2010,140000,2150000,Petrol,Lahore,Original,Imported,Automatic,16,8235.29411764706
Honda,Civic Prosmetic,2013,12345,2850000,Petrol,Karachi,Original,Local,Automatic,13,881.7857142857143
Toyota,Corolla GLI,2019,160000,3800000,Petrol,Lahore,Original,Local,Manual,7,20000.0
Suzuki,Wagon R,2021,35200,2475000,Petrol,Punjab,Original,Local,Manual,5,5866.666666666667
Mitsubishi,Ek Wagon,2013,113000,1540000,Petrol,Lahore,Original,Imported,Automatic,13,8071.428571428572
Suzuki,Alto,2000,64980,1170000,Petrol,Quetta,Original,Imported,Automatic,26,2406.6666666666665
Suzuki,Bolan,2016,78000,1050000,Petrol,Multan,Original,Local,Manual,10,7090.909090909091
Honda,City IDSI,2004,185000,1475000,Petrol,Islamabad,Original,Local,Manual,22,8043.478260869565
Honda,City IVTEC,2016,84000,3075000,Petrol,Lahore,Original,Local,Manual,10,7636.363636363636
Suzuki,Every,2015,10000,1480000,Petrol,Multan,Original,Imported,Automatic,11,833.3333333333334
Honda,City IDSI,2007,143000,1800000,Petrol,Lahore,Original,Local,Manual,19,7150.0
Suzuki,Cultus VXR,2018,140000,2200000,Petrol,Lahore,Original,Local,Manual,8,15555.555555555555
Suzuki,Bolan,2015,1234,1230000,Petrol,Islamabad,Original,Local,Manual,11,102.83333333333333
Suzuki,Cultus VXL,2007,98000,650000,Petrol,Karachi,Original,Local,Manual,19,4900.0
Toyota,Corolla XLI,2006,80000,1580000,Petrol,Karachi,Original,Imported,Manual,20,3809.5238095238096
Suzuki,Every,2012,162000,1460000,Petrol,Karachi,Original,Imported,Automatic,14,10800.0
Hyundai,Santro,2004,45000,715000,Petrol,Karachi,Original,Local,Manual,22,1956.5217391304348
Suzuki,Alto,2007,92000,1600000,Petrol,Karachi,Original,Imported,Automatic,19,4600.0
Toyota,Passo,2015,142000,2850000,Petrol,Islamabad,Original,Imported,Automatic,11,11833.333333333334
Toyota,Corrolla Altis,2016,90000,4100000,Petrol,Lahore,Original,Local,Automatic,10,8181.818181818182
KIA,Picanto,2020,15250,2850000,Petrol,Karachi,Original,Local,Automatic,6,2178.5714285714284
Toyota,Corolla XLI,2004,2456,1430000,CNG,Lahore,Original,Local,Manual,22,106.78260869565217
Toyota,Corrolla Altis,2015,70000,4000000,Petrol,Karachi,Original,Local,Automatic,11,5833.333333333333
Honda,Civic Oriel,2017,158000,4989000,Petrol,Lahore,Original,Local,Automatic,9,15800.0
Toyota,Corrolla Altis,2017,77000,4175000,Petrol,Karachi,Original,Imported,Automatic,9,7700.0
Daihatsu,Mira,2013,123456,2175000,Petrol,Karachi,Original,Imported,Automatic,13,8818.285714285714
Toyota,Corrolla Altis,2012,140000,3100000,Petrol,Sindh,Original,Local,Automatic,14,9333.333333333334
Suzuki,Alto,2022,24000,2425000,Petrol,Karachi,Original,Local,Manual,4,4800.0
Toyota,Corolla GLI,2020,65000,4750000,Petrol,Lahore,Original,Local,Automatic,6,9285.714285714286
Hyundai,Santro,2002,222525,950000,Petrol,Sindh,Original,Imported,Manual,24,8901.0
Suzuki,Cultus VXR,2006,123123,690000,Petrol,Lahore,Original,Imported,Manual,20,5863.0
Hyundai,Santro,2005,90000,1200000,Petrol,Sargodha,Original,Local,Manual,21,4090.909090909091
Mitsubishi,Lancer,2006,79500,1650000,Petrol,Karachi,Original,Imported,Automatic,20,3785.714285714286
Toyota,Passo,2015,95000,2700000,Petrol,Karachi,Original,Imported,Automatic,11,7916.666666666667
Changan,Alsvin,2021,7000,4050000,Petrol,Lahore,Original,Local,Automatic,5,1166.6666666666667
Suzuki,Bolan,2007,100000,700000,Petrol,Bahawalpur,Original,Local,Manual,19,5000.0
Toyota,Corolla GLI,2015,192000,3250000,Petrol,Islamabad,Original,Local,Manual,11,16000.0
Suzuki,Swift,2011,123000,1650000,Petrol,Lahore,Original,Local,Manual,15,7687.5
Honda,Civic Prosmetic,2014,84000,3155000,Petrol,Karachi,Original,Local,Automatic,12,6461.538461538462
Daihatsu,Cuore,2005,200000,690000,Petrol,Lahore,Original,Imported,Manual,21,9090.90909090909
Honda,Civic Oriel,2017,67000,4900000,Petrol,Islamabad,Original,Local,Automatic,9,6700.0
Suzuki,Alto,2008,75000,780000,Petrol,Karachi,Original,Local,Manual,18,3947.3684210526317
Suzuki,Bolan,2013,87822,850000,Petrol,Islamabad,Original,Imported,Manual,13,6273.0
Daihatsu,Cuore,2007,10000,1050000,Petrol,Karachi,Original,Imported,Manual,19,500.0
Suzuki,Bolan,2009,9999,650000,CNG,Karachi,Original,Local,Manual,17,555.5
Daihatsu,Mira,2013,102000,1675000,Petrol,Karachi,Original,Imported,Automatic,13,7285.714285714285
Toyota,Corrolla Altis,2016,83000,3475000,Petrol,Karachi,Original,Local,Automatic,10,7545.454545454545
Suzuki,Wagon R,2017,88000,1890000,Petrol,Lahore,Original,Local,Manual,9,8800.0
Suzuki,Bolan,2015,40000,1299000,Petrol,Islamabad,Original,Local,Manual,11,3333.3333333333335
Honda,Civic Prosmetic,2003,218000,1380000,Petrol,Lahore,Original,Imported,Automatic,23,9083.333333333334
KIA,Picanto,2022,6700,2950000,Petrol,Lahore,Original,Local,Manual,4,1340.0
Daihatsu,Hijet,2012,5000,1680000,Petrol,Islamabad,Original,Imported,Automatic,14,333.3333333333333
Hyundai,Santro,2006,96523,797000,Petrol,Lahore,Original,Local,Manual,20,4596.333333333333
Daihatsu,Cuore,2010,55585,795000,Petrol,Karachi,Original,Local,Manual,16,3269.705882352941
Hyundai,Santro,2004,98000,940000,Petrol,Punjab,Original,Local,Manual,22,4260.869565217391
Suzuki,Cultus VXR,2006,78000,970000,Petrol,Lahore,Original,Local,Manual,20,3714.285714285714
Suzuki,Alto,2003,25000,798000,Petrol,Karachi,Original,Local,Automatic,23,1041.6666666666667
Suzuki,Alto,2002,99999,460000,Petrol,Karachi,Original,Local,Manual,24,3999.96
Hyundai,Santro,2000,200000,600000,Petrol,Islamabad,Original,Local,Manual,26,7407.407407407408
Chevrolet,Joy,2008,80000,900000,Petrol,Lahore,Original,Imported,Manual,18,4210.526315789473
Honda,City IDSI,2007,191000,1980000,Petrol,Lahore,Original,Local,Manual,19,9550.0
Changan,Karvaan,2022,7000,2700000,Petrol,Lahore,Original,Local,Manual,4,1400.0
Toyota,Corolla GLI,2010,130000,2285000,Petrol,Islamabad,Original,Local,Automatic,16,7647.058823529412
Suzuki,Alto,2023,10500,3050000,Petrol,Punjab,Original,Local,Automatic,3,2625.0
Toyota,Corolla GLI,2001,100000,1050000,Petrol,Karachi,Original,Imported,Manual,25,3846.153846153846
Suzuki,Mehran VXR,2006,14000,620000,Petrol,Lahore,Original,Local,Manual,20,666.6666666666666
Suzuki,Mehran VXR,2017,45000,1120000,Petrol,Sindh,Original,Imported,Manual,9,4500.0
Suzuki,Alto,2012,200000,1240000,Petrol,Islamabad,Original,Local,Manual,14,13333.333333333334
Suzuki,Swift,2016,35600,2050000,Petrol,Karachi,Original,Local,Manual,10,3236.3636363636365
Toyota,Corolla GLI,2009,250000,1950000,Petrol,Islamabad,Original,Local,Manual,17,13888.888888888889
Toyota,Corrolla Altis,2015,73200,3625000,Petrol,Karachi,Original,Local,Automatic,11,6100.0
Suzuki,Mehran VXR,2010,78641,585000,Petrol,Lahore,Original,Local,Manual,16,4625.941176470588
Suzuki,Wagon R,2016,112500,1715000,Petrol,Lahore,Original,Local,Manual,10,10227.272727272728
Toyota,Corolla GLI,2019,145540,4250000,Petrol,Islamabad,Original,Local,Automatic,7,18192.5
Honda,City IVTEC,2014,180000,2600000,Petrol,Lahore,Original,Local,Manual,12,13846.153846153846
Honda,City Vario,2002,123456,1375000,Petrol,Karachi,Original,Imported,Automatic,24,4938.24
KIA,Sportage,2002,12345,800000,Petrol,Lahore,Original,Imported,Manual,24,493.8
Suzuki,Swift,2021,50000,3200000,Petrol,Islamabad,Original,Local,Manual,5,8333.333333333334
Daihatsu,Mira,2018,70000,2850000,Petrol,Karachi,Original,Imported,Automatic,8,7777.777777777777
Suzuki,Mehran VXR,2003,1423,650000,Petrol,Rawalpindi,Original,Imported,Manual,23,59.291666666666664
Toyota,Corolla XLI,2012,91470,2185000,Petrol,Lahore,Original,Local,Manual,14,6098.0
Mitsubishi,Ek Wagon,2007,125000,1625000,Petrol,Lahore,Original,Imported,Automatic,19,6250.0
Daihatsu,Mira,2015,76000,2275000,Petrol,Hyderabad,Original,Imported,Automatic,11,6333.333333333333
Honda,City Vario,2006,125000,1725000,Petrol,Karachi,Original,Local,Automatic,20,5952.380952380952
Honda,Civic Prosmetic,2011,160000,2050000,Petrol,Karachi,Original,Local,Automatic,15,10000.0
Honda,City Vario,2006,123456,1550000,Petrol,Karachi,Original,Local,Automatic,20,5878.857142857143
Daihatsu,Mira,2014,90000,2150000,Petrol,Karachi,Original,Imported,Automatic,12,6923.076923076923
Suzuki,Mehran VXR,2017,75000,1350000,Petrol,Lahore,Original,Local,Manual,9,7500.0
Suzuki,Wagon R,2015,1234,1750000,Petrol,Lahore,Original,Local,Manual,11,102.83333333333333
Daihatsu,Hijet,2016,164000,1850000,Petrol,Karachi,Original,Imported,Manual,10,14909.09090909091
Mitsubishi,Lancer,2005,100000,1550000,Petrol,Karachi,Original,Imported,Automatic,21,4545.454545454545
Suzuki,Baleno,2004,168000,830000,Petrol,Lahore,Original,Local,Manual,22,7304.347826086957
Toyota,Corolla GLI,2020,29000,4650000,Petrol,Islamabad,Original,Local,Automatic,6,4142.857142857143
Suzuki,Bolan,2020,11000,1665000,Petrol,Lahore,Original,Local,Manual,6,1571.4285714285713
Toyota,Corolla XLI,2015,187000,2850000,Petrol,Lahore,Original,Local,Automatic,11,15583.333333333334
Toyota,Corolla GLI,2012,150000,2635000,Petrol,Karachi,Original,Local,Automatic,14,10000.0
Daihatsu,Cuore,2010,85000,775000,Petrol,Karachi,Original,Local,Manual,16,5000.0
Changan,Alsvin,2022,36000,4200000,Petrol,Punjab,Original,Local,Automatic,4,7200.0
Hyundai,Santro,2006,165000,975000,Petrol,Lahore,Original,Imported,Manual,20,7857.142857142857
Suzuki,Bolan,2002,150000,500000,Petrol,Karachi,Original,Imported,Manual,24,6000.0
Daihatsu,Mira,2009,136000,1630000,Petrol,Sindh,Original,Imported,Automatic,17,7555.555555555556
Daihatsu,Cuore,2008,100000,1050000,Petrol,Lahore,Original,Local,Manual,18,5263.1578947368425
Suzuki,Mehran VXR,2004,10000,495000,Petrol,Lahore,Original,Local,Manual,22,434.7826086956522
Toyota,Corrolla Altis,2015,68700,3725000,Petrol,Lahore,Original,Local,Automatic,11,5725.0
Honda,City Aspire,2016,117000,3425000,Petrol,Karachi,Original,Local,Automatic,10,10636.363636363636
Mitsubishi,Lancer,2005,107000,1450000,Petrol,Karachi,Original,Imported,Automatic,21,4863.636363636364
Suzuki,Ravi,2020,50000,1450000,Petrol,Lahore,Original,Imported,Manual,6,7142.857142857143
Mercedes,C Class,2003,150000,2400000,Petrol,Sindh,Original,Imported,Automatic,23,6250.0
Honda,Civic Prosmetic,2007,250000,2000000,Petrol,Lahore,Original,Local,Automatic,19,12500.0
Suzuki,Bolan,2013,14000,1000500,Petrol,Lahore,Original,Imported,Manual,13,1000.0
Honda,City IDSI,2004,196000,1400000,Petrol,Karachi,Original,Imported,Automatic,22,8521.739130434782
Honda,Civic Prosmetic,2008,85000,1900000,Petrol,Karachi,Original,Local,Automatic,18,4473.684210526316
Daihatsu,Mira,2021,31000,3425000,Petrol,Karachi,Original,Imported,Automatic,5,5166.666666666667
Suzuki,Alto,2006,100000,940000,Petrol,Karachi,Original,Local,Manual,20,4761.9047619047615
Suzuki,Swift,2019,63000,3030000,Petrol,Islamabad,Original,Local,Automatic,7,7875.0
Toyota,Yaris,2022,25000,4300000,Petrol,Lahore,Original,Local,Manual,4,5000.0
Suzuki,Mehran VXR,2013,74000,825000,Petrol,Karachi,Original,Local,Manual,13,5285.714285714285
Daihatsu,Hijet,2010,250000,1100000,Petrol,Lahore,Original,Imported,Manual,16,14705.882352941177
Hyundai,Santro,2005,172000,890000,Petrol,Punjab,Original,Local,Manual,21,7818.181818181818
Suzuki,Wagon R,2017,40300,2000000,Petrol,Karachi,Original,Local,Manual,9,4030.0
Hyundai,Santro,2000,250000,570000,Petrol,Faisalabad,Original,Local,Manual,26,9259.25925925926
KIA,Picanto,2022,8500,3150000,Petrol,Karachi,Original,Local,Automatic,4,1700.0
Toyota,Yaris,2022,20000,4600000,Petrol,Karachi,Original,Local,Automatic,4,4000.0
Suzuki,Cultus VXR,2022,21000,3500000,Petrol,Punjab,Original,Imported,Manual,4,4200.0
Hyundai,Santro,2001,99000,675000,Petrol,Lahore,Original,Imported,Manual,25,3807.6923076923076
Suzuki,Mehran VXR,2013,100000,950000,Petrol,Multan,Original,Local,Manual,13,7142.857142857143
Honda,City Aspire,2012,70000,2585000,Petrol,Karachi,Original,Local,Manual,14,4666.666666666667
KIA,Classic,2001,80000,590000,Petrol,Lahore,Original,Local,Manual,25,3076.923076923077
Toyota,Corolla GLI,2009,111111,2250000,Petrol,Islamabad,Original,Local,Manual,17,6172.833333333333
Suzuki,Bolan,2008,111111,615000,Petrol,Faisalabad,Original,Local,Manual,18,5847.9473684210525
Daihatsu,Hijet,2011,150000,1150000,Petrol,Karachi,Original,Imported,Automatic,15,9375.0
Daihatsu,Hijet,2014,80000,1565000,Petrol,Karachi,Original,Imported,Automatic,12,6153.846153846154
Daihatsu,Cuore,2004,100000,610000,Petrol,Lahore,Original,Local,Manual,22,4347.826086956522
Hyundai,Santro,2006,92200,995000,Petrol,Lahore,Original,Imported,Manual,20,4390.476190476191
Daihatsu,Cuore,2008,150000,1035000,Petrol,Lahore,Original,Local,Automatic,18,7894.736842105263
Suzuki,Wagon R,2019,70200,2325000,Petrol,Lahore,Original,Local,Manual,7,8775.0
Toyota,Yaris,2021,54800,3775000,Petrol,Islamabad,Original,Local,Automatic,5,9133.333333333334
Hyundai,Santro,2002,1400,610000,Petrol,Faisalabad,Original,Imported,Manual,24,56.0
Suzuki,Alto,2001,62000,765000,Petrol,Karachi,Original,Local,Manual,25,2384.6153846153848
Daihatsu,Cuore,2007,100000,600000,Petrol,Karachi,Original,Imported,Manual,19,5000.0
Honda,Civic Prosmetic,2015,135000,3599000,Petrol,Islamabad,Original,Local,Automatic,11,11250.0
Toyota,Corolla GLI,2018,65500,3275000,Petrol,Sindh,Original,Local,Manual,8,7277.777777777777
Honda,City Aspire,2013,72160,2950000,Petrol,Lahore,Original,Local,Manual,13,5154.285714285715
Suzuki,Swift,2019,71000,2990000,Petrol,Islamabad,Original,Local,Automatic,7,8875.0
Toyota,Corrolla Altis,2015,98000,4300000,Petrol,Vehari,Original,Local,Automatic,11,8166.666666666667
Toyota,Corolla GLI,2013,225000,2620000,Petrol,Lahore,Original,Local,Manual,13,16071.42857142857
Toyota,Corolla GLI,2016,80000,3050000,Petrol,Karachi,Original,Local,Manual,10,7272.727272727273
Suzuki,Cultus VXR,2020,37000,2790000,Petrol,Karachi,Original,Local,Manual,6,5285.714285714285
Suzuki,Swift,2018,80000,2200000,Petrol,Karachi,Original,Local,Automatic,8,8888.888888888889
Toyota,Altis Grande,2015,174000,3775000,Petrol,Lahore,Original,Local,Automatic,11,14500.0
Daihatsu,Cuore,2005,80000,700000,CNG,Sindh,Original,Imported,Manual,21,3636.3636363636365
Honda,City IVTEC,2018,77450,3320000,Petrol,Karachi,Original,Local,Manual,8,8605.555555555555
Suzuki,Swift,2012,1000,1735000,Petrol,Lahore,Original,Imported,Manual,14,66.66666666666667
Daihatsu,Cuore,2004,100000,550000,Petrol,Sindh,Duplicate,Imported,Automatic,22,4347.826086956522
Suzuki,Bolan,2015,45000,930000,Petrol,Karachi,Original,Local,Manual,11,3750.0
Honda,Civic Prosmetic,2000,20000,1080000,CNG,Multan,Original,Imported,Manual,26,740.7407407407408
Suzuki,Wagon R,2016,99000,1900000,Petrol,Islamabad,Original,Local,Manual,10,9000.0
Toyota,Corolla XLI,2015,76000,2980000,Petrol,Karachi,Original,Local,Manual,11,6333.333333333333
Honda,Civic Oriel,2017,82000,4475000,Petrol,Lahore,Original,Local,Automatic,9,8200.0
Honda,Civic Oriel,2005,84000,2350000,Petrol,Lahore,Original,Local,Manual,21,3818.181818181818
Daihatsu,Mira,2015,89000,1985000,Petrol,Karachi,Original,Imported,Manual,11,7416.666666666667
Honda,City IVTEC,2020,73800,3480000,Petrol,Islamabad,Original,Imported,Manual,6,10542.857142857143
Mercedes,E Class,2001,270000,2600000,Petrol,Islamabad,Original,Imported,Automatic,25,10384.615384615385
Suzuki,Bolan,2000,45000,440000,Petrol,Lahore,Original,Imported,Manual,26,1666.6666666666667
Suzuki,Alto,2013,114500,1700000,Petrol,Karachi,Original,Imported,Automatic,13,8178.571428571428
Suzuki,Mehran VXR,2013,50000,895000,Petrol,Rawalpindi,Original,Imported,Manual,13,3571.4285714285716
Honda,City Aspire,2021,50000,4700000,Petrol,Lahore,Original,Local,Automatic,5,8333.333333333334
Daihatsu,Cuore,2011,85322,765000,Petrol,Sindh,Original,Local,Manual,15,5332.625
Suzuki,Mehran VXR,2016,45000,1180000,Petrol,Islamabad,Original,Local,Manual,10,4090.909090909091
Toyota,Passo,2014,84000,2625000,Petrol,Karachi,Original,Imported,Automatic,12,6461.538461538462
Suzuki,Alto,2021,52000,2135000,Petrol,Karachi,Original,Local,Manual,5,8666.666666666666
Suzuki,Wagon R,2018,75000,2100000,Petrol,Lahore,Original,Local,Manual,8,8333.333333333334
Honda,City IDSI,2006,133500,1550000,Petrol,Lahore,Original,Imported,Manual,20,6357.142857142857
Toyota,Corolla GLI,2010,148000,1950000,Petrol,Karachi,Original,Local,Manual,16,8705.882352941177
KIA,Classic,2001,90000,470000,Petrol,Sialkot,Original,Local,Manual,25,3461.5384615384614
Honda,City Aspire,2015,104000,2980000,Petrol,Lahore,Original,Local,Manual,11,8666.666666666666
Honda,City IVTEC,2017,48000,3575000,Petrol,Islamabad,Original,Local,Manual,9,4800.0
Suzuki,Bolan,2012,124348,730000,CNG,Sheikhüpura,Original,Local,Manual,14,8289.866666666667
Suzuki,Mehran VXR,2006,123456,580000,Petrol,Lahore,Original,Local,Automatic,20,5878.857142857143
Suzuki,Bolan,2009,100000,720000,Petrol,Lahore,Original,Local,Manual,17,5555.555555555556
Toyota,Yaris,2022,19590,4850000,Petrol,Karachi,Original,Local,Automatic,4,3918.0
Honda,City IVTEC,2015,96000,3205000,Petrol,Lahore,Original,Local,Automatic,11,8000.0
Suzuki,Swift,2022,7800,4360000,Petrol,Karachi,Original,Local,Automatic,4,1560.0
Toyota,Corolla XLI,2009,175000,1925000,Petrol,Lahore,Original,Imported,Manual,17,9722.222222222223
Suzuki,Baleno,2004,100000,950000,Petrol,Lahore,Original,Imported,Manual,22,4347.826086956522
Mitsubishi,Lancer,2006,212000,1900000,Petrol,Lahore,Original,Imported,Automatic,20,10095.238095238095
Hyundai,Santro,2006,8844,1050000,Petrol,Faisalabad,Original,Imported,Manual,20,421.14285714285717
Honda,City IVTEC,2017,73500,3650000,Petrol,Karachi,Original,Local,Automatic,9,7350.0
Hyundai,Santro,2008,108000,975000,Petrol,Lahore,Original,Local,Manual,18,5684.210526315789
Daihatsu,Hijet,2011,70000,1600000,Petrol,Lahore,Original,Imported,Automatic,15,4375.0
Honda,City IDSI,2007,200000,1750000,Petrol,Lahore,Original,Local,Manual,19,10000.0
Suzuki,Every,2002,70000,800000,Petrol,Karachi,Original,Imported,Manual,24,2800.0
Daihatsu,Mira,2018,39000,3140000,Petrol,Islamabad,Original,Imported,Automatic,8,4333.333333333333
Daihatsu,Mira,2016,43500,2815000,Petrol,Punjab,Original,Imported,Automatic,10,3954.5454545454545
Mitsubishi,Lancer,2004,165000,1050000,Petrol,Karachi,Original,Imported,Manual,22,7173.913043478261
Suzuki,Bolan,2018,10000,1350000,Petrol,Lahore,Original,Local,Manual,8,1111.111111111111
Suzuki,Alto,2009,12000,850000,Petrol,Karachi,Original,Local,Manual,17,666.6666666666666
Toyota,Corrolla Altis,2015,130000,3850000,Petrol,Islamabad,Original,Local,Automatic,11,10833.333333333334
Suzuki,Mehran VXR,2006,45000,750000,Petrol,Islamabad,Original,Imported,Manual,20,2142.8571428571427
Toyota,Corrolla Altis,2008,150000,3500000,Petrol,Islamabad,Original,Local,Automatic,18,7894.736842105263
Suzuki,Wagon R,2019,48000,2430000,Petrol,Lahore,Original,Local,Manual,7,6000.0
Honda,City IVTEC,2011,125000,2500000,Petrol,Islamabad,Original,Local,Manual,15,7812.5
Mitsubishi,Pajero Mini,2016,60000,2250000,Petrol,Lahore,Original,Imported,Automatic,10,5454.545454545455
Honda,Civic Prosmetic,2003,226000,1360000,Petrol,Sindh,Original,Local,Automatic,23,9416.666666666666
Honda,Civic Oriel,2001,100000,1510000,Petrol,Islamabad,Original,Local,Manual,25,3846.153846153846
Honda,Civic Oriel,2006,200000,1500000,Petrol,Lahore,Original,Local,Manual,20,9523.809523809523
Daihatsu,Mira,2016,125643,2200000,Petrol,Lahore,Original,Imported,Automatic,10,11422.09090909091
Daihatsu,Mira,2013,180000,2050000,Petrol,Lahore,Original,Imported,Automatic,13,12857.142857142857
Suzuki,Bolan,2007,105768,650000,Petrol,Lahore,Original,Imported,Manual,19,5288.4
Toyota,Corolla GLI,2010,212080,2200000,Petrol,Islamabad,Original,Local,Manual,16,12475.29411764706
Suzuki,Alto,2011,122000,930000,Petrol,Karachi,Original,Local,Manual,15,7625.0
Suzuki,Alto,2001,12345,895000,Petrol,Karachi,Original,Local,Automatic,25,474.8076923076923
Suzuki,Wagon R,2021,36500,2720000,Petrol,Lahore,Original,Local,Manual,5,6083.333333333333
Toyota,Yaris,2022,36000,4800000,Petrol,Punjab,Original,Local,Automatic,4,7200.0
Suzuki,Alto,2006,5000,650000,Petrol,Karachi,Original,Local,Manual,20,238.0952380952381
Hyundai,Santro,2003,99000,850000,Petrol,Lahore,Original,Local,Manual,23,4125.0
Daihatsu,Move,2013,144000,1800000,Petrol,Lahore,Original,Imported,Automatic,13,10285.714285714286
Honda,City Aspire,2001,202800,800000,Petrol,Karachi,Original,Local,Manual,25,7800.0
Daihatsu,Hijet,2016,85000,1035000,Petrol,Lahore,Original,Imported,Automatic,10,7727.272727272727
Hyundai,Santro,2006,289077,835000,Petrol,Lahore,Original,Imported,Manual,20,13765.57142857143
Suzuki,Mehran VXR,2007,123456,680000,Petrol,Islamabad,Original,Imported,Manual,19,6172.8
Suzuki,Swift,2017,28000,2525000,Petrol,Lahore,Original,Local,Manual,9,2800.0
Suzuki,Cultus VXR,2011,98000,1200000,Petrol,Sindh,Original,Imported,Manual,15,6125.0
Suzuki,Swift,2017,122000,2400000,Petrol,Sindh,Original,Imported,Manual,9,12200.0
Honda,City IVTEC,2015,105945,3300000,Petrol,Islamabad,Original,Local,Manual,11,8828.75
Honda,City IVTEC,2001,258000,775000,Petrol,Karachi,Original,Imported,Automatic,25,9923.076923076924
Toyota,Corolla XLI,2010,225000,2090000,Petrol,Lahore,Original,Local,Manual,16,13235.29411764706
Suzuki,Bolan,2012,40000,650000,Petrol,Islamabad,Original,Local,Manual,14,2666.6666666666665
Honda,Civic Prosmetic,2005,197000,1550000,Petrol,Lahore,Original,Local,Automatic,21,8954.545454545454
Daihatsu,Cuore,2006,150000,690000,Petrol,Sindh,Original,Imported,Manual,20,7142.857142857143
Daihatsu,Mira,2007,180000,1570000,Petrol,Lahore,Original,Imported,Automatic,19,9000.0
Honda,City IVTEC,2019,51000,3800000,Petrol,Lahore,Original,Local,Manual,7,6375.0
Toyota,Corrolla Altis,2020,33000,4950000,Petrol,Karachi,Original,Local,Automatic,6,4714.285714285715
Daihatsu,Hijet,2011,100000,1150000,Petrol,Karachi,Original,Imported,Manual,15,6250.0
Mitsubishi,Minicab Bravo,2010,100000,825000,Petrol,Karachi,Original,Imported,Automatic,16,5882.35294117647
Honda,Civic Oriel,2017,38000,5000000,Petrol,Islamabad,Original,Imported,Automatic,9,3800.0
Honda,City IVTEC,2014,123000,2800000,Petrol,Lahore,Original,Local,Manual,12,9461.538461538461
Honda,City IVTEC,2019,80000,4000000,Petrol,Lahore,Original,Imported,Automatic,7,10000.0
Toyota,Corolla GLI,2017,61000,3650000,Petrol,Sindh,Original,Imported,Automatic,9,6100.0
Changan,Karvaan,2020,50000,2035000,Petrol,Karachi,Original,Imported,Manual,6,7142.857142857143
Suzuki,Every,2004,140000,1500000,Petrol,Lahore,Original,Imported,Manual,22,6086.95652173913
Suzuki,Wagon R,2017,53000,1775000,Petrol,Karachi,Original,Local,Manual,9,5300.0
Honda,City IVTEC,2010,200000,2250000,Petrol,Lahore,Original,Local,Manual,16,11764.70588235294
Honda,Civic Oriel,2007,225576,1900000,Petrol,Lahore,Original,Imported,Manual,19,11278.8
Suzuki,Swift,2016,70000,2175000,Petrol,Lahore,Original,Local,Manual,10,6363.636363636364
Suzuki,Alto,2019,83800,2290000,Petrol,Karachi,Original,Imported,Automatic,7,10475.0
Daihatsu,Mira,2013,1234,2450000,Petrol,Lahore,Original,Imported,Automatic,13,88.14285714285714
Daihatsu,Cuore,2007,12453,795000,Petrol,Multan,Original,Imported,Manual,19,622.65
Honda,Civic Prosmetic,2007,42000,2350000,Petrol,Karachi,Original,Local,Automatic,19,2100.0
Toyota,Corrolla Altis,2015,100000,3850000,Petrol,Islamabad,Original,Local,Automatic,11,8333.333333333334
Suzuki,Cultus VXR,2007,58000,850000,Petrol,Karachi,Original,Local,Manual,19,2900.0
Hyundai,Santro,2000,248599,580000,Petrol,Faisalabad,Original,Local,Manual,26,9207.37037037037
FAW,X-PV,2019,195000,1200000,Petrol,Karachi,Original,Imported,Manual,7,24375.0
Suzuki,Mehran VXR,2014,10000,900000,Petrol,Lahore,Original,Imported,Manual,12,769.2307692307693
Suzuki,Every,2023,50000,2725000,Petrol,Lahore,Original,Imported,Manual,3,12500.0
FAW,V2,2018,55600,1650000,Petrol,Sindh,Original,Local,Manual,8,6177.777777777777
Daihatsu,Cuore,2007,100000,700000,CNG,Karachi,Original,Local,Manual,19,5000.0
Toyota,Yaris,2021,29000,4315000,Petrol,Punjab,Original,Local,Automatic,5,4833.333333333333
Toyota,Corolla XLI,2007,9750,1470000,Petrol,Karachi,Original,Local,Automatic,19,487.5
Suzuki,Swift,2022,18000,4200000,Petrol,Karachi,Original,Local,Automatic,4,3600.0
Honda,City IVTEC,2011,129000,2300000,Petrol,Multan,Original,Imported,Manual,15,8062.5
Mitsubishi,Lancer,2005,160000,1195000,Petrol,Karachi,Original,Imported,Manual,21,7272.727272727273
Suzuki,Swift,2021,11000,3430000,Petrol,Karachi,Original,Local,Automatic,5,1833.3333333333333
Daihatsu,Hijet,2009,62544,1175000,Petrol,Lahore,Original,Imported,Manual,17,3474.6666666666665
Hyundai,Santro,2005,5000,730000,Petrol,Sindh,Original,Local,Manual,21,227.27272727272728
Suzuki,Bolan,2004,123456,530000,Petrol,Karachi,Original,Local,Manual,22,5367.652173913043
Toyota,Corrolla Altis,2012,126000,3380000,Petrol,Lahore,Original,Local,Automatic,14,8400.0
Toyota,Corolla GLI,2009,120000,2500000,Petrol,Islamabad,Original,Local,Manual,17,6666.666666666667
Honda,City Aspire,2019,68900,3980000,Petrol,Lahore,Original,Local,Automatic,7,8612.5
Honda,Civic Prosmetic,2007,1234,2125000,Petrol,Lahore,Original,Local,Automatic,19,61.7
Suzuki,Bolan,2007,80000,680000,Petrol,Karachi,Original,Local,Manual,19,4000.0
Hyundai,Santro,2004,145000,950000,Petrol,Karachi,Original,Local,Manual,22,6304.347826086957
Suzuki,Alto,2011,72000,1240000,Petrol,Lahore,Original,Local,Manual,15,4500.0
Honda,City IVTEC,2016,84000,2900000,Petrol,Lahore,Original,Local,Manual,10,7636.363636363636
Suzuki,Cultus VXR,2008,64200,1094000,Petrol,Islamabad,Original,Local,Manual,18,3378.9473684210525
Mitsubishi,Ek Wagon,2013,150000,1750000,Petrol,Lahore,Original,Imported,Automatic,13,10714.285714285714
Daihatsu,Cuore,2005,100000,750000,Petrol,Karachi,Original,Local,Automatic,21,4545.454545454545
Daihatsu,Cuore,2011,100000,875000,Petrol,Rahimyar Khan,Original,Local,Manual,15,6250.0
Honda,City Aspire,2021,11500,4600000,Petrol,Islamabad,Original,Local,Automatic,5,1916.6666666666667
Suzuki,Bolan,2010,70000,680000,Petrol,Karachi,Original,Local,Manual,16,4117.64705882353
FAW,X-PV,2013,12345,680000,Petrol,Islamabad,Original,Imported,Manual,13,881.7857142857143
Daihatsu,Cuore,2008,12345,1035000,Petrol,Islamabad,Original,Imported,Manual,18,649.7368421052631
Daihatsu,Mira,2014,100000,1960000,Petrol,Islamabad,Original,Imported,Manual,12,7692.307692307692
Suzuki,Cultus VXR,2016,55000,1650000,Petrol,Lahore,Original,Local,Manual,10,5000.0
Toyota,Corolla GLI,2009,150000,1920000,Petrol,Karachi,Original,Local,Manual,17,8333.333333333334
Suzuki,Wagon R,2022,21000,3050000,Petrol,Lahore,Original,Local,Manual,4,4200.0
Honda,City IVTEC,2015,135000,2975000,Petrol,Lahore,Original,Local,Manual,11,11250.0
Daihatsu,Mira,2010,120000,1800000,Petrol,Lahore,Original,Imported,Automatic,16,7058.823529411765
Daihatsu,Cuore,2008,118000,900000,Petrol,Islamabad,Original,Imported,Manual,18,6210.526315789473
Honda,City IVTEC,2009,156000,2260000,Petrol,Islamabad,Original,Local,Manual,17,8666.666666666666
Toyota,Corolla GLI,2013,160000,3150000,Petrol,Lahore,Original,Local,Automatic,13,11428.57142857143
Suzuki,Alto,2008,150000,1560000,Petrol,Lahore,Original,Imported,Automatic,18,7894.736842105263
Toyota,Corolla XLI,2011,92210,2090000,Petrol,Sindh,Original,Local,Manual,15,5763.125
Honda,City IVTEC,2017,52000,3300000,Petrol,Lahore,Original,Local,Manual,9,5200.0
Daihatsu,Move,2014,122000,2450000,Petrol,Islamabad,Original,Imported,Automatic,12,9384.615384615385
Suzuki,Cultus VXR,2016,96000,1460000,Petrol,Karachi,Original,Local,Manual,10,8727.272727272728
Suzuki,Mehran VXR,2018,58000,1360000,Petrol,Islamabad,Original,Local,Manual,8,6444.444444444444
Suzuki,Ravi,2015,36000,1050000,Petrol,Karachi,Original,Local,Manual,11,3000.0
Honda,City IVTEC,2018,107000,3800000,Petrol,Lahore,Original,Local,Automatic,8,11888.888888888889
Suzuki,Cultus VXR,2002,12345,630000,Petrol,Faisalabad,Original,Imported,Manual,24,493.8
Honda,City IVTEC,2022,32000,4375000,Petrol,Karachi,Original,Local,Automatic,4,6400.0
Honda,City Aspire,2013,116681,2950000,Petrol,Lahore,Original,Local,Automatic,13,8334.357142857143
Daihatsu,Cuore,2011,82000,980000,Petrol,Karachi,Original,Local,Manual,15,5125.0
Honda,City IVTEC,2020,90000,3850000,Petrol,Lahore,Original,Local,Manual,6,12857.142857142857
Suzuki,Bolan,2018,48000,1470000,Petrol,Rawalpindi,Original,Imported,Manual,8,5333.333333333333
Honda,Civic Prosmetic,2001,195000,1300000,Petrol,Karachi,Original,Local,Automatic,25,7500.0
Suzuki,Wagon R,2018,30000,2300000,Petrol,Lahore,Original,Local,Manual,8,3333.3333333333335
Toyota,Corolla XLI,2013,9999,2130000,Petrol,Sindh,Original,Local,Manual,13,714.2142857142857
Toyota,Corolla GLI,2005,123456,1680000,Petrol,Lahore,Original,Local,Manual,21,5611.636363636364
Honda,Civic Prosmetic,2004,205666,1550000,Petrol,Karachi,Original,Local,Automatic,22,8942.0
Suzuki,Bolan,2018,60000,1350000,Petrol,Lahore,Original,Imported,Manual,8,6666.666666666667
Suzuki,Mehran VXR,2006,1111,500000,Petrol,Lahore,Original,Local,Manual,20,52.904761904761905
Daihatsu,Move,2013,64000,1800000,Petrol,Sindh,Original,Imported,Automatic,13,4571.428571428572
Suzuki,Bolan,2014,55750,950000,Petrol,Lahore,Original,Local,Manual,12,4288.461538461538
Toyota,Corolla XLI,2011,122000,2320000,Petrol,Lahore,Original,Local,Manual,15,7625.0
Honda,City IVTEC,2019,76000,3715000,Petrol,Lahore,Original,Local,Automatic,7,9500.0
Toyota,Corrolla Altis,2020,58000,4400000,Petrol,Karachi,Original,Local,Automatic,6,8285.714285714286
Suzuki,Baleno,2000,154000,650000,Petrol,Lahore,Original,Local,Manual,26,5703.7037037037035
Hyundai,Santro,2007,140000,1375000,Petrol,Lahore,Original,Local,Manual,19,7000.0
Suzuki,Wagon R,2016,142500,1870000,Petrol,Lahore,Original,Local,Manual,10,12954.545454545454
KIA,Sportage,2003,64000,1500000,Petrol,Lahore,Original,Imported,Automatic,23,2666.6666666666665
Suzuki,Bolan,2022,30800,1800000,Petrol,Punjab,Original,Local,Manual,4,6160.0
Daihatsu,Hijet,2011,12345,1190000,Petrol,Karachi,Original,Imported,Automatic,15,771.5625
Honda,City IDSI,2006,150000,1600000,Petrol,Lahore,Original,Local,Manual,20,7142.857142857143
Suzuki,Bolan,2016,195000,1075000,Petrol,Sahiwal,Original,Local,Manual,10,17727.272727272728
Suzuki,Wagon R,2022,35000,3050000,Petrol,Islamabad,Original,Local,Automatic,4,7000.0
Toyota,Corolla GLI,2018,169000,4350000,Petrol,Islamabad,Original,Local,Manual,8,18777.777777777777
Suzuki,Mehran VXR,2018,50000,1330000,Petrol,Lahore,Original,Local,Manual,8,5555.555555555556
Suzuki,Mehran VXR,2012,100000,850000,Petrol,Bahawalpur,Original,Local,Manual,14,6666.666666666667
Honda,City IVTEC,2017,155000,3500000,Petrol,Rawalpindi,Original,Local,Automatic,9,15500.0
KIA,Picanto,2020,25000,2995000,Petrol,Punjab,Original,Imported,Automatic,6,3571.4285714285716
Toyota,Corolla XLI,2008,114000,1560000,Petrol,Lahore,Original,Local,Manual,18,6000.0
Suzuki,Alto,2014,10000,1550000,Petrol,Multan,Original,Imported,Automatic,12,769.2307692307693
Toyota,Corrolla Altis,2016,115000,4400000,Petrol,Lahore,Original,Local,Automatic,10,10454.545454545454
Toyota,Corolla GLI,2018,55000,3998000,Petrol,Lahore,Original,Local,Manual,8,6111.111111111111
Honda,City IVTEC,2016,87000,3120000,Petrol,Islamabad,Original,Local,Manual,10,7909.090909090909
Suzuki,Bolan,2022,10000,1850000,Petrol,Lahore,Original,Local,Manual,4,2000.0
Daihatsu,Mira,2019,30000,3600000,Petrol,Karachi,Original,Imported,Automatic,7,3750.0
Hyundai,Santro,2006,80000,860000,Petrol,Lahore,Original,Local,Manual,20,3809.5238095238096
Daihatsu,Hijet,2011,12345,1195000,Petrol,Karachi,Original,Imported,Automatic,15,771.5625
Daihatsu,Mira,2013,122000,2150000,Petrol,Lahore,Original,Imported,Automatic,13,8714.285714285714
Toyota,Corrolla Altis,2019,39000,5000000,Petrol,Sindh,Original,Local,Automatic,7,4875.0
Suzuki,Every,2010,150000,1430000,Petrol,Lahore,Original,Imported,Automatic,16,8823.529411764706
Suzuki,Alto,2020,76000,2200000,Petrol,Okara,Original,Imported,Manual,6,10857.142857142857
Suzuki,Wagon R,2017,94000,1900000,Petrol,Lahore,Original,Local,Manual,9,9400.0
Honda,Civic Prosmetic,2005,180000,1500000,Petrol,Lahore,Original,Local,Automatic,21,8181.818181818182
Hyundai,Santro,2006,200000,1095000,CNG,Islamabad,Original,Imported,Manual,20,9523.809523809523
Honda,City IDSI,2004,187000,1350000,Petrol,Karachi,Original,Local,Manual,22,8130.434782608696
Suzuki,Every,2018,13541,1975000,Petrol,Lahore,Original,Imported,Manual,8,1504.5555555555557
Suzuki,Alto,2007,170000,950000,Petrol,Peshawar,Original,Imported,Automatic,19,8500.0
Toyota,Prius,2008,100000,2950000,Petrol,Lahore,Original,Imported,Manual,18,5263.1578947368425
Honda,City Aspire,2015,92000,3050000,Petrol,Karachi,Original,Local,Automatic,11,7666.666666666667
Suzuki,Alto,2006,100000,650000,Petrol,Karachi,Original,Local,Manual,20,4761.9047619047615
Hyundai,Santro,2006,145000,825000,Petrol,Karachi,Original,Imported,Manual,20,6904.761904761905
Daihatsu,Cuore,2008,200000,1075000,Petrol,Lahore,Original,Imported,Automatic,18,10526.315789473685
Toyota,Corolla GLI,2007,99000,1800000,Petrol,Karachi,Original,Local,Manual,19,4950.0
Daihatsu,Mira,2007,170000,1695000,Petrol,Lahore,Original,Imported,Automatic,19,8500.0
Suzuki,Swift,2022,9500,4500000,Petrol,Islamabad,Original,Local,Automatic,4,1900.0
Toyota,Corolla GLI,2016,49000,4000000,Petrol,Karachi,Original,Local,Manual,10,4454.545454545455
Hyundai,Santro,2007,194911,1100000,Petrol,Lahore,Original,Local,Manual,19,9745.55
Daihatsu,Cuore,2007,229321,850000,Petrol,Lahore,Original,Imported,Manual,19,11466.05
Honda,City Vario,2001,200000,1300000,Petrol,Islamabad,Original,Local,Manual,25,7692.307692307692
Suzuki,Cultus VXR,2006,125000,665000,Petrol,Lahore,Original,Local,Manual,20,5952.380952380952
Toyota,Corolla GLI,2011,181220,2850000,Petrol,Sindh,Original,Local,Manual,15,11326.25
Toyota,Corrolla Altis,2004,20000,1125000,Petrol,Lahore,Original,Local,Manual,22,869.5652173913044
Suzuki,Bolan,2015,37000,915000,Petrol,Rawalpindi,Original,Local,Manual,11,3083.3333333333335
Honda,City IVTEC,2014,121500,2725000,Petrol,Islamabad,Original,Imported,Manual,12,9346.153846153846
Changan,Alsvin,2021,19000,3780000,Petrol,Islamabad,Original,Local,Automatic,5,3166.6666666666665
Suzuki,Mehran VXR,2008,95000,750000,Petrol,Lahore,Original,Local,Automatic,18,5000.0
Changan,Karvaan,2021,30000,2380000,Petrol,Lahore,Original,Local,Manual,5,5000.0
Suzuki,Alto,2009,125000,800000,Petrol,Karachi,Original,Local,Manual,17,6944.444444444444
Honda,City IVTEC,2022,30000,4580000,Petrol,Lahore,Original,Local,Automatic,4,6000.0
Toyota,Corrolla Altis,2012,190000,3200000,Petrol,Karachi,Original,Local,Automatic,14,12666.666666666666
Suzuki,Wagon R,2018,66000,2100000,Petrol,Lahore,Original,Imported,Manual,8,7333.333333333333
Honda,City IVTEC,2020,17000,4150000,Petrol,Lahore,Original,Local,Manual,6,2428.5714285714284
Honda,City IVTEC,2015,145000,2875000,Petrol,Lahore,Original,Local,Manual,11,12083.333333333334
Hyundai,Santro,2005,135868,791000,Petrol,Sindh,Original,Local,Manual,21,6175.818181818182
Suzuki,Bolan,2016,92500,850000,Petrol,Karachi,Original,Local,Automatic,10,8409.09090909091
Suzuki,Mehran VXR,2014,100000,900000,Petrol,Lahore,Original,Imported,Manual,12,7692.307692307692
Suzuki,Mehran VXR,2005,127000,590000,Petrol,Lahore,Original,Local,Manual,21,5772.727272727273
Honda,Civic Oriel,2017,86000,4580000,Petrol,Karachi,Original,Local,Automatic,9,8600.0
Daihatsu,Cuore,2002,218454,650000,Petrol,Faisalabad,Original,Local,Manual,24,8738.16
Daihatsu,Mira,2020,27500,3320000,Petrol,Karachi,Original,Imported,Automatic,6,3928.5714285714284
Daihatsu,Cuore,2004,123545,650000,Petrol,Lahore,Original,Imported,Manual,22,5371.521739130435
Toyota,Corolla XLI,2014,107540,3400000,Petrol,Lahore,Original,Local,Manual,12,8272.307692307691
Suzuki,Alto,2010,12345,1000000,Petrol,Karachi,Original,Imported,Manual,16,726.1764705882352
Suzuki,Every,2017,93000,1670000,Petrol,Lahore,Original,Imported,Manual,9,9300.0
Daihatsu,Hijet,2017,24000,2200000,Petrol,Karachi,Original,Imported,Automatic,9,2400.0
Toyota,Corolla GLI,2009,50000,1845000,Petrol,Karachi,Original,Local,Manual,17,2777.777777777778
Suzuki,Wagon R,2021,40000,2850000,Petrol,Punjab,Original,Local,Manual,5,6666.666666666667
Suzuki,Mehran VXR,2015,98000,900000,Petrol,Karachi,Original,Local,Manual,11,8166.666666666667
Hyundai,Santro,2005,234690,930000,Petrol,Faisalabad,Original,Imported,Manual,21,10667.727272727272
FAW,X-PV,2017,95000,850000,Petrol,Dera Ghazi Khan,Original,Imported,Manual,9,9500.0
Toyota,Yaris,2020,96000,4200000,Petrol,Islamabad,Original,Local,Automatic,6,13714.285714285714
Hyundai,Santro,2003,120000,720000,Petrol,Lahore,Original,Imported,Manual,23,5000.0
Hyundai,Santro,2003,144297,1000000,Petrol,Sindh,Original,Imported,Manual,23,6012.375
Honda,Civic Prosmetic,2013,93000,3450000,Petrol,Islamabad,Original,Local,Automatic,13,6642.857142857143
Suzuki,Baleno,2001,20000,860000,Petrol,Lahore,Original,Local,Manual,25,769.2307692307693
Daihatsu,Mira,2012,78000,2050000,Petrol,Islamabad,Original,Imported,Automatic,14,5200.0
Daihatsu,Cuore,2010,100000,850000,Petrol,Karachi,Original,Imported,Manual,16,5882.35294117647
Suzuki,Bolan,2015,60000,930000,Petrol,Multan,Original,Local,Manual,11,5000.0
Suzuki,Mehran VXR,2012,36000,740000,Petrol,Karachi,Original,Local,Manual,14,2400.0
Suzuki,Bolan,2011,85000,670000,Petrol,Karachi,Original,Local,Manual,15,5312.5
Suzuki,Mehran VXR,2014,40000,1025000,Petrol,Sindh,Original,Local,Manual,12,3076.923076923077
Toyota,Corolla XLI,2007,194000,1900000,Petrol,Lahore,Original,Local,Manual,19,9700.0
Honda,Civic Prosmetic,2010,127000,2450000,Petrol,Lahore,Original,Imported,Automatic,16,7470.588235294118
Suzuki,Cultus VXR,2014,35000,1495000,Petrol,Lahore,Original,Local,Manual,12,2692.3076923076924
Suzuki,Swift,2012,97000,2025000,Petrol,Islamabad,Original,Local,Manual,14,6466.666666666667
Honda,Civic EXi,2004,266000,1380000,Petrol,Karachi,Original,Local,Automatic,22,11565.217391304348
Changan,Alsvin,2022,30000,4150000,Petrol,Islamabad,Original,Local,Automatic,4,6000.0
Toyota,Corolla GLI,2016,85000,3300000,Petrol,Karachi,Original,Local,Automatic,10,7727.272727272727
Suzuki,Every,2016,90000,2400000,Petrol,Unregistered,Original,Imported,Automatic,10,8181.818181818182
Daihatsu,Cuore,2008,193190,930000,Petrol,Lahore,Original,Local,Manual,18,10167.894736842105
Suzuki,Bolan,2014,59000,875000,Petrol,Karachi,Original,Local,Manual,12,4538.461538461538
Suzuki,Bolan,2018,84800,1460000,Petrol,Islamabad,Original,Local,Manual,8,9422.222222222223
Toyota,Corolla GLI,2019,97000,4950000,Petrol,Lahore,Original,Local,Automatic,7,12125.0
Daihatsu,Hijet,2010,123456,1250000,Petrol,Karachi,Original,Imported,Automatic,16,7262.117647058823
Suzuki,Every,2010,150000,1600000,Petrol,Islamabad,Original,Imported,Automatic,16,8823.529411764706
Honda,City IVTEC,2021,36000,4600000,Petrol,Lahore,Original,Local,Automatic,5,6000.0
Suzuki,Wagon R,2016,90000,2185000,Petrol,Lahore,Original,Local,Manual,10,8181.818181818182
Suzuki,Alto,2000,150000,1260000,Petrol,Islamabad,Original,Imported,Automatic,26,5555.555555555556
Honda,City IVTEC,2018,100000,3299000,Petrol,Lahore,Original,Local,Manual,8,11111.111111111111
Toyota,Altis Grande,2016,80000,3470000,Petrol,Karachi,Original,Local,Automatic,10,7272.727272727273
Toyota,Yaris,2022,3200,4800000,Petrol,Karachi,Original,Local,Automatic,4,640.0
Hyundai,Santro,2004,100000,825000,Petrol,Sindh,Original,Local,Automatic,22,4347.826086956522
Toyota,Corolla GLI,2013,120000,2500000,Petrol,Sindh,Original,Local,Manual,13,8571.42857142857
Daihatsu,Mira,2018,37000,3300000,Petrol,Karachi,Original,Imported,Automatic,8,4111.111111111111
Honda,Civic Oriel,2017,107000,4900000,Petrol,Lahore,Original,Local,Automatic,9,10700.0
Honda,City Aspire,2022,10300,5000000,Petrol,Karachi,Original,Local,Automatic,4,2060.0
FAW,V2,2018,129000,1550000,Petrol,Lahore,Original,Local,Manual,8,14333.333333333334
Suzuki,Bolan,2010,100000,960000,Petrol,Lahore,Original,Imported,Manual,16,5882.35294117647
Hyundai,Santro,2006,12453,950000,Petrol,Lahore,Original,Imported,Manual,20,593.0
Honda,City Aspire,2018,64000,3950000,Petrol,Lahore,Original,Local,Automatic,8,7111.111111111111
Toyota,Yaris,2020,57000,4980000,Petrol,Unregistered,Original,Imported,Automatic,6,8142.857142857143
Suzuki,Alto,2007,103000,920000,Petrol,Lahore,Original,Imported,Manual,19,5150.0
Honda,City Aspire,2021,30000,4300000,Petrol,Karachi,Original,Local,Automatic,5,5000.0
Honda,City IVTEC,2010,106000,2425000,Petrol,Karachi,Original,Local,Automatic,16,6235.294117647059
Honda,Civic Oriel,2006,162000,1600000,Petrol,Islamabad,Original,Imported,Manual,20,7714.285714285715
Suzuki,Mehran VXR,2014,110000,930000,Petrol,Lahore,Original,Imported,Manual,12,8461.538461538461
Suzuki,Alto,2004,125000,700000,Petrol,Rawalpindi,Original,Local,Manual,22,5434.782608695652
Toyota,Corolla GLI,2017,111000,4100000,Petrol,Rawalpindi,Original,Local,Automatic,9,11100.0
Daihatsu,Mira,2013,78000,1800000,Petrol,Karachi,Original,Imported,Automatic,13,5571.428571428572
Toyota,Passo,2010,93800,2380000,Petrol,Islamabad,Original,Imported,Automatic,16,5517.64705882353
Toyota,Corolla GLI,2019,65000,4100000,Petrol,Karachi,Original,Local,Manual,7,8125.0
Suzuki,Mehran VXR,2005,20,650000,Petrol,Faisalabad,Original,Local,Manual,21,0.9090909090909091
Suzuki,Alto,2005,30000,610000,Petrol,Punjab,Original,Imported,Manual,21,1363.6363636363637
Honda,City Vario,2008,160000,2450000,Petrol,Islamabad,Original,Local,Automatic,18,8421.052631578947
Toyota,Corolla XLI,2010,111111,2450000,Petrol,Islamabad,Original,Local,Manual,16,6535.941176470588
Honda,City IVTEC,2018,56650,3650000,Petrol,Islamabad,Original,Local,Manual,8,6294.444444444444
Suzuki,Mehran VXR,2016,33000,1190000,Petrol,Lahore,Original,Imported,Manual,10,3000.0
Suzuki,Mehran VXR,2013,32000,920000,Petrol,Sindh,Original,Local,Manual,13,2285.714285714286
Hyundai,Santro,2006,138771,925000,Petrol,Lahore,Original,Imported,Manual,20,6608.142857142857
Honda,Civic Prosmetic,2012,150000,2800000,Petrol,Lahore,Original,Local,Automatic,14,10000.0
Changan,Alsvin,2021,13000,3950000,Petrol,Karachi,Original,Local,Automatic,5,2166.6666666666665
Honda,Civic Prosmetic,2012,95000,2175000,Petrol,Lahore,Original,Local,Manual,14,6333.333333333333
Toyota,Corrolla Altis,2016,64000,4700000,Petrol,Lahore,Original,Local,Manual,10,5818.181818181818
Suzuki,Alto,2020,52000,2100000,Petrol,Karachi,Original,Local,Manual,6,7428.571428571428
Suzuki,Every,2018,94000,1740000,Petrol,Lahore,Original,Imported,Manual,8,10444.444444444445
Daihatsu,Move,2022,5600,3700000,Petrol,Lahore,Original,Imported,Automatic,4,1120.0
Toyota,Yaris,2020,70000,4600000,Petrol,Punjab,Original,Local,Automatic,6,10000.0
Mitsubishi,Pajero Mini,2012,86532,2090000,Petrol,Lahore,Original,Imported,Automatic,14,5768.8
FAW,X-PV,2021,67000,1620000,Petrol,Sindh,Original,Imported,Manual,5,11166.666666666666
Honda,City IVTEC,2013,98000,2750000,Petrol,Lahore,Original,Local,Automatic,13,7000.0
Daihatsu,Mira,2010,125000,1625000,Petrol,Karachi,Original,Imported,Automatic,16,7352.941176470588
Suzuki,Cultus VXR,2016,34500,1670000,Petrol,Faisalabad,Original,Local,Manual,10,3136.3636363636365
Honda,Civic Oriel,2004,231800,1200000,Petrol,Lahore,Original,Local,Manual,22,10078.260869565218
Toyota,Corolla GLI,2013,160000,2650000,Petrol,Karachi,Original,Local,Manual,13,11428.57142857143
Toyota,Corolla XLI,2009,88000,1880000,Petrol,Karachi,Original,Local,Manual,17,4888.888888888889
Daihatsu,Terios Kid,2000,98000,1350000,Petrol,Karachi,Original,Imported,Automatic,26,3629.6296296296296
Toyota,Yaris,2021,18000,4100000,Petrol,Karachi,Original,Local,Automatic,5,3000.0
Honda,City IVTEC,2013,75000,2395000,Petrol,Lahore,Original,Local,Manual,13,5357.142857142857
Suzuki,Wagon R,2015,109000,1980000,Petrol,Lahore,Original,Local,Manual,11,9083.333333333334
Hyundai,Santro,2004,140000,830000,Petrol,Lahore,Original,Local,Manual,22,6086.95652173913
Honda,City Aspire,2016,96500,3550000,Petrol,Islamabad,Original,Local,Automatic,10,8772.727272727272
Suzuki,Alto,2020,102000,1950000,Petrol,Sindh,Original,Local,Manual,6,14571.42857142857
Suzuki,Wagon R,2021,23700,2635000,Petrol,Lahore,Original,Imported,Manual,5,3950.0
Suzuki,Bolan,2016,60000,1450000,Petrol,Islamabad,Original,Local,Manual,10,5454.545454545455
Honda,City IVTEC,2014,12345,2390000,Petrol,Sindh,Original,Local,Manual,12,949.6153846153846
Suzuki,Wagon R,2021,24000,1890000,Petrol,Lahore,Original,Local,Manual,5,4000.0
Suzuki,Alto,2011,50000,1100000,Petrol,Rawalpindi,Original,Local,Manual,15,3125.0
Suzuki,Bolan,2018,50000,1450000,Petrol,Islamabad,Original,Local,Manual,8,5555.555555555556
Honda,City Aspire,2014,98700,3200000,Petrol,Lahore,Original,Local,Automatic,12,7592.307692307692
Toyota,Altis Grande,2016,89000,4585000,Petrol,Lahore,Original,Local,Automatic,10,8090.909090909091
Suzuki,Ravi,2014,123456,620000,Petrol,Karachi,Original,Local,Manual,12,9496.615384615385
Suzuki,Swift,2011,150000,1600000,Petrol,Lahore,Original,Local,Manual,15,9375.0
Honda,City IVTEC,2015,123456,3050000,Petrol,Islamabad,Original,Imported,Manual,11,10288.0
Suzuki,Alto,2004,150000,465000,Petrol,Sindh,Original,Imported,Manual,22,6521.739130434783
Honda,Civic Prosmetic,2015,155000,3450000,Petrol,Lahore,Original,Local,Automatic,11,12916.666666666666
Suzuki,Alto,2011,60000,1000000,Petrol,Karachi,Original,Local,Manual,15,3750.0
Daihatsu,Cuore,2011,12500,950000,Petrol,Karachi,Original,Imported,Manual,15,781.25
Toyota,Corrolla Altis,2011,200000,2750000,Petrol,Sindh,Original,Imported,Manual,15,12500.0
Toyota,Corrolla Altis,2009,123456,1980000,Petrol,Karachi,Original,Local,Automatic,17,6858.666666666667
Mitsubishi,Lancer,2005,157000,1325000,Petrol,Karachi,Original,Imported,Automatic,21,7136.363636363636
Honda,City IDSI,2005,2500,1200000,Petrol,Lahore,Original,Local,Manual,21,113.63636363636364
Suzuki,Every,2017,75000,1675000,Petrol,Lahore,Original,Imported,Automatic,9,7500.0
Honda,City IVTEC,2016,100400,3100000,Petrol,Karachi,Original,Local,Automatic,10,9127.272727272728
Toyota,Corolla GLI,2011,147000,2650000,Petrol,Lahore,Original,Local,Automatic,15,9187.5
Toyota,Corolla GLI,2013,130000,2325000,Petrol,Lahore,Original,Imported,Manual,13,9285.714285714286
Suzuki,Cultus VXR,2001,150000,570000,Petrol,Lahore,Original,Local,Manual,25,5769.2307692307695
Suzuki,Bolan,2015,46000,1120000,Petrol,Lahore,Original,Local,Manual,11,3833.3333333333335
Honda,Civic Prosmetic,2013,78500,3050000,Petrol,Sindh,Original,Local,Automatic,13,5607.142857142857
Suzuki,Alto,2006,120792,1680000,Petrol,Lahore,Original,Imported,Automatic,20,5752.0
Suzuki,Wagon R,2019,65000,2250000,Petrol,Lahore,Original,Imported,Manual,7,8125.0
Daihatsu,Mira,2012,106000,2450000,Petrol,Lahore,Original,Imported,Automatic,14,7066.666666666667
Daihatsu,Move,2015,90000,2715000,Petrol,Punjab,Original,Imported,Automatic,11,7500.0
Daihatsu,Hijet,2014,156000,1280000,Petrol,Lahore,Original,Imported,Manual,12,12000.0
Daihatsu,Mira,2013,75000,2230000,Petrol,Rawalpindi,Original,Imported,Automatic,13,5357.142857142857
KIA,Picanto,2021,23000,3200000,Petrol,Punjab,Original,Local,Automatic,5,3833.3333333333335
Suzuki,Cultus VXR,2008,84548,860000,Petrol,Karachi,Original,Local,Manual,18,4449.894736842105
Honda,City IVTEC,2015,105000,2600000,Petrol,Islamabad,Original,Local,Manual,11,8750.0
KIA,Classic,2001,100000,550000,Petrol,Rawalpindi,Original,Imported,Manual,25,3846.153846153846
Suzuki,Swift,2011,104500,1550000,Petrol,Lahore,Original,Local,Manual,15,6531.25
Toyota,Corolla XLI,2012,99000,2300000,Petrol,Lahore,Original,Local,Manual,14,6600.0
Toyota,Corolla GLI,2015,91000,3645000,Petrol,Lahore,Original,Local,Automatic,11,7583.333333333333
Hyundai,Santro,2006,150000,750000,Petrol,Sindh,Original,Imported,Manual,20,7142.857142857143
Honda,Civic Oriel,2013,71000,3325000,Petrol,Sindh,Original,Local,Automatic,13,5071.428571428572
Suzuki,Baleno,2005,29546,1000000,Petrol,Islamabad,Original,Local,Manual,21,1343.0
Suzuki,Mehran VXR,2015,80000,950000,Petrol,Karachi,Original,Local,Manual,11,6666.666666666667
Toyota,Corrolla Altis,2017,51200,4720000,Petrol,Lahore,Original,Local,Automatic,9,5120.0
Mitsubishi,Ek Wagon,2012,98500,1890000,Petrol,Lahore,Original,Imported,Automatic,14,6566.666666666667
Suzuki,Swift,2013,102785,1540000,Petrol,Karachi,Original,Local,Manual,13,7341.785714285715
Toyota,Corolla XLI,2020,91000,4075000,Petrol,Lahore,Original,Local,Automatic,6,13000.0
Honda,City IVTEC,2001,110000,800000,Petrol,Lahore,Original,Local,Manual,25,4230.7692307692305
Suzuki,Wagon R,2018,77000,2000000,Petrol,Lahore,Original,Local,Manual,8,8555.555555555555
Toyota,Yaris,2022,40600,3500000,Petrol,Karachi,Original,Local,Manual,4,8120.0
Honda,City Aspire,2006,200000,1725000,Petrol,Lahore,Original,Local,Manual,20,9523.809523809523
Suzuki,Bolan,2015,134000,830000,Petrol,Lahore,Original,Imported,Manual,11,11166.666666666666
Suzuki,Mehran VXR,2005,80000,600000,Petrol,Lahore,Original,Local,Manual,21,3636.3636363636365
Toyota,Yaris,2021,42000,3850000,Petrol,Islamabad,Original,Local,Manual,5,7000.0
Suzuki,Mehran VXR,2017,70000,1230000,Petrol,Lahore,Original,Local,Manual,9,7000.0
Toyota,Corrolla Altis,2018,113308,4375000,Petrol,Sindh,Original,Local,Automatic,8,12589.777777777777
Mercedes,C Class,2007,118000,3200000,Petrol,Lahore,Original,Imported,Automatic,19,5900.0
Suzuki,Mehran VXR,2016,59992,1325000,Petrol,Rawalpindi,Original,Local,Manual,10,5453.818181818182
Suzuki,Every,2012,79000,1525000,Petrol,Karachi,Original,Imported,Automatic,14,5266.666666666667
Suzuki,Alto,2011,105000,1150000,Petrol,Lahore,Original,Local,Manual,15,6562.5
Daihatsu,Hijet,2014,12345,1400000,Petrol,Lahore,Original,Imported,Manual,12,949.6153846153846
Honda,City IDSI,2008,123000,1680000,Petrol,Sindh,Original,Local,Manual,18,6473.684210526316
Daihatsu,Mira,2021,62000,3500000,Petrol,Karachi,Original,Imported,Automatic,5,10333.333333333334
Mitsubishi,Minicab Bravo,2011,92000,1360000,Petrol,Lahore,Original,Imported,Automatic,15,5750.0
FAW,V2,2017,110000,1350000,Petrol,Karachi,Original,Imported,Manual,9,11000.0
Suzuki,Bolan,2022,15500,1775000,Petrol,Karachi,Original,Local,Manual,4,3100.0
Suzuki,Wagon R,2022,28000,3315000,Petrol,Unregistered,Original,Imported,Automatic,4,5600.0
Daihatsu,Hijet,2018,65000,2350000,Petrol,Unregistered,Original,Imported,Manual,8,7222.222222222223
Hyundai,Santro,2000,1500,535000,Petrol,Sindh,Original,Imported,Manual,26,55.55555555555556
Suzuki,Swift,2013,82000,2100000,Petrol,Karachi,Original,Local,Automatic,13,5857.142857142857
Daihatsu,Hijet,2012,1000,1350000,Petrol,Karachi,Original,Imported,Manual,14,66.66666666666667
Suzuki,Mehran VXR,2008,100000,780000,CNG,Lahore,Original,Local,Manual,18,5263.1578947368425
Honda,City Vario,2006,100000,1690000,Petrol,Bannu,Original,Local,Automatic,20,4761.9047619047615
Suzuki,Swift,2018,71450,2995000,Petrol,Islamabad,Original,Local,Automatic,8,7938.888888888889
Honda,City IVTEC,2021,38000,4300000,Petrol,Punjab,Original,Local,Automatic,5,6333.333333333333
Suzuki,Wagon R,2020,88365,2450000,Petrol,Lahore,Original,Local,Manual,6,12623.57142857143
Suzuki,Alto,2021,41500,2340000,Petrol,Punjab,Original,Local,Manual,5,6916.666666666667
Daihatsu,Move,2017,60000,2100000,Petrol,Karachi,Original,Imported,Automatic,9,6000.0
Suzuki,Mehran VXR,2014,35000,1030000,Petrol,Islamabad,Original,Imported,Manual,12,2692.3076923076924
Suzuki,Alto,2022,24722,2290000,Petrol,Punjab,Original,Local,Manual,4,4944.4
Suzuki,Baleno,2004,175000,1050000,Petrol,Lahore,Original,Local,Manual,22,7608.695652173913
Daihatsu,Cuore,2012,240000,1140000,Petrol,Faisalabad,Original,Imported,Manual,14,16000.0
Suzuki,Bolan,2015,77999,680000,Petrol,Lahore,Original,Local,Manual,11,6499.916666666667
Suzuki,Mehran VXR,2006,25000,630000,Petrol,Lahore,Original,Imported,Manual,20,1190.4761904761904
Suzuki,Every,2019,95000,2450000,Petrol,Lahore,Original,Local,Automatic,7,11875.0
Honda,City IVTEC,2016,130000,2835000,Petrol,Lahore,Original,Local,Manual,10,11818.181818181818
Suzuki,Alto,2015,50000,1250000,Petrol,Lahore,Original,Local,Manual,11,4166.666666666667
Toyota,Corrolla Altis,2016,176000,4000000,Petrol,Islamabad,Original,Local,Automatic,10,16000.0
Honda,City IVTEC,2017,120000,3050000,Petrol,Lahore,Original,Local,Manual,9,12000.0
Suzuki,Wagon R,2022,35000,2625000,Petrol,Islamabad,Original,Local,Manual,4,7000.0
Honda,Civic Prosmetic,2008,170000,1950000,Petrol,Multan,Original,Local,Automatic,18,8947.368421052632
Toyota,Corrolla Altis,2016,75000,3950000,Petrol,Lahore,Original,Local,Automatic,10,6818.181818181818
Honda,City Aspire,2021,28000,4600000,Petrol,Lahore,Original,Local,Automatic,5,4666.666666666667
Toyota,Corolla GLI,2015,96000,3450000,Petrol,Lahore,Original,Local,Manual,11,8000.0
Mitsubishi,Lancer,2006,140000,2200000,Petrol,Lahore,Original,Imported,Automatic,20,6666.666666666667
Suzuki,Every,2012,250000,1160000,Petrol,Lahore,Original,Imported,Manual,14,16666.666666666668
Honda,City IVTEC,2015,140000,2755000,Petrol,Lahore,Original,Local,Manual,11,11666.666666666666
Honda,City IVTEC,2006,99000,1500000,Petrol,Karachi,Original,Local,Manual,20,4714.285714285715
Honda,Civic Oriel,2017,57000,4700000,Petrol,Lahore,Original,Imported,Automatic,9,5700.0
Honda,City IVTEC,2010,75000,2220000,Petrol,Lahore,Original,Local,Manual,16,4411.764705882353
Toyota,Yaris,2021,96000,4865000,Petrol,Karachi,Original,Imported,Automatic,5,16000.0
Toyota,Corolla XLI,2003,250000,1425000,Petrol,Karachi,Original,Local,Manual,23,10416.666666666666
Honda,City Aspire,2016,86523,2950000,Petrol,Lahore,Original,Local,Manual,10,7865.727272727273
Suzuki,Mehran VXR,2011,275000,800000,Petrol,Sindh,Original,Local,Manual,15,17187.5
Daihatsu,Mira,2012,100000,2149000,Petrol,Karachi,Original,Imported,Automatic,14,6666.666666666667
Toyota,Corolla GLI,2016,100000,3850000,Petrol,Lahore,Original,Local,Automatic,10,9090.90909090909
Mercedes,C Class,2009,140000,4600000,Petrol,Lahore,Original,Imported,Automatic,17,7777.777777777777
Suzuki,Swift,2015,150000,2000000,Petrol,Islamabad,Original,Local,Manual,11,12500.0
Suzuki,Every,2013,275000,1300000,Petrol,Sindh,Original,Imported,Automatic,13,19642.85714285714
Suzuki,Alto,2006,127252,830000,Petrol,Lahore,Original,Imported,Manual,20,6059.619047619048
Daihatsu,Cuore,2008,96852,1025000,Petrol,Lahore,Original,Imported,Manual,18,5097.473684210527
Toyota,Corrolla Altis,2019,112000,4450000,Petrol,Lahore,Original,Local,Automatic,7,14000.0
Honda,City IVTEC,2018,74890,3450000,Petrol,Lahore,Original,Local,Automatic,8,8321.111111111111
Daihatsu,Mira,2021,3700,3450000,Petrol,Karachi,Original,Imported,Automatic,5,616.6666666666666
Hyundai,Santro,2003,99000,895000,Petrol,Lahore,Original,Local,Manual,23,4125.0
Suzuki,Swift,2018,36540,2550000,Petrol,Karachi,Original,Local,Automatic,8,4060.0
Daihatsu,Hijet,2014,95112,1680000,Petrol,Lahore,Original,Imported,Automatic,12,7316.307692307692
Daihatsu,Cuore,2003,89000,650000,Petrol,Karachi,Original,Local,Automatic,23,3708.3333333333335
Suzuki,Wagon R,2022,18500,2980000,Petrol,Karachi,Original,Local,Automatic,4,3700.0
Honda,City IVTEC,2017,49323,3625000,Petrol,Islamabad,Original,Local,Automatic,9,4932.3
Toyota,Altis Grande,2016,109000,4625000,Petrol,Islamabad,Original,Local,Automatic,10,9909.09090909091
Toyota,Passo,2014,85000,2850000,Petrol,Islamabad,Duplicate,Imported,Automatic,12,6538.461538461538
Daihatsu,Hijet,2014,85000,1380000,Petrol,Karachi,Original,Imported,Automatic,12,6538.461538461538
Suzuki,Swift,2016,75000,2380000,Petrol,Islamabad,Original,Imported,Manual,10,6818.181818181818
Mitsubishi,Minica,2013,85000,1345000,Petrol,Islamabad,Original,Imported,Automatic,13,6071.428571428572
Toyota,Corolla GLI,2015,64000,3450000,Petrol,Karachi,Original,Local,Automatic,11,5333.333333333333
Toyota,Corolla GLI,2016,172000,3650000,Petrol,Islamabad,Original,Local,Manual,10,15636.363636363636
Honda,City Aspire,2015,66000,3200000,Petrol,Faisalabad,Original,Imported,Automatic,11,5500.0
Honda,Civic Oriel,2004,123456,1450000,Petrol,Lahore,Original,Local,Manual,22,5367.652173913043
Honda,City IVTEC,2015,92000,2800000,Petrol,Lahore,Original,Local,Manual,11,7666.666666666667
Suzuki,Bolan,2014,123456,1200000,Petrol,Lahore,Original,Local,Manual,12,9496.615384615385
FAW,V2,2019,104000,1650000,Petrol,Lahore,Original,Imported,Manual,7,13000.0
Suzuki,Swift,2012,135000,1480000,Petrol,Sindh,Original,Local,Manual,14,9000.0
Suzuki,Cultus VXR,2015,60000,1525000,Petrol,Lahore,Original,Local,Manual,11,5000.0
Suzuki,Ravi,2014,74000,1050000,Petrol,Lahore,Original,Imported,Manual,12,5692.307692307692
Chevrolet,Exclusive,2005,32000,835000,Petrol,Lahore,Original,Imported,Manual,21,1454.5454545454545
Toyota,Corolla GLI,2010,210000,2500000,Petrol,Islamabad,Original,Local,Manual,16,12352.941176470587
Daihatsu,Cuore,2006,147000,600000,Petrol,Karachi,Original,Local,Manual,20,7000.0
KIA,Sportage,2004,123456,1250000,Petrol,Islamabad,Original,Imported,Manual,22,5367.652173913043
Toyota,Corolla GLI,2014,140000,2800000,Petrol,Islamabad,Original,Local,Manual,12,10769.23076923077
Toyota,Passo,2017,105000,3300000,Petrol,Punjab,Original,Imported,Automatic,9,10500.0
Suzuki,Alto,2020,33000,2225000,Petrol,Lahore,Original,Local,Manual,6,4714.285714285715
Daihatsu,Mira,2012,96000,2050000,Petrol,Lahore,Original,Imported,Automatic,14,6400.0
Daihatsu,Move,2015,71000,2450000,Petrol,Lahore,Original,Imported,Automatic,11,5916.666666666667
Toyota,Passo,2006,86000,1890000,Petrol,Islamabad,Original,Imported,Automatic,20,4095.2380952380954
Suzuki,Alto,2021,49000,2260000,Petrol,Islamabad,Original,Local,Manual,5,8166.666666666667
Daihatsu,Terios Kid,2010,187905,3550000,Petrol,Islamabad,Original,Local,Manual,16,11053.235294117647
Suzuki,Mehran VXR,2016,35590,1230000,Petrol,Lahore,Original,Local,Manual,10,3235.4545454545455
Suzuki,Wagon R,2016,77000,1800000,Petrol,Lahore,Original,Local,Automatic,10,7000.0
Suzuki,Ravi,2022,4000,1700000,Petrol,Unregistered,Original,Local,Manual,4,800.0
Honda,City IVTEC,2011,94000,2545000,Petrol,Lahore,Original,Local,Automatic,15,5875.0
Daihatsu,Mira,2012,100000,2390000,Petrol,Karachi,Original,Imported,Automatic,14,6666.666666666667
Toyota,Corrolla Altis,2017,84000,4300000,Petrol,Islamabad,Original,Local,Automatic,9,8400.0
Mitsubishi,Lancer,2008,260000,1400000,Petrol,Sindh,Original,Imported,Manual,18,13684.21052631579
Suzuki,Mehran VXR,2008,50000,820000,Petrol,Islamabad,Original,Local,Manual,18,2631.5789473684213
FAW,X-PV,2015,100000,700000,Petrol,Lahore,Original,Imported,Manual,11,8333.333333333334
Toyota,Altis Grande,2017,89000,4330000,Petrol,Lahore,Original,Local,Automatic,9,8900.0
Suzuki,Wagon R,2018,85000,2050000,Petrol,Lahore,Original,Local,Manual,8,9444.444444444445
Daihatsu,Cuore,2006,100000,799000,Petrol,Sindh,Original,Local,Manual,20,4761.9047619047615
Suzuki,Mehran VXR,2017,148000,1125000,Petrol,Lahore,Original,Local,Manual,9,14800.0
Daihatsu,Mira,2015,74000,2250000,Petrol,Lahore,Original,Imported,Automatic,11,6166.666666666667
Toyota,Altis Grande,2017,106000,4200000,Petrol,Karachi,Original,Local,Automatic,9,10600.0
Suzuki,Mehran VXR,2009,12345,575000,Petrol,Karachi,Original,Local,Manual,17,685.8333333333334
Suzuki,Bolan,2005,50000,530000,Petrol,Karachi,Original,Imported,Manual,21,2272.7272727272725
Honda,City IVTEC,2011,150000,2695000,Petrol,Lahore,Original,Local,Automatic,15,9375.0
Suzuki,Wagon R,2018,71000,2349000,Petrol,Islamabad,Original,Local,Manual,8,7888.888888888889
Suzuki,Bolan,2014,26271,1395000,Petrol,Islamabad,Original,Local,Manual,12,2020.8461538461538
Suzuki,Mehran VXR,2009,70000,725000,Petrol,Lahore,Original,Local,Manual,17,3888.8888888888887
Toyota,Passo,2007,150000,1990000,Petrol,Islamabad,Original,Imported,Automatic,19,7500.0
Honda,Civic Prosmetic,2008,100000,2200000,Petrol,Lahore,Original,Imported,Manual,18,5263.1578947368425
Daihatsu,Mira,2015,58000,2499000,Petrol,Sialkot,Original,Imported,Automatic,11,4833.333333333333
Toyota,Corolla GLI,2011,158000,2200000,Petrol,Lahore,Original,Local,Manual,15,9875.0
Toyota,Corolla XLI,2012,118625,2250000,Petrol,Karachi,Original,Local,Manual,14,7908.333333333333
Suzuki,Swift,2010,100000,1600000,Petrol,Lahore,Original,Local,Manual,16,5882.35294117647
Toyota,Corolla GLI,2012,86000,2200000,Petrol,Chiniot,Original,Local,Manual,14,5733.333333333333
Toyota,Corolla GLI,2018,43000,4000000,Petrol,Karachi,Original,Local,Manual,8,4777.777777777777
Toyota,Passo,2006,18000,1680000,Petrol,Sindh,Original,Imported,Automatic,20,857.1428571428571
FAW,X-PV,2017,170000,825000,Petrol,Lahore,Original,Local,Manual,9,17000.0
Toyota,Passo,2011,123456,1840000,Petrol,Karachi,Original,Imported,Automatic,15,7716.0
Daihatsu,Cuore,2006,50000,620000,Petrol,Karachi,Original,Local,Manual,20,2380.9523809523807
Suzuki,Mehran VXR,2010,83000,725000,Petrol,Gujranwala,Original,Imported,Manual,16,4882.35294117647
Suzuki,Cultus VXR,2011,48000,1300000,Petrol,Faisalabad,Original,Local,Manual,15,3000.0
Daihatsu,Cuore,2012,131000,1180000,Petrol,Lahore,Original,Local,Manual,14,8733.333333333334
Daihatsu,Cuore,2011,185000,1100000,Petrol,Lahore,Original,Imported,Manual,15,11562.5
Honda,City IDSI,2008,135000,1850000,Petrol,Lahore,Original,Local,Manual,18,7105.263157894737
Toyota,Passo,2017,46900,3475000,Petrol,Karachi,Original,Imported,Automatic,9,4690.0
Honda,City IVTEC,2019,34000,4060000,Petrol,Lahore,Original,Local,Automatic,7,4250.0
Honda,City Aspire,2014,80000,2775000,Petrol,Karachi,Original,Local,Automatic,12,6153.846153846154
Toyota,Corolla XLI,2010,165000,2100000,Petrol,Lahore,Original,Local,Manual,16,9705.882352941177
Toyota,Corrolla Altis,2019,68000,4725000,Petrol,Islamabad,Original,Local,Automatic,7,8500.0
Suzuki,Mehran VXR,2015,72000,870000,Petrol,Lahore,Original,Local,Manual,11,6000.0
Honda,Civic Prosmetic,2014,150000,3700000,Petrol,Islamabad,Original,Local,Automatic,12,11538.461538461539
Suzuki,Cultus VXR,2006,95999,750000,Petrol,Multan,Original,Imported,Manual,20,4571.380952380952
Suzuki,Wagon R,2016,99000,1850000,Petrol,Karachi,Original,Local,Manual,10,9000.0
Suzuki,Alto,2020,34000,2280000,Petrol,Lahore,Original,Local,Manual,6,4857.142857142857
Honda,City IVTEC,2009,163000,2190000,Petrol,Lahore,Original,Local,Manual,17,9055.555555555555
Honda,City IVTEC,2018,88000,3600000,Petrol,Karachi,Original,Imported,Manual,8,9777.777777777777
Suzuki,Bolan,2010,60000,850000,Petrol,Lahore,Original,Imported,Manual,16,3529.4117647058824
Honda,City IVTEC,2017,53000,3200000,Petrol,Lahore,Original,Local,Manual,9,5300.0
Honda,City IVTEC,2018,125000,3750000,Petrol,Islamabad,Original,Imported,Automatic,8,13888.888888888889
KIA,Picanto,2022,19000,3550000,Petrol,Islamabad,Original,Local,Automatic,4,3800.0
Daihatsu,Terios Kid,2010,150000,2025000,Petrol,Karachi,Original,Imported,Automatic,16,8823.529411764706
Honda,City IVTEC,2010,120000,2200000,Petrol,Lahore,Original,Local,Manual,16,7058.823529411765
Suzuki,Bolan,2020,30000,1600000,Petrol,Multan,Original,Local,Manual,6,4285.714285714285
Suzuki,Wagon R,2022,55000,2775000,Petrol,Islamabad,Original,Imported,Manual,4,11000.0
Hyundai,Santro,2003,200000,885000,Petrol,Lahore,Original,Imported,Manual,23,8333.333333333334
Suzuki,Swift,2018,82000,2200000,Petrol,Karachi,Original,Local,Manual,8,9111.111111111111
Suzuki,Mehran VXR,2004,90000,570000,Petrol,Karachi,Original,Local,Manual,22,3913.0434782608695
Toyota,Passo,2015,140000,2100000,Petrol,Karachi,Original,Imported,Automatic,11,11666.666666666666
Daihatsu,Hijet,2014,90000,1400000,Petrol,Sindh,Original,Imported,Automatic,12,6923.076923076923
Suzuki,Bolan,2021,35080,1675000,Petrol,Lahore,Original,Local,Manual,5,5846.666666666667
Daihatsu,Cuore,2008,123456,760000,Petrol,Karachi,Original,Local,Manual,18,6497.684210526316
Suzuki,Mehran VXR,2003,91000,370000,Petrol,Karachi,Original,Local,Manual,23,3791.6666666666665
Suzuki,Swift,2019,65000,3200000,Petrol,Islamabad,Original,Local,Automatic,7,8125.0
Honda,City IVTEC,2015,192000,2650000,Petrol,Lahore,Original,Local,Manual,11,16000.0
Toyota,Altis Grande,2014,98000,3450000,Petrol,Lahore,Original,Imported,Automatic,12,7538.461538461538
Honda,City Aspire,2018,185000,3500000,Petrol,Lahore,Original,Local,Manual,8,20555.555555555555
Daihatsu,Cuore,2004,75000,700000,Petrol,Karachi,Original,Imported,Manual,22,3260.8695652173915
Hyundai,Santro,2004,200000,850000,Petrol,Sindh,Original,Imported,Manual,22,8695.652173913044
Honda,Civic Oriel,2018,60000,4950000,Petrol,Lahore,Original,Local,Automatic,8,6666.666666666667
Honda,City IVTEC,2023,17000,4625000,Petrol,Lahore,Original,Local,Automatic,3,4250.0
Daihatsu,Mira,2008,99000,1590000,Petrol,Karachi,Original,Imported,Automatic,18,5210.526315789473
Toyota,Corolla XLI,2013,12345,2550000,Petrol,Lahore,Original,Local,Manual,13,881.7857142857143
Toyota,Corolla XLI,2016,191000,2650000,Petrol,Lahore,Original,Local,Manual,10,17363.636363636364
Daihatsu,Cuore,2007,120640,450000,Petrol,Lahore,Original,Local,Manual,19,6032.0
Honda,Civic Prosmetic,2002,110000,1390000,Petrol,Karachi,Original,Local,Automatic,24,4400.0
Honda,City Aspire,2018,99800,3540000,Petrol,Lahore,Original,Local,Automatic,8,11088.888888888889
Toyota,Corolla XLI,2011,12345,2250000,Petrol,Lahore,Original,Imported,Manual,15,771.5625
Hyundai,Santro,2007,140000,985000,Petrol,Lahore,Original,Local,Manual,19,7000.0
Daihatsu,Mira,2012,99000,1730000,Petrol,Karachi,Original,Imported,Automatic,14,6600.0
KIA,Picanto,2020,100000,2500000,Petrol,Lahore,Original,Imported,Manual,6,14285.714285714286
Hyundai,Santro,2008,200314,1150000,Petrol,Islamabad,Original,Imported,Manual,18,10542.842105263158
Mitsubishi,Minicab Bravo,2012,130000,1400000,Petrol,Islamabad,Original,Imported,Automatic,14,8666.666666666666
Honda,City IVTEC,2008,150000,2165000,Petrol,Lahore,Original,Local,Automatic,18,7894.736842105263
Mitsubishi,Ek Wagon,2007,149000,1530000,Petrol,Lahore,Original,Imported,Automatic,19,7450.0
Mitsubishi,Minicab Bravo,2008,12345,975000,Petrol,Karachi,Original,Imported,Automatic,18,649.7368421052631
Toyota,Yaris,2021,25500,3850000,Petrol,Karachi,Original,Local,Automatic,5,4250.0
Toyota,Corolla GLI,2013,115000,2300000,Petrol,Karachi,Original,Local,Manual,13,8214.285714285714
Suzuki,Alto,2019,44000,2050000,Petrol,Karachi,Original,Local,Manual,7,5500.0
Suzuki,Wagon R,2019,96000,2300000,Petrol,Lahore,Original,Local,Manual,7,12000.0
Toyota,Corolla XLI,2008,123456,1600000,Petrol,Lahore,Original,Local,Manual,18,6497.684210526316
Suzuki,Wagon R,2019,58500,2350000,Petrol,Lahore,Original,Local,Manual,7,7312.5
Toyota,Passo,2012,82000,2350000,Petrol,Karachi,Original,Imported,Automatic,14,5466.666666666667
Honda,Civic Prosmetic,2011,180000,2350000,Petrol,Lahore,Original,Imported,Manual,15,11250.0
Hyundai,Santro,2003,182000,825000,Petrol,Sindh,Original,Local,Manual,23,7583.333333333333
Hyundai,Santro,2008,216000,1100000,Petrol,Lahore,Original,Local,Manual,18,11368.421052631578
Hyundai,Santro,2002,12345,650000,Petrol,Multan,Original,Imported,Manual,24,493.8
Daihatsu,Cuore,2009,50000,1075000,Petrol,Islamabad,Original,Local,Manual,17,2777.777777777778
Toyota,Corolla XLI,2006,200000,1675000,Petrol,Islamabad,Duplicate,Local,Automatic,20,9523.809523809523
Honda,City IVTEC,2019,58000,3500000,Petrol,Lahore,Original,Local,Manual,7,7250.0
KIA,Classic,2001,200000,490000,Petrol,Islamabad,Original,Local,Manual,25,7692.307692307692
Daihatsu,Cuore,2007,100000,635000,Petrol,Karachi,Original,Local,Automatic,19,5000.0
Hyundai,Santro,2008,12345,1200000,Petrol,Lahore,Original,Imported,Manual,18,649.7368421052631
Toyota,Passo,2006,112000,1780000,Petrol,Karachi,Original,Imported,Automatic,20,5333.333333333333
Toyota,Yaris,2021,110000,3650000,Petrol,Lahore,Original,Local,Manual,5,18333.333333333332
Daihatsu,Cuore,2008,3000,850000,Petrol,Karachi,Original,Imported,Manual,18,157.89473684210526
Suzuki,Cultus VXR,2008,90000,990000,Petrol,Lahore,Original,Local,Manual,18,4736.8421052631575
Suzuki,Cultus VXR,2021,36000,3015000,Petrol,Lahore,Original,Local,Manual,5,6000.0
Daihatsu,Cuore,2009,238000,1000000,Petrol,Lahore,Original,Local,Manual,17,13222.222222222223
Suzuki,Mehran VXR,2013,55000,715000,Petrol,Karachi,Original,Local,Manual,13,3928.5714285714284
Toyota,Corrolla Altis,2015,99214,4000000,Petrol,Islamabad,Original,Local,Automatic,11,8267.833333333334
KIA,Spectra,2002,12345,750000,Petrol,Lahore,Original,Imported,Manual,24,493.8
Toyota,Corolla GLI,2015,59000,3450000,Petrol,Karachi,Original,Local,Automatic,11,4916.666666666667
Toyota,Altis Grande,2015,84000,3690000,Petrol,Karachi,Original,Local,Automatic,11,7000.0
Mitsubishi,Ek Wagon,2013,100000,2250000,Petrol,Lahore,Original,Imported,Automatic,13,7142.857142857143
Suzuki,Wagon R,2018,110530,1940000,Petrol,Lahore,Original,Local,Manual,8,12281.111111111111
Daihatsu,Move,2017,160000,2150000,Petrol,Lahore,Original,Imported,Automatic,9,16000.0
Honda,City IDSI,2005,12345,1600000,Petrol,Lahore,Original,Local,Manual,21,561.1363636363636
Daihatsu,Cuore,2008,70000,1100000,Petrol,Karachi,Original,Imported,Automatic,18,3684.2105263157896
Honda,City IVTEC,2011,138000,2500000,Petrol,Lahore,Original,Local,Manual,15,8625.0
Changan,Alsvin,2021,22750,3900000,Petrol,Punjab,Original,Local,Automatic,5,3791.6666666666665
Hyundai,Santro,2003,1234,695000,Petrol,Sindh,Original,Imported,Manual,23,51.416666666666664
Suzuki,Alto,2021,52000,2320000,Petrol,Sindh,Original,Local,Manual,5,8666.666666666666
Honda,City IDSI,2005,105000,1270000,Petrol,Karachi,Original,Local,Manual,21,4772.727272727273
Suzuki,Ravi,2015,12345,930000,Petrol,Rawalpindi,Original,Local,Manual,11,1028.75
Suzuki,Bolan,2002,186000,450000,Petrol,Karachi,Original,Local,Manual,24,7440.0
Suzuki,Alto,2008,250000,750000,Petrol,Sindh,Original,Local,Manual,18,13157.894736842105
Toyota,Corolla GLI,2012,151000,2710000,Petrol,Lahore,Original,Local,Manual,14,10066.666666666666
Honda,Civic Oriel,2002,100000,1265000,Petrol,Sindh,Original,Local,Manual,24,4000.0
Toyota,Corolla XLI,2009,164000,2050000,Petrol,Karachi,Original,Local,Manual,17,9111.111111111111
Honda,City Aspire,2014,96000,2950000,Petrol,Karachi,Original,Local,Automatic,12,7384.615384615385
Suzuki,Swift,2015,102000,2425000,Petrol,Lahore,Original,Local,Automatic,11,8500.0
Daihatsu,Mira,2018,65000,2600000,Petrol,Karachi,Original,Local,Automatic,8,7222.222222222223
Hyundai,Santro,2005,9900,900000,Petrol,Lahore,Original,Imported,Manual,21,450.0
Suzuki,Alto,2010,128000,1200000,Petrol,Bahawalpur,Original,Local,Manual,16,7529.411764705882
Hyundai,Santro,2004,109200,800000,Petrol,Rahimyar Khan,Original,Local,Manual,22,4747.826086956522
Toyota,Yaris,2021,40000,4075000,Petrol,Karachi,Original,Local,Automatic,5,6666.666666666667
Honda,City IVTEC,2017,95000,3300000,Petrol,Lahore,Original,Local,Manual,9,9500.0
KIA,Picanto,2023,1300,3280000,Petrol,Unregistered,Original,Local,Manual,3,325.0
Suzuki,Ravi,2015,6058,1100000,Petrol,Islamabad,Original,Local,Manual,11,504.8333333333333
Suzuki,Wagon R,2019,97000,2050000,Petrol,Lahore,Original,Local,Manual,7,12125.0
FAW,X-PV,2014,111111,1050000,Petrol,Lahore,Original,Local,Manual,12,8547.0
Suzuki,Wagon R,2017,57200,2120000,Petrol,Karachi,Original,Local,Manual,9,5720.0
Hyundai,Santro,2003,91000,815000,Petrol,Lahore,Original,Imported,Manual,23,3791.6666666666665
Honda,City Aspire,2019,6000,4500000,Petrol,Karachi,Original,Local,Automatic,7,750.0
Honda,Civic Prosmetic,2010,140000,2150000,Petrol,Lahore,Original,Imported,Automatic,16,8235.29411764706
Hyundai,Santro,2001,150000,950000,Petrol,Lahore,Original,Imported,Automatic,25,5769.2307692307695
Hyundai,Santro,2002,55555,820000,Petrol,Lahore,Original,Imported,Manual,24,2222.2
Hyundai,Santro,2001,150000,715000,Petrol,Lahore,Original,Imported,Manual,25,5769.2307692307695
Toyota,Corrolla Altis,2009,100000,2600000,Petrol,Islamabad,Original,Imported,Automatic,17,5555.555555555556
Suzuki,Wagon R,2019,74000,1990000,Petrol,Lahore,Original,Local,Manual,7,9250.0
Honda,City IVTEC,2009,85000,2275000,Petrol,Lahore,Original,Local,Manual,17,4722.222222222223
Suzuki,Alto,2019,55000,2230000,Petrol,Lahore,Original,Local,Manual,7,6875.0
Changan,Karvaan,2020,46000,1950000,Petrol,Karachi,Original,Imported,Manual,6,6571.428571428572
Suzuki,Mehran VXR,2017,75000,1125000,Petrol,Lahore,Original,Local,Manual,9,7500.0
Honda,City Vario,2004,123456,1350000,Petrol,Karachi,Original,Local,Automatic,22,5367.652173913043
Daihatsu,Cuore,2012,100000,1150000,Petrol,Multan,Original,Imported,Manual,14,6666.666666666667
Suzuki,Cultus VXR,2003,8800,650000,Petrol,Lahore,Original,Local,Manual,23,366.6666666666667
Toyota,Passo,2010,120000,2200000,Petrol,Karachi,Original,Imported,Automatic,16,7058.823529411765
FAW,V2,2017,167000,1300000,Petrol,Karachi,Original,Local,Manual,9,16700.0
Honda,City IVTEC,2021,33000,4375000,Petrol,Lahore,Original,Local,Automatic,5,5500.0
Suzuki,Bolan,2016,99000,1090000,Petrol,Lahore,Original,Local,Manual,10,9000.0
KIA,Picanto,2020,38000,2525000,Petrol,Karachi,Original,Local,Automatic,6,5428.571428571428
Honda,Civic Prosmetic,2003,225000,1550000,Petrol,Lahore,Original,Local,Automatic,23,9375.0
Suzuki,Alto,2021,60000,2800000,Petrol,Islamabad,Original,Imported,Manual,5,10000.0
Suzuki,Mehran VXR,2014,101000,970000,Petrol,Lahore,Original,Local,Manual,12,7769.2307692307695
Suzuki,Swift,2014,40000,1895000,Petrol,Karachi,Original,Local,Manual,12,3076.923076923077
Suzuki,Mehran VXR,2008,123456,599000,Petrol,Rahimyar Khan,Original,Local,Manual,18,6497.684210526316
Honda,City Aspire,2016,47000,2000000,Petrol,Lahore,Original,Local,Manual,10,4272.727272727273
Toyota,Passo,2014,74000,2500000,Petrol,Karachi,Original,Imported,Automatic,12,5692.307692307692
Hyundai,Santro,2002,15000,830000,Petrol,Lahore,Original,Local,Manual,24,600.0
Honda,City IVTEC,2018,51000,3800000,Petrol,Lahore,Original,Imported,Automatic,8,5666.666666666667
Hyundai,Santro,2007,51000,1092000,Petrol,Karachi,Original,Local,Manual,19,2550.0
Honda,Civic Oriel,2017,63500,4800000,Petrol,Lahore,Original,Local,Automatic,9,6350.0
Suzuki,Cultus VXR,2005,100000,590000,Petrol,Karachi,Original,Imported,Manual,21,4545.454545454545
Daihatsu,Cuore,2008,112000,1225000,Petrol,Lahore,Original,Local,Automatic,18,5894.736842105263
Honda,City Vario,2008,238000,1650000,Petrol,Karachi,Original,Local,Automatic,18,12526.315789473685
Daihatsu,Mira,2011,118360,2490000,Petrol,Islamabad,Original,Imported,Automatic,15,7397.5
Honda,Civic Prosmetic,2015,150000,2975000,Petrol,Sindh,Original,Local,Automatic,11,12500.0
Honda,Civic Prosmetic,2004,136000,1400000,Petrol,Karachi,Original,Local,Automatic,22,5913.04347826087
Daihatsu,Cuore,2004,133456,680000,Petrol,Karachi,Original,Imported,Manual,22,5802.434782608696
Honda,City Aspire,2019,91000,3950000,Petrol,Lahore,Original,Local,Automatic,7,11375.0
Honda,City IVTEC,2016,159000,2750000,Petrol,Lahore,Original,Local,Manual,10,14454.545454545454
Suzuki,Wagon R,2018,108000,1925000,Petrol,Lahore,Original,Imported,Manual,8,12000.0
Honda,Civic Prosmetic,2011,148500,2550000,Petrol,Islamabad,Original,Local,Automatic,15,9281.25
Suzuki,Ravi,2010,100000,460000,Petrol,Karachi,Original,Local,Manual,16,5882.35294117647
Honda,City IDSI,2008,100000,1750000,Petrol,Lahore,Original,Imported,Manual,18,5263.1578947368425
Suzuki,Mehran VXR,2014,123000,950000,Petrol,Lahore,Original,Local,Manual,12,9461.538461538461
Mitsubishi,Lancer,2006,148000,1320000,Petrol,Sindh,Original,Imported,Automatic,20,7047.619047619048
Honda,City IDSI,2002,250000,945000,Petrol,Lahore,Original,Local,Manual,24,10000.0
KIA,Picanto,2021,52000,2600000,Petrol,Punjab,Original,Local,Manual,5,8666.666666666666
Daihatsu,Cuore,2007,87000,1230000,Petrol,Lahore,Original,Local,Automatic,19,4350.0
Suzuki,Mehran VXR,2016,50000,1150000,Petrol,Bahawalpur,Original,Local,Manual,10,4545.454545454545
Suzuki,Alto,2015,150000,2200000,Petrol,Karachi,Original,Imported,Automatic,11,12500.0
Suzuki,Swift,2012,150000,1985000,Petrol,Rawalpindi,Original,Local,Manual,14,10000.0
Daihatsu,Cuore,2005,90000,600000,Petrol,Karachi,Original,Imported,Manual,21,4090.909090909091
Suzuki,Cultus VXR,2011,99000,1095000,Petrol,Karachi,Original,Local,Manual,15,6187.5
Honda,Civic Prosmetic,2006,123456,1720000,Petrol,Rawalpindi,Original,Imported,Automatic,20,5878.857142857143
Honda,City Aspire,2019,82000,3725000,Petrol,Islamabad,Original,Local,Automatic,7,10250.0
Toyota,Corolla XLI,2007,69500,1380000,Petrol,Karachi,Original,Local,Manual,19,3475.0
Daihatsu,Cuore,2007,12345,650000,Petrol,Karachi,Original,Local,Manual,19,617.25
Daihatsu,Cuore,2011,136200,725000,Petrol,Karachi,Duplicate,Local,Manual,15,8512.5
Suzuki,Cultus VXR,2015,90000,1700000,Petrol,Islamabad,Original,Local,Manual,11,7500.0
Daihatsu,Mira,2014,91000,2265000,Petrol,Karachi,Original,Imported,Automatic,12,7000.0
Daihatsu,Mira,2014,100000,2385000,Petrol,Karachi,Original,Imported,Automatic,12,7692.307692307692
Honda,Civic Prosmetic,2004,200000,1500000,Petrol,Lahore,Original,Local,Automatic,22,8695.652173913044
Toyota,Corolla GLI,2011,190000,2250000,Petrol,Karachi,Original,Local,Manual,15,11875.0
Toyota,Corrolla Altis,2009,225208,2150000,Petrol,Lahore,Original,Local,Manual,17,12511.555555555555
Toyota,Corolla GLI,2012,169000,2270000,Petrol,Lahore,Original,Imported,Manual,14,11266.666666666666
Toyota,Corolla GLI,2003,100000,1685000,Petrol,Karachi,Original,Local,Automatic,23,4166.666666666667
Suzuki,Swift,2019,80000,3050000,Petrol,Karachi,Original,Local,Automatic,7,10000.0
Honda,City IVTEC,2017,94000,3350000,Petrol,Lahore,Original,Local,Manual,9,9400.0
Daihatsu,Cuore,2002,10000,650000,CNG,Rahimyar Khan,Original,Imported,Manual,24,400.0
Suzuki,Wagon R,2017,80000,1950000,Petrol,Lahore,Original,Local,Manual,9,8000.0
Suzuki,Cultus VXR,2007,77000,950000,Petrol,Lahore,Original,Local,Manual,19,3850.0
Chevrolet,Joy,2009,137000,1000000,Petrol,Karachi,Original,Imported,Manual,17,7611.111111111111
Mercedes,E Class,2003,135000,4300000,Petrol,Sindh,Original,Imported,Automatic,23,5625.0
Daihatsu,Mira,2014,99981,2350000,Petrol,Karachi,Original,Imported,Automatic,12,7690.846153846154
KIA,Classic,2002,90000,415000,Petrol,Islamabad,Original,Local,Manual,24,3600.0
Toyota,Corolla GLI,2016,108000,3800000,Petrol,Islamabad,Original,Local,Manual,10,9818.181818181818
Daihatsu,Mira,2012,126000,2100000,Petrol,Lahore,Original,Imported,Automatic,14,8400.0
Honda,City IVTEC,2007,100000,1910000,Petrol,Islamabad,Original,Local,Manual,19,5000.0
Suzuki,Wagon R,2019,56000,2260000,Petrol,Lahore,Original,Local,Manual,7,7000.0
Suzuki,Bolan,2021,50000,1700000,Petrol,Peshawar,Original,Local,Manual,5,8333.333333333334
Suzuki,Wagon R,2017,115000,1870000,Petrol,Lahore,Original,Local,Manual,9,11500.0
Suzuki,Alto,2006,100000,820000,Petrol,Rawalpindi,Original,Local,Manual,20,4761.9047619047615
Suzuki,Bolan,2018,35000,1450000,Petrol,Lahore,Original,Local,Manual,8,3888.8888888888887
Toyota,Corolla XLI,2010,185000,1900000,Petrol,Lahore,Original,Local,Manual,16,10882.35294117647
Honda,City IDSI,2001,1234,1030000,Petrol,Karachi,Original,Local,Automatic,25,47.46153846153846
Daihatsu,Terios Kid,2002,1234,1430000,Petrol,Karachi,Original,Imported,Automatic,24,49.36
Daihatsu,Mira,2008,100000,1600000,Petrol,Islamabad,Original,Imported,Automatic,18,5263.1578947368425
Honda,Civic Prosmetic,2009,140000,1995000,Petrol,Karachi,Original,Local,Automatic,17,7777.777777777777
Toyota,Corolla XLI,2015,150000,2600000,Petrol,Lahore,Original,Local,Manual,11,12500.0
Toyota,Corrolla Altis,2014,131000,3550000,Petrol,Lahore,Original,Local,Manual,12,10076.923076923076
Toyota,Altis Grande,2015,84500,4200000,Petrol,Lahore,Original,Imported,Automatic,11,7041.666666666667
Toyota,Corrolla Altis,2013,100000,3050000,Petrol,Lahore,Original,Local,Automatic,13,7142.857142857143
Daihatsu,Cuore,2005,30000,735000,Petrol,Lahore,Original,Imported,Manual,21,1363.6363636363637
Daihatsu,Cuore,2006,89000,820000,Petrol,Karachi,Original,Local,Automatic,20,4238.0952380952385
Toyota,Corrolla Altis,2019,80000,4850000,Petrol,Lahore,Original,Local,Automatic,7,10000.0
Honda,City IVTEC,2019,87000,3499999,Petrol,Lahore,Original,Local,Manual,7,10875.0
Daihatsu,Cuore,2005,100000,570000,Petrol,Karachi,Original,Local,Manual,21,4545.454545454545
Hyundai,Santro,2005,119544,999999,Petrol,Lahore,Original,Imported,Manual,21,5433.818181818182
Suzuki,Bolan,2012,27000,700000,Petrol,Sindh,Original,Local,Manual,14,1800.0
Suzuki,Bolan,2007,123456,700000,CNG,Rawalpindi,Original,Imported,Manual,19,6172.8
Suzuki,Baleno,2005,100000,850000,Petrol,Sindh,Original,Local,Manual,21,4545.454545454545
Suzuki,Cultus VXR,2014,140000,1650000,Petrol,Islamabad,Original,Local,Manual,12,10769.23076923077
Suzuki,Alto,2006,103089,580000,Petrol,Karachi,Original,Local,Manual,20,4909.0
Suzuki,Wagon R,2018,68000,2200000,Petrol,Lahore,Original,Local,Manual,8,7555.555555555556
Hyundai,Santro,2006,92300,925000,Petrol,Lahore,Original,Local,Manual,20,4395.238095238095
Toyota,Corolla GLI,2019,86000,4200000,Petrol,Lahore,Original,Local,Manual,7,10750.0
Daihatsu,Hijet,2014,107000,1150000,Petrol,Faisalabad,Original,Imported,Automatic,12,8230.76923076923
Suzuki,Cultus VXR,2005,100000,780000,Petrol,Lahore,Original,Local,Manual,21,4545.454545454545
Suzuki,Mehran VXR,2001,406000,380000,Petrol,Karachi,Original,Imported,Manual,25,15615.384615384615
Honda,City IVTEC,2016,74000,2950000,Petrol,Sindh,Original,Local,Manual,10,6727.272727272727
Daihatsu,Mira,2007,140000,1490000,Petrol,Karachi,Original,Imported,Automatic,19,7000.0
Changan,Alsvin,2021,30200,3400000,Petrol,Karachi,Original,Local,Automatic,5,5033.333333333333
Hyundai,Santro,2005,117000,965000,Petrol,Lahore,Original,Local,Manual,21,5318.181818181818
KIA,Picanto,2021,22000,2950000,Petrol,Punjab,Original,Local,Manual,5,3666.6666666666665
Toyota,Altis Grande,2017,52000,5000000,Petrol,Punjab,Original,Local,Automatic,9,5200.0
Mercedes,C Class,2006,120651,3050000,Petrol,Islamabad,Original,Imported,Automatic,20,5745.285714285715
Suzuki,Wagon R,2016,85000,1835000,Petrol,Lahore,Original,Local,Manual,10,7727.272727272727
Suzuki,Alto,2011,90000,1100000,Petrol,Multan,Original,Local,Manual,15,5625.0
Daihatsu,Cuore,2007,70000,720000,Petrol,Karachi,Original,Local,Manual,19,3500.0
Toyota,Corrolla Altis,2011,100000,2200000,Petrol,Karachi,Original,Local,Automatic,15,6250.0
Suzuki,Wagon R,2016,100000,1900000,Petrol,Lahore,Original,Imported,Manual,10,9090.90909090909
Honda,Civic Oriel,2017,68000,4625000,Petrol,Lahore,Original,Local,Automatic,9,6800.0
Hyundai,Santro,2008,82000,1250000,Petrol,Lahore,Original,Local,Automatic,18,4315.789473684211
Suzuki,Alto,2006,200000,1100000,Petrol,Attock,Original,Local,Manual,20,9523.809523809523
Honda,City IVTEC,2018,72000,3500000,Petrol,Lahore,Original,Local,Manual,8,8000.0
Suzuki,Bolan,2009,90000,860000,Petrol,Gujranwala,Original,Local,Manual,17,5000.0
Daihatsu,Mira,2013,75000,2080000,Petrol,Punjab,Original,Imported,Automatic,13,5357.142857142857
Honda,City IVTEC,2010,74500,2300000,Petrol,Lahore,Original,Local,Manual,16,4382.35294117647
Daihatsu,Move,2009,86200,1900000,Petrol,Lahore,Original,Imported,Automatic,17,4788.888888888889
Suzuki,Swift,2015,76150,1760000,Petrol,Karachi,Original,Local,Manual,11,6345.833333333333
Suzuki,Swift,2018,112000,2600000,Petrol,Lahore,Original,Local,Automatic,8,12444.444444444445
Suzuki,Wagon R,2015,98000,2400000,Petrol,Islamabad,Original,Imported,Automatic,11,8166.666666666667
Toyota,Altis Grande,2019,72000,4900000,Petrol,Sindh,Original,Local,Automatic,7,9000.0
Suzuki,Mehran VXR,2003,12345,485000,Petrol,Faisalabad,Original,Imported,Manual,23,514.375
Honda,City IVTEC,2009,250000,2000000,Petrol,Lahore,Original,Local,Manual,17,13888.888888888889
Suzuki,Mehran VXR,2016,55000,1020000,Petrol,Karachi,Original,Local,Manual,10,5000.0
Suzuki,Wagon R,2017,105000,1925000,Petrol,Lahore,Original,Local,Manual,9,10500.0
Daihatsu,Hijet,2014,220000,1050000,Petrol,Karachi,Original,Imported,Automatic,12,16923.076923076922
Suzuki,Swift,2017,73800,2300000,Petrol,Karachi,Original,Local,Automatic,9,7380.0
Daihatsu,Cuore,2006,290000,675000,Petrol,Lahore,Original,Imported,Manual,20,13809.52380952381
Honda,Civic Prosmetic,2011,120000,2730000,Petrol,Lahore,Original,Local,Automatic,15,7500.0
Honda,Civic Oriel,2017,70000,4850000,Petrol,Unregistered,Original,Local,Automatic,9,7000.0
FAW,V2,2018,65000,1600000,Petrol,Lahore,Original,Local,Manual,8,7222.222222222223
KIA,Picanto,2022,16700,3000000,Petrol,Islamabad,Original,Local,Manual,4,3340.0
Suzuki,Wagon R,2021,44000,2750000,Petrol,Punjab,Original,Imported,Manual,5,7333.333333333333
Toyota,Corolla GLI,2013,150000,2800000,Petrol,Islamabad,Original,Local,Manual,13,10714.285714285714
Toyota,Altis Grande,2018,38000,4950000,Petrol,Karachi,Original,Local,Automatic,8,4222.222222222223
Honda,City IVTEC,2014,130000,2450000,Petrol,Islamabad,Original,Local,Manual,12,10000.0
Daihatsu,Cuore,2000,130000,775000,Petrol,Islamabad,Original,Local,Manual,26,4814.814814814815
Suzuki,Alto,2020,6000,3300000,Petrol,Unregistered,Original,Imported,Automatic,6,857.1428571428571
Honda,City IVTEC,2022,14500,4275000,Petrol,Punjab,Original,Local,Manual,4,2900.0
Suzuki,Alto,2021,60000,2360000,Petrol,Islamabad,Original,Local,Manual,5,10000.0
Toyota,Corolla GLI,2016,69000,3750000,Petrol,Karachi,Original,Local,Manual,10,6272.727272727273
Hyundai,Santro,2004,150000,825000,Petrol,Lahore,Original,Local,Manual,22,6521.739130434783
Hyundai,Santro,2005,213000,750000,Petrol,Karachi,Original,Local,Manual,21,9681.818181818182
Toyota,Corolla GLI,2013,118000,3450000,Petrol,Lahore,Original,Local,Automatic,13,8428.57142857143
Daihatsu,Hijet,2014,25000,1950000,Petrol,Karachi,Original,Imported,Automatic,12,1923.076923076923
Toyota,Corolla GLI,2016,102125,3300000,Petrol,Karachi,Original,Local,Manual,10,9284.09090909091
Hyundai,Santro,2004,123456,780000,Petrol,Faisalabad,Original,Imported,Manual,22,5367.652173913043
Toyota,Passo,2012,130000,2599999,Petrol,Islamabad,Original,Imported,Automatic,14,8666.666666666666
Mitsubishi,Lancer,2009,296000,1485000,Petrol,Islamabad,Original,Local,Manual,17,16444.444444444445
Hyundai,Santro,2006,143000,920000,Petrol,Lahore,Original,Local,Manual,20,6809.523809523809
Suzuki,Wagon R,2019,75000,2000000,Petrol,Lahore,Original,Local,Manual,7,9375.0
Suzuki,Every,2013,100000,1250000,Petrol,Hafizabad,Duplicate,Imported,Manual,13,7142.857142857143
Honda,City IVTEC,2015,88700,2980000,Petrol,Lahore,Original,Local,Manual,11,7391.666666666667
Suzuki,Wagon R,2018,120000,1850000,Petrol,Karachi,Original,Imported,Manual,8,13333.333333333334
Toyota,Corolla GLI,2012,156000,2750000,Petrol,Islamabad,Original,Local,Manual,14,10400.0
Hyundai,Santro,2001,120000,650000,Petrol,Lahore,Original,Imported,Manual,25,4615.384615384615
Suzuki,Bolan,2013,66000,1180000,Petrol,Punjab,Original,Local,Manual,13,4714.285714285715
Suzuki,Alto,2004,100000,900000,Petrol,Karachi,Original,Local,Manual,22,4347.826086956522
Suzuki,Alto,2010,156000,1060000,Petrol,Lahore,Original,Local,Manual,16,9176.470588235294
Suzuki,Wagon R,2021,19000,2780000,Petrol,Punjab,Original,Local,Manual,5,3166.6666666666665
Suzuki,Alto,2022,9600,2390000,Petrol,Karachi,Original,Local,Manual,4,1920.0
Honda,City Aspire,2016,96000,3350000,Petrol,Islamabad,Original,Local,Manual,10,8727.272727272728
Suzuki,Bolan,2019,82000,1750000,Petrol,Rawalpindi,Original,Local,Manual,7,10250.0
Honda,Civic Prosmetic,2004,220000,1425000,Petrol,Lahore,Original,Local,Automatic,22,9565.217391304348
Suzuki,Ravi,2016,33249,1200000,Petrol,Rahimyar Khan,Original,Local,Manual,10,3022.6363636363635
Honda,City Aspire,2004,9000,1350000,Petrol,Lahore,Original,Imported,Manual,22,391.30434782608694
Honda,City IDSI,2006,150000,1550000,Petrol,Sindh,Original,Local,Manual,20,7142.857142857143
Honda,City Aspire,2022,19000,4650000,Petrol,Punjab,Original,Local,Automatic,4,3800.0
Suzuki,Every,2014,66000,1925000,Petrol,Lahore,Original,Imported,Automatic,12,5076.923076923077
Suzuki,Mehran VXR,2016,50000,1230000,Petrol,Lahore,Original,Local,Manual,10,4545.454545454545
Toyota,Corrolla Altis,2016,95000,3575000,Petrol,Karachi,Original,Local,Automatic,10,8636.363636363636
Suzuki,Wagon R,2020,18000,2270000,Petrol,Karachi,Original,Local,Manual,6,2571.4285714285716
Honda,City Aspire,2016,107000,3100000,Petrol,Islamabad,Original,Local,Manual,10,9727.272727272728
Suzuki,Wagon R,2018,160000,2000000,Petrol,Lahore,Original,Local,Manual,8,17777.777777777777
Suzuki,Cultus VXR,2017,83000,1850000,Petrol,Karachi,Original,Local,Manual,9,8300.0
Mitsubishi,Ek Wagon,2020,55000,2500000,Petrol,Lahore,Original,Imported,Automatic,6,7857.142857142857
Honda,City IVTEC,2019,75000,3300000,Petrol,Lahore,Original,Local,Manual,7,9375.0
Suzuki,Mehran VXR,2007,90000,500000,Petrol,Lahore,Original,Local,Manual,19,4500.0
Toyota,Corolla GLI,2017,119000,3350000,Petrol,Islamabad,Duplicate,Local,Manual,9,11900.0
Changan,Karvaan,2021,33000,2450000,Petrol,Punjab,Original,Local,Manual,5,5500.0
Toyota,Corolla XLI,2016,96000,1975000,Petrol,Lahore,Duplicate,Local,Manual,10,8727.272727272728
Daihatsu,Cuore,2008,130000,750000,Petrol,Karachi,Original,Imported,Manual,18,6842.105263157895
Hyundai,Santro,2002,45086,620000,CNG,Karachi,Original,Imported,Manual,24,1803.44
Honda,City IVTEC,2017,52000,3280000,Petrol,Islamabad,Original,Local,Manual,9,5200.0
Honda,City IDSI,2004,198000,1590000,Petrol,Islamabad,Original,Imported,Manual,22,8608.695652173914
Suzuki,Baleno,2001,127760,800000,Petrol,Islamabad,Original,Imported,Automatic,25,4913.846153846154
Honda,City IDSI,2003,160000,1450000,Petrol,Karachi,Original,Local,Manual,23,6666.666666666667
Suzuki,Ravi,2018,75000,1250000,Petrol,Rawalpindi,Original,Local,Manual,8,8333.333333333334
Chevrolet,Joy,2008,100000,690000,Petrol,Karachi,Original,Imported,Manual,18,5263.1578947368425
Suzuki,Bolan,2015,134000,830000,Petrol,Lahore,Original,Imported,Manual,11,11166.666666666666
Honda,City IVTEC,2017,42000,3500000,Petrol,Islamabad,Original,Imported,Automatic,9,4200.0
Suzuki,Swift,2000,82000,2725000,Petrol,Lahore,Original,Local,Manual,26,3037.037037037037
Suzuki,Cultus VXR,2006,100000,695000,Petrol,Lahore,Original,Imported,Manual,20,4761.9047619047615
Daihatsu,Move,2014,87000,2050000,Petrol,Karachi,Original,Imported,Automatic,12,6692.307692307692
Toyota,Corolla GLI,2016,125000,3250000,Petrol,Rahimyar Khan,Original,Local,Manual,10,11363.636363636364
Suzuki,Mehran VXR,2011,67351,750000,Petrol,Islamabad,Original,Local,Manual,15,4209.4375
Honda,City Vario,2007,143000,1900000,Petrol,Lahore,Original,Local,Manual,19,7150.0
Suzuki,Swift,2014,97000,2250000,Petrol,Islamabad,Original,Local,Manual,12,7461.538461538462
KIA,Picanto,2021,40800,2900000,Petrol,Punjab,Original,Local,Automatic,5,6800.0
Suzuki,Bolan,2021,56129,1655000,Petrol,Lahore,Original,Local,Manual,5,9354.833333333334
Suzuki,Swift,2014,108000,1995000,Petrol,Islamabad,Original,Local,Manual,12,8307.692307692309
Suzuki,Alto,2020,28800,2630000,Petrol,Islamabad,Original,Local,Automatic,6,4114.285714285715
Suzuki,Mehran VXR,2016,100000,1095000,Petrol,Karachi,Original,Local,Manual,10,9090.90909090909
Honda,Civic Prosmetic,2005,200000,1550000,Petrol,Sindh,Original,Imported,Manual,21,9090.90909090909
Hyundai,Santro,2001,256000,715000,Petrol,Lahore,Original,Imported,Manual,25,9846.153846153846
Suzuki,Swift,2023,30000,4400000,Petrol,Karachi,Original,Local,Automatic,3,7500.0
Daihatsu,Move,2013,85000,1975000,Petrol,Lahore,Original,Imported,Automatic,13,6071.428571428572
Suzuki,Bolan,2016,500000,1100000,Petrol,Lahore,Original,Imported,Manual,10,45454.545454545456
Suzuki,Every,2015,1425,1450000,Petrol,Lahore,Original,Imported,Automatic,11,118.75
Changan,Alsvin,2021,50000,4150000,Petrol,Islamabad,Original,Imported,Automatic,5,8333.333333333334
Suzuki,Ravi,2018,55000,1225000,Petrol,Rawalpindi,Original,Local,Manual,8,6111.111111111111
Daihatsu,Mira,2013,90000,1900000,Petrol,Islamabad,Original,Imported,Automatic,13,6428.571428571428
Mercedes,E Class,2002,80000,3500000,Petrol,Islamabad,Original,Imported,Automatic,24,3200.0
Honda,City Aspire,2022,28320,4950000,Petrol,Punjab,Original,Local,Automatic,4,5664.0
Suzuki,Alto,2017,70000,1170000,Petrol,Karachi,Original,Local,Manual,9,7000.0
Suzuki,Baleno,2003,250000,720000,Petrol,Karachi,Original,Local,Manual,23,10416.666666666666
Changan,Karvaan,2021,38000,2200000,Petrol,Karachi,Duplicate,Local,Manual,5,6333.333333333333
Suzuki,Bolan,2014,75000,875000,Petrol,Karachi,Original,Local,Manual,12,5769.2307692307695
Suzuki,Bolan,2014,200000,930000,Petrol,Lahore,Original,Local,Manual,12,15384.615384615385
Suzuki,Bolan,2013,120000,1120000,Petrol,Islamabad,Original,Local,Manual,13,8571.42857142857
Toyota,Corolla XLI,2013,150000,2350000,Petrol,Lahore,Original,Imported,Manual,13,10714.285714285714
Toyota,Corrolla Altis,2018,63000,4500000,Petrol,Lahore,Original,Local,Automatic,8,7000.0
Suzuki,Bolan,2007,120000,845000,Petrol,Karachi,Original,Imported,Manual,19,6000.0
Toyota,Corolla XLI,2014,133000,2890000,Petrol,Lahore,Original,Local,Manual,12,10230.76923076923
Honda,City IVTEC,2013,78533,2450000,Petrol,Sindh,Original,Local,Manual,13,5609.5
Toyota,Corolla GLI,2019,130000,4300000,Petrol,Islamabad,Original,Local,Automatic,7,16250.0
Daihatsu,Mira,2017,37000,3100000,Petrol,Islamabad,Original,Imported,Automatic,9,3700.0
Suzuki,Alto,2023,4500,2985000,Petrol,Punjab,Original,Local,Automatic,3,1125.0
Honda,City IDSI,2003,158000,1475000,Petrol,Sialkot,Original,Local,Manual,23,6583.333333333333
Suzuki,Mehran VXR,2009,96000,625000,Petrol,Faisalabad,Original,Imported,Manual,17,5333.333333333333
Toyota,Corolla XLI,2006,130000,1685000,Petrol,Lahore,Original,Local,Manual,20,6190.476190476191
Honda,Civic Prosmetic,2008,138786,1795000,Petrol,Lahore,Original,Local,Automatic,18,7304.526315789473
Suzuki,Alto,2021,21000,2450000,Petrol,Karachi,Original,Imported,Manual,5,3500.0
Daihatsu,Move,2016,80000,1950000,Petrol,Lahore,Original,Imported,Automatic,10,7272.727272727273
Toyota,Corolla GLI,2016,49000,4000000,Petrol,Karachi,Original,Local,Manual,10,4454.545454545455
Honda,City IVTEC,2019,45000,3700000,Petrol,Lahore,Original,Local,Manual,7,5625.0
Daihatsu,Hijet,2008,1000,1250000,Petrol,Karachi,Original,Imported,Automatic,18,52.63157894736842
Suzuki,Mehran VXR,2018,74000,1360000,Petrol,Lahore,Original,Local,Manual,8,8222.222222222223
Suzuki,Mehran VXR,2018,10000,1300000,Petrol,Lahore,Original,Imported,Manual,8,1111.111111111111
Toyota,Corolla GLI,2011,137000,2800000,Petrol,Lahore,Original,Local,Manual,15,8562.5
Changan,Karvaan,2020,75000,1980000,Petrol,Hyderabad,Original,Local,Manual,6,10714.285714285714
Suzuki,Bolan,2009,100000,1000000,Petrol,Karachi,Original,Imported,Manual,17,5555.555555555556
Toyota,Corolla XLI,2010,207000,1980000,Petrol,Lahore,Original,Local,Manual,16,12176.470588235294
Honda,City Vario,2008,90000,1800000,Petrol,Karachi,Original,Imported,Automatic,18,4736.8421052631575
Suzuki,Cultus VXR,2012,75000,1420000,Petrol,Lahore,Original,Imported,Manual,14,5000.0
Honda,City IVTEC,2011,200000,2250000,Petrol,Lahore,Original,Local,Manual,15,12500.0
Toyota,Corrolla Altis,2007,117000,1900000,Petrol,Karachi,Original,Local,Automatic,19,5850.0
Suzuki,Every,2017,145000,1650000,Petrol,Lahore,Original,Imported,Automatic,9,14500.0
Suzuki,Bolan,2008,100000,750000,CNG,Lahore,Original,Local,Manual,18,5263.1578947368425
Suzuki,Bolan,2010,70000,850000,CNG,Lahore,Original,Imported,Manual,16,4117.64705882353
Changan,Alsvin,2021,39000,2600000,Petrol,Punjab,Original,Local,Automatic,5,6500.0
Honda,City IVTEC,2020,33000,3650000,Petrol,Karachi,Original,Local,Manual,6,4714.285714285715
Suzuki,Swift,2011,195000,1570000,Petrol,Lahore,Original,Local,Manual,15,12187.5
Suzuki,Bolan,2011,100000,800000,Petrol,Karachi,Original,Imported,Manual,15,6250.0
Suzuki,Bolan,2015,60000,935000,Petrol,Karachi,Original,Local,Manual,11,5000.0
Toyota,Corolla XLI,2006,250000,1820000,CNG,Lahore,Original,Imported,Manual,20,11904.761904761905
Honda,City Aspire,2017,80500,3750000,Petrol,Karachi,Original,Local,Automatic,9,8050.0
Daihatsu,Cuore,2008,100000,1000000,Petrol,Lahore,Original,Local,Manual,18,5263.1578947368425
Suzuki,Mehran VXR,2005,99999,540000,Petrol,Sindh,Original,Local,Manual,21,4545.409090909091
Daihatsu,Move,2007,112000,1695000,Petrol,Lahore,Original,Imported,Automatic,19,5600.0
Toyota,Corolla GLI,2013,90000,3200000,Petrol,Lahore,Original,Local,Manual,13,6428.571428571428
Daihatsu,Cuore,2011,123000,1070000,Petrol,Lahore,Original,Local,Manual,15,7687.5
Toyota,Corolla GLI,2018,75000,4650000,Petrol,Rawalpindi,Original,Local,Automatic,8,8333.333333333334
Suzuki,Alto,2006,123456,920000,Petrol,Islamabad,Original,Local,Manual,20,5878.857142857143
Honda,City IDSI,2004,94000,1530000,Petrol,Karachi,Original,Local,Automatic,22,4086.9565217391305
Suzuki,Cultus VXR,2016,173548,1575000,Petrol,Lahore,Original,Local,Manual,10,15777.09090909091
Suzuki,Mehran VXR,2010,31000,1000000,Petrol,Karachi,Original,Local,Manual,16,1823.5294117647059
Suzuki,Alto,2020,65000,2290000,Petrol,Punjab,Original,Local,Automatic,6,9285.714285714286
KIA,Classic,2001,198500,725000,Petrol,Lahore,Original,Imported,Automatic,25,7634.615384615385
FAW,V2,2021,37000,2100000,Petrol,Lahore,Original,Local,Manual,5,6166.666666666667
Daihatsu,Move,2013,1234,1920000,Petrol,Karachi,Original,Imported,Automatic,13,88.14285714285714
Hyundai,Santro,2006,144818,970000,Petrol,Lahore,Original,Imported,Manual,20,6896.0952380952385
Honda,City IDSI,2005,100000,1300000,Petrol,Lahore,Original,Imported,Manual,21,4545.454545454545
Suzuki,Alto,2006,95000,875000,Petrol,Lahore,Original,Local,Manual,20,4523.809523809524
Toyota,Passo,2007,128500,2100000,Petrol,Islamabad,Original,Imported,Automatic,19,6425.0
Honda,City IVTEC,2016,44000,2800000,Petrol,Karachi,Original,Local,Manual,10,4000.0
Daihatsu,Cuore,2010,3600,1050000,Petrol,Lahore,Original,Local,Manual,16,211.76470588235293
Suzuki,Mehran VXR,2012,190000,620000,Petrol,Vehari,Original,Local,Manual,14,12666.666666666666
Suzuki,Wagon R,2018,25000,2500000,Petrol,Lahore,Original,Local,Manual,8,2777.777777777778
Suzuki,Mehran VXR,2014,71800,1050000,Petrol,Lahore,Original,Local,Manual,12,5523.076923076923
Suzuki,Bolan,2008,78000,550000,Petrol,Lahore,Original,Local,Manual,18,4105.263157894737
Daihatsu,Hijet,2011,100000,1285000,Petrol,Karachi,Original,Imported,Automatic,15,6250.0
Suzuki,Baleno,2000,123456,530000,Petrol,Hyderabad,Original,Local,Manual,26,4572.444444444444
Honda,City Vario,2001,171000,950000,Petrol,Karachi,Original,Local,Automatic,25,6576.923076923077
Toyota,Corolla GLI,2018,58000,4300000,Petrol,Karachi,Original,Local,Manual,8,6444.444444444444
Suzuki,Every,2013,123456,1550000,Petrol,Islamabad,Original,Imported,Automatic,13,8818.285714285714
Toyota,Passo,2018,40000,3690000,Petrol,Karachi,Original,Imported,Automatic,8,4444.444444444444
Daihatsu,Cuore,2006,123456,880000,Petrol,Jhelum,Original,Local,Manual,20,5878.857142857143
Mitsubishi,Pajero Mini,2007,90000,1200000,Petrol,Sialkot,Original,Imported,Automatic,19,4500.0
Hyundai,Santro,2005,70000,910000,Petrol,Islamabad,Original,Local,Manual,21,3181.818181818182
Honda,City IDSI,2005,142000,1535000,Petrol,Sialkot,Original,Local,Manual,21,6454.545454545455
Suzuki,Mehran VXR,2004,12345,570000,Petrol,Lahore,Original,Local,Manual,22,536.7391304347826
Suzuki,Bolan,2021,43000,1550000,Petrol,Karachi,Original,Local,Manual,5,7166.666666666667
Daihatsu,Mira,2017,85000,3550000,Petrol,Karachi,Original,Imported,Automatic,9,8500.0
Changan,Karvaan,2021,28000,2400000,Petrol,Punjab,Original,Local,Manual,5,4666.666666666667
Honda,Civic Oriel,2005,150000,1580000,Petrol,Lahore,Original,Local,Manual,21,6818.181818181818
Honda,City IVTEC,2016,160000,2850000,Petrol,Lahore,Original,Local,Manual,10,14545.454545454546
KIA,Spectra,2002,33333,875000,Petrol,Lahore,Original,Imported,Manual,24,1333.32
Daihatsu,Move,2020,42000,3670000,Petrol,Lahore,Original,Imported,Automatic,6,6000.0
Suzuki,Mehran VXR,2016,107000,950000,Petrol,Karachi,Original,Local,Manual,10,9727.272727272728
Suzuki,Mehran VXR,2010,43000,750000,Petrol,Karachi,Original,Imported,Manual,16,2529.4117647058824
Daihatsu,Mira,2020,15000,3525000,Petrol,Unregistered,Original,Imported,Automatic,6,2142.8571428571427
Toyota,Corolla XLI,2013,150000,2470000,Petrol,Sindh,Original,Local,Manual,13,10714.285714285714
Toyota,Corolla XLI,2014,88259,2600000,Petrol,Karachi,Original,Imported,Manual,12,6789.153846153846
Suzuki,Alto,2011,39000,1590000,CNG,Lahore,Original,Local,Manual,15,2437.5
Daihatsu,Cuore,2007,100000,660000,Petrol,Karachi,Original,Local,Manual,19,5000.0
Toyota,Corolla GLI,2011,106000,2000000,Petrol,Karachi,Original,Local,Manual,15,6625.0
Toyota,Corolla GLI,2017,110000,3860000,Petrol,Lahore,Original,Imported,Manual,9,11000.0
Hyundai,Santro,2005,190000,900000,Petrol,Lahore,Original,Local,Manual,21,8636.363636363636
Honda,City IDSI,2005,140000,1650000,Petrol,Islamabad,Original,Local,Manual,21,6363.636363636364
Honda,City IDSI,2017,82000,3580000,Petrol,Islamabad,Original,Local,Automatic,9,8200.0
Suzuki,Bolan,2005,111111,570000,Petrol,Karachi,Original,Imported,Manual,21,5050.5
Honda,Civic Oriel,2005,87600,1650000,Petrol,Karachi,Original,Local,Automatic,21,3981.818181818182
Daihatsu,Mira,2021,6000,4000000,Petrol,Unregistered,Original,Imported,Automatic,5,1000.0
Suzuki,Alto,2021,30000,2210000,Petrol,Lahore,Original,Local,Manual,5,5000.0
Suzuki,Cultus VXR,2008,100000,940000,Petrol,Lahore,Original,Local,Manual,18,5263.1578947368425
KIA,Classic,2003,118000,475000,Petrol,Karachi,Original,Imported,Manual,23,4916.666666666667
Suzuki,Alto,2021,21000,2560000,Petrol,Karachi,Original,Local,Manual,5,3500.0
Suzuki,Bolan,2010,90000,710000,Petrol,Lahore,Original,Local,Manual,16,5294.117647058823
Toyota,Yaris,2022,17300,4600000,Petrol,Sindh,Original,Local,Automatic,4,3460.0
Toyota,Corolla GLI,2016,75000,3550000,Petrol,Karachi,Original,Local,Manual,10,6818.181818181818
Honda,City IVTEC,2011,146000,2550000,Petrol,Lahore,Original,Local,Manual,15,9125.0
Suzuki,Bolan,2021,62000,1900000,Petrol,Islamabad,Original,Local,Manual,5,10333.333333333334
Suzuki,Bolan,2019,53000,1675000,Petrol,Rawalpindi,Original,Local,Manual,7,6625.0
Toyota,Corolla XLI,2005,130000,1850000,Petrol,Islamabad,Original,Local,Manual,21,5909.090909090909
Daihatsu,Cuore,2001,123123,540000,Petrol,Karachi,Original,Imported,Manual,25,4735.5
Toyota,Yaris,2020,49000,4150000,Petrol,Karachi,Original,Local,Automatic,6,7000.0
Suzuki,Every,2016,59000,2390000,Petrol,Punjab,Original,Imported,Automatic,10,5363.636363636364
Suzuki,Cultus VXR,2013,38000,1200000,Petrol,Lahore,Original,Imported,Manual,13,2714.285714285714
Chevrolet,Joy,2008,150000,900000,Petrol,Lahore,Original,Imported,Manual,18,7894.736842105263
Toyota,Corolla XLI,2007,200000,1450000,Petrol,Karachi,Original,Local,Manual,19,10000.0
Suzuki,Bolan,2015,40042,900000,Petrol,Gujrat,Original,Imported,Manual,11,3336.8333333333335
Suzuki,Alto,2006,12345,1350000,Petrol,Lahore,Original,Imported,Automatic,20,587.8571428571429
Honda,City Aspire,2020,64524,3425000,Petrol,Karachi,Original,Local,Automatic,6,9217.714285714286
Toyota,Corolla XLI,2010,230000,2200000,Petrol,Lahore,Original,Local,Manual,16,13529.411764705883
Suzuki,Bolan,2022,11000,1850000,Petrol,Islamabad,Original,Local,Manual,4,2200.0
Suzuki,Every,2014,229000,1790000,Petrol,Karachi,Original,Imported,Automatic,12,17615.384615384617
Suzuki,Bolan,2016,425001,1500000,Petrol,Islamabad,Original,Imported,Manual,10,38636.454545454544
Daihatsu,Cuore,2004,95000,610000,Petrol,Sindh,Original,Local,Manual,22,4130.434782608696
FAW,V2,2020,52000,1890000,Petrol,Punjab,Original,Local,Manual,6,7428.571428571428
Suzuki,Mehran VXR,2012,96870,800000,Petrol,Karachi,Original,Local,Manual,14,6458.0
Suzuki,Every,2016,200000,1700000,Petrol,Lahore,Original,Imported,Manual,10,18181.81818181818
Suzuki,Mehran VXR,2017,45000,1299000,Petrol,Lahore,Original,Local,Manual,9,4500.0
Toyota,Yaris,2022,9200,4190000,Petrol,Karachi,Original,Local,Automatic,4,1840.0
Daihatsu,Terios Kid,2012,65000,2080000,Petrol,Karachi,Original,Imported,Manual,14,4333.333333333333
Honda,City IVTEC,2015,69000,2690000,Petrol,Karachi,Original,Local,Manual,11,5750.0
Honda,City IDSI,2006,1234,1650000,Petrol,Lahore,Original,Local,Manual,20,58.76190476190476
Suzuki,Cultus VXR,2007,1225,1050000,Petrol,Karachi,Original,Local,Automatic,19,61.25
KIA,Picanto,2021,46000,2800000,Petrol,Karachi,Original,Imported,Automatic,5,7666.666666666667
Daihatsu,Hijet,2012,89000,1090000,Petrol,Gujranwala,Original,Imported,Automatic,14,5933.333333333333
FAW,X-PV,2019,85000,1500000,Petrol,Lahore,Original,Local,Automatic,7,10625.0
Changan,Alsvin,2022,28000,3650000,Petrol,Lahore,Original,Imported,Manual,4,5600.0
Honda,City Aspire,2022,45000,4700000,Petrol,Lahore,Original,Local,Automatic,4,9000.0
Daihatsu,Hijet,2012,92000,1290000,Petrol,Karachi,Original,Imported,Automatic,14,6133.333333333333
Suzuki,Cultus VXR,2010,43000,1090000,Petrol,Karachi,Original,Local,Manual,16,2529.4117647058824
Toyota,Corolla XLI,2019,48000,4100000,Petrol,Karachi,Original,Local,Automatic,7,6000.0
Suzuki,Bolan,2004,80000,550000,Petrol,Karachi,Original,Imported,Manual,22,3478.2608695652175
Toyota,Altis Grande,2016,115000,4650000,Petrol,Sargodha,Original,Local,Automatic,10,10454.545454545454
Toyota,Yaris,2021,43000,4200000,Petrol,Islamabad,Original,Local,Automatic,5,7166.666666666667
Honda,City IVTEC,2010,140000,2250000,Petrol,Sindh,Original,Local,Manual,16,8235.29411764706
Toyota,Corrolla Altis,2017,110000,4200000,Petrol,Lahore,Original,Local,Automatic,9,11000.0
FAW,X-PV,2018,87000,1200000,Petrol,Lahore,Original,Local,Manual,8,9666.666666666666
Toyota,Corolla GLI,2005,123456,1375000,Petrol,Karachi,Original,Imported,Manual,21,5611.636363636364
Toyota,Corrolla Altis,2019,46300,4890000,Petrol,Lahore,Original,Local,Automatic,7,5787.5
Suzuki,Ravi,2018,98000,1200000,Petrol,Islamabad,Original,Local,Manual,8,10888.888888888889
Honda,City IVTEC,2017,76800,3275000,Petrol,Sindh,Original,Local,Manual,9,7680.0
Honda,City IDSI,2005,123456,1290000,Petrol,Karachi,Original,Local,Manual,21,5611.636363636364
Honda,City IVTEC,2015,165000,2725000,Petrol,Lahore,Original,Local,Manual,11,13750.0
Honda,Civic Prosmetic,2015,60000,3700000,Petrol,Islamabad,Original,Local,Automatic,11,5000.0
Honda,City IVTEC,2018,48000,3495000,Petrol,Karachi,Original,Imported,Automatic,8,5333.333333333333
Toyota,Corolla XLI,2012,12345,2250000,Petrol,Lahore,Original,Local,Manual,14,823.0
Suzuki,Swift,2014,141000,1750000,Petrol,Rawalpindi,Original,Imported,Automatic,12,10846.153846153846
Suzuki,Mehran VXR,2009,1234,700000,Petrol,Punjab,Original,Local,Manual,17,68.55555555555556
Suzuki,Swift,2013,111512,2120000,Petrol,Islamabad,Original,Local,Manual,13,7965.142857142857
Suzuki,Mehran VXR,2011,200000,900000,Petrol,Islamabad,Original,Local,Manual,15,12500.0
Honda,City IVTEC,2021,37000,3975000,Petrol,Punjab,Original,Local,Manual,5,6166.666666666667
Suzuki,Alto,2011,126000,1150000,Petrol,Karachi,Original,Local,Manual,15,7875.0
Suzuki,Mehran VXR,2018,49000,1380000,Petrol,Rawalpindi,Original,Local,Manual,8,5444.444444444444
Hyundai,Santro,2003,99999,790000,Petrol,Lahore,Original,Local,Manual,23,4166.625
Hyundai,Santro,2004,123456,825000,Petrol,Karachi,Original,Imported,Automatic,22,5367.652173913043
Toyota,Corrolla Altis,2015,79500,3700000,Petrol,Karachi,Original,Local,Automatic,11,6625.0
Daihatsu,Cuore,2009,10000,770000,Petrol,Karachi,Original,Local,Manual,17,555.5555555555555
Hyundai,Santro,2003,99000,875000,Petrol,Lahore,Original,Local,Manual,23,4125.0
Suzuki,Bolan,2017,48000,1325000,Petrol,Islamabad,Original,Local,Manual,9,4800.0
Suzuki,Alto,2011,132500,1990000,Petrol,Lahore,Original,Imported,Automatic,15,8281.25
Suzuki,Mehran VXR,2018,9000,1900000,Petrol,Islamabad,Original,Local,Manual,8,1000.0
Mitsubishi,Lancer,2006,85000,1650000,Petrol,Islamabad,Original,Imported,Automatic,20,4047.6190476190477
Suzuki,Bolan,2010,14788,680000,Petrol,Karachi,Original,Local,Manual,16,869.8823529411765
Suzuki,Swift,2011,118000,1975000,Petrol,Islamabad,Original,Imported,Manual,15,7375.0
Suzuki,Wagon R,2021,85000,2925000,Petrol,Lahore,Original,Local,Automatic,5,14166.666666666666
Honda,Civic Prosmetic,2009,208000,1950000,Petrol,Karachi,Original,Local,Automatic,17,11555.555555555555
Honda,Civic Oriel,2008,10000,1750000,Petrol,Karachi,Original,Imported,Automatic,18,526.3157894736842
Suzuki,Wagon R,2019,45000,2370000,Petrol,Lahore,Original,Local,Manual,7,5625.0
Suzuki,Bolan,2016,67000,1350000,Petrol,Lahore,Original,Local,Manual,10,6090.909090909091
Suzuki,Swift,2012,12345,1725000,Petrol,Lahore,Original,Local,Manual,14,823.0
Toyota,Corolla XLI,2017,57000,3800000,Petrol,Karachi,Original,Local,Manual,9,5700.0
Suzuki,Cultus VXR,2007,85000,785000,Petrol,Lahore,Original,Local,Manual,19,4250.0
Hyundai,Santro,2003,25000,750000,Petrol,Karachi,Original,Imported,Manual,23,1041.6666666666667
Changan,Karvaan,2021,12500,2225000,Petrol,Karachi,Original,Imported,Manual,5,2083.3333333333335
Suzuki,Swift,2018,73000,2600000,Petrol,Punjab,Original,Local,Manual,8,8111.111111111111
Suzuki,Mehran VXR,2006,150000,730000,Petrol,Islamabad,Original,Imported,Manual,20,7142.857142857143
Changan,Karvaan,2021,61000,2300000,Petrol,Islamabad,Original,Local,Manual,5,10166.666666666666
Honda,Civic Prosmetic,2009,150000,2175000,Petrol,Lahore,Original,Local,Automatic,17,8333.333333333334
Daihatsu,Mira,2007,89000,1620000,Petrol,Karachi,Original,Imported,Automatic,19,4450.0
Suzuki,Bolan,2016,123456,1050000,Petrol,Lahore,Original,Local,Manual,10,11223.272727272728
Toyota,Altis Grande,2016,113000,4650000,Petrol,Islamabad,Original,Local,Automatic,10,10272.727272727272
Daihatsu,Mira,2020,1000,3520000,Petrol,Sialkot,Original,Imported,Automatic,6,142.85714285714286
Daihatsu,Move,2011,250000,1890000,Petrol,Islamabad,Original,Imported,Automatic,15,15625.0
Toyota,Yaris,2021,10000,4800000,Petrol,Islamabad,Original,Imported,Automatic,5,1666.6666666666667
Suzuki,Alto,2009,70000,1500000,Petrol,Karachi,Original,Imported,Automatic,17,3888.8888888888887
Daihatsu,Cuore,2007,123456,920000,Petrol,Karachi,Original,Imported,Automatic,19,6172.8
Changan,Karvaan,2022,36500,2520000,Petrol,Punjab,Original,Local,Automatic,4,7300.0
Daihatsu,Cuore,2007,100000,700000,Petrol,Karachi,Original,Local,Manual,19,5000.0
Toyota,Passo,2017,98000,3430000,Petrol,Islamabad,Original,Imported,Automatic,9,9800.0
Suzuki,Swift,2019,80000,2560000,Petrol,Islamabad,Original,Local,Manual,7,10000.0
Hyundai,Santro,2010,12563,798000,Petrol,Lahore,Original,Local,Manual,16,739.0
Honda,City IDSI,2003,170000,1450000,Petrol,Sindh,Original,Imported,Manual,23,7083.333333333333
Toyota,Yaris,2021,37000,4500000,Petrol,Islamabad,Original,Imported,Automatic,5,6166.666666666667
Daihatsu,Move,2013,116000,2250000,Petrol,Lahore,Original,Imported,Automatic,13,8285.714285714286
Suzuki,Alto,2007,100000,700000,Petrol,Karachi,Original,Local,Manual,19,5000.0
Daihatsu,Mira,2012,124000,2225000,Petrol,Lahore,Original,Imported,Automatic,14,8266.666666666666
Mitsubishi,Lancer,2006,190000,1580000,Petrol,Karachi,Original,Imported,Automatic,20,9047.619047619048
Honda,City IVTEC,2006,180000,1580000,Petrol,Lahore,Original,Local,Manual,20,8571.42857142857
KIA,Picanto,2020,27000,3100000,Petrol,Lahore,Original,Local,Automatic,6,3857.1428571428573
Suzuki,Bolan,2012,50000,580000,CNG,Jhang Sadar,Original,Local,Manual,14,3333.3333333333335
Daihatsu,Cuore,2006,150000,650000,Petrol,Karachi,Original,Local,Manual,20,7142.857142857143
Honda,Civic Oriel,2003,150000,1375000,Petrol,Karachi,Original,Local,Manual,23,6250.0
Daihatsu,Hijet,2013,88000,1625000,Petrol,Karachi,Original,Imported,Automatic,13,6285.714285714285
Toyota,Altis Grande,2016,130000,4650000,Petrol,Lahore,Original,Local,Automatic,10,11818.181818181818
Suzuki,Alto,2019,90000,1950000,Petrol,Karachi,Original,Local,Manual,7,11250.0
Suzuki,Bolan,2007,40000,560000,Petrol,Karachi,Original,Local,Manual,19,2000.0
Honda,City IVTEC,2020,123456,3375000,Petrol,Karachi,Original,Local,Manual,6,17636.571428571428
Suzuki,Swift,2011,110000,1525000,Petrol,Karachi,Original,Imported,Manual,15,6875.0
Toyota,Yaris,2021,55000,4575000,Petrol,Islamabad,Original,Local,Automatic,5,9166.666666666666
Suzuki,Baleno,2003,270000,699999,Petrol,Karachi,Original,Local,Manual,23,11250.0
Honda,City IDSI,2007,186000,1700000,Petrol,Lahore,Original,Local,Manual,19,9300.0
Honda,City Vario,2003,200000,1150000,Petrol,Lahore,Original,Local,Manual,23,8333.333333333334
Suzuki,Ravi,2008,111000,480000,CNG,Karachi,Original,Local,Manual,18,5842.105263157895
Suzuki,Swift,2020,86000,2700000,Petrol,Lahore,Original,Local,Manual,6,12285.714285714286
Daihatsu,Mira,2012,126000,2950000,Petrol,Lahore,Original,Local,Automatic,14,8400.0
Hyundai,Santro,2000,185000,810000,Petrol,Karachi,Original,Imported,Manual,26,6851.851851851852
Daihatsu,Cuore,2004,12345,550000,Petrol,Karachi,Original,Imported,Manual,22,536.7391304347826
Suzuki,Swift,2016,70000,2050000,Petrol,Lahore,Original,Local,Manual,10,6363.636363636364
Hyundai,Santro,2006,124763,841000,Petrol,Faisalabad,Original,Local,Manual,20,5941.0952380952385
KIA,Picanto,2021,61000,2600000,Petrol,Islamabad,Original,Imported,Manual,5,10166.666666666666
KIA,Picanto,2021,42000,2500000,Petrol,Karachi,Original,Local,Manual,5,7000.0
Chevrolet,Joy,2006,105467,645000,Petrol,Karachi,Original,Imported,Manual,20,5022.238095238095
Honda,Civic Prosmetic,2009,200000,2050000,Petrol,Sindh,Original,Local,Automatic,17,11111.111111111111
Daihatsu,Hijet,2008,25000,1100000,Petrol,Karachi,Original,Imported,Automatic,18,1315.7894736842106
Toyota,Corolla GLI,2010,115000,2350000,Petrol,Lahore,Original,Local,Manual,16,6764.705882352941
Daihatsu,Move,2013,97000,2100000,Petrol,Lahore,Original,Imported,Automatic,13,6928.571428571428
Honda,Civic Prosmetic,2003,164000,1550000,Petrol,Lahore,Original,Local,Automatic,23,6833.333333333333
Suzuki,Wagon R,2022,31000,2700000,Petrol,Rahimyar Khan,Original,Local,Manual,4,6200.0
Suzuki,Swift,2017,121000,2270000,Petrol,Lahore,Original,Local,Manual,9,12100.0
Suzuki,Bolan,2012,68000,890000,Petrol,Sahiwal,Original,Local,Manual,14,4533.333333333333
Toyota,ISIS,2011,110000,2685000,Petrol,Karachi,Original,Imported,Automatic,15,6875.0
Hyundai,Santro,2004,58461,790000,Petrol,Karachi,Original,Imported,Manual,22,2541.782608695652
Hyundai,Santro,2001,200000,750000,Petrol,Rawalpindi,Original,Imported,Manual,25,7692.307692307692
Honda,Civic Oriel,2005,200000,1500000,Petrol,Lahore,Original,Imported,Manual,21,9090.90909090909
Chevrolet,Joy,2006,1234,610000,Petrol,Lahore,Original,Local,Manual,20,58.76190476190476
Suzuki,Alto,2001,69358,1050000,Petrol,Bahawalpur,Original,Imported,Manual,25,2667.6153846153848
Mitsubishi,Lancer,2004,137000,1335000,Petrol,Lahore,Original,Local,Manual,22,5956.521739130435
FAW,X-PV,2018,160000,880000,Petrol,Islamabad,Original,Local,Manual,8,17777.777777777777
Changan,Karvaan,2021,78000,2000000,Petrol,Punjab,Original,Local,Manual,5,13000.0
Honda,Civic Prosmetic,2010,164000,2150000,Petrol,Lahore,Original,Local,Automatic,16,9647.058823529413
Toyota,Corolla GLI,2010,189700,2295000,Petrol,Lahore,Original,Local,Manual,16,11158.823529411764
Toyota,Yaris,2022,12000,4700000,Petrol,Punjab,Original,Local,Automatic,4,2400.0
Honda,Civic Prosmetic,2001,156452,1095000,Petrol,Karachi,Original,Imported,Automatic,25,6017.384615384615
Toyota,Corolla GLI,2015,85000,3375000,Petrol,Karachi,Original,Local,Manual,11,7083.333333333333
Toyota,Altis Grande,2014,145000,3975000,Petrol,Islamabad,Original,Local,Automatic,12,11153.846153846154
Toyota,Corolla GLI,2018,105000,4295000,Petrol,Karachi,Original,Local,Manual,8,11666.666666666666
Chevrolet,Joy,2005,45000,650000,Petrol,Islamabad,Original,Imported,Manual,21,2045.4545454545455
Hyundai,Santro,2006,130754,900000,Petrol,Multan,Original,Local,Manual,20,6226.380952380952
Honda,City Aspire,2013,190000,2775000,Petrol,Kasur,Original,Local,Manual,13,13571.42857142857
Honda,Civic Prosmetic,2009,150000,1790000,Petrol,Sindh,Original,Local,Manual,17,8333.333333333334
Honda,City IVTEC,2018,55000,3150000,Petrol,Karachi,Original,Local,Manual,8,6111.111111111111
Daihatsu,Mira,2014,76000,1990000,Petrol,Karachi,Original,Local,Automatic,12,5846.153846153846
Honda,City Aspire,2017,85000,3200000,Petrol,Lahore,Original,Local,Manual,9,8500.0
Daihatsu,Terios Kid,2011,143000,2275000,Petrol,Lahore,Original,Imported,Manual,15,8937.5
Suzuki,Alto,2021,25000,2340000,Petrol,Islamabad,Original,Local,Manual,5,4166.666666666667
Hyundai,Santro,2005,100000,815000,Petrol,Sindh,Original,Imported,Manual,21,4545.454545454545
Honda,City IVTEC,2018,95000,3650000,Petrol,Islamabad,Original,Local,Automatic,8,10555.555555555555
Toyota,Yaris,2020,36000,3400000,Petrol,Karachi,Original,Local,Manual,6,5142.857142857143
Daihatsu,Cuore,2004,123456,650000,Petrol,Karachi,Original,Local,Manual,22,5367.652173913043
Honda,City Vario,2005,109000,1480000,Petrol,Karachi,Original,Local,Automatic,21,4954.545454545455
Toyota,Corolla GLI,2016,107000,3225000,Petrol,Lahore,Original,Local,Manual,10,9727.272727272728
Suzuki,Baleno,2005,10000,970000,Petrol,Lahore,Original,Local,Manual,21,454.54545454545456
Suzuki,Cultus VXR,2015,100000,1300000,Petrol,Karachi,Original,Local,Manual,11,8333.333333333334
Honda,Civic Prosmetic,2008,152000,2350000,Petrol,Karachi,Original,Local,Automatic,18,8000.0
Daihatsu,Mira,2020,53000,3540000,Petrol,Unregistered,Original,Imported,Automatic,6,7571.428571428572
Honda,City IVTEC,2018,39000,3075000,Petrol,Karachi,Original,Local,Manual,8,4333.333333333333
Honda,Civic Prosmetic,2006,135000,1950000,Petrol,Lahore,Original,Local,Automatic,20,6428.571428571428
Toyota,Corolla GLI,2016,110000,3345000,Petrol,Sindh,Original,Local,Manual,10,10000.0
Suzuki,Cultus VXR,2004,100000,750000,Petrol,Lahore,Original,Local,Manual,22,4347.826086956522
Toyota,Corolla GLI,2009,153000,2099000,Petrol,Islamabad,Original,Imported,Automatic,17,8500.0
Suzuki,Mehran VXR,2018,80000,1050000,Petrol,Lahore,Original,Local,Manual,8,8888.888888888889
Suzuki,Ravi,2016,75000,1150000,Petrol,Lahore,Original,Local,Manual,10,6818.181818181818
KIA,Classic,2005,115000,1000000,Petrol,Lahore,Original,Imported,Manual,21,5227.272727272727
Honda,Civic Prosmetic,2010,83000,1985000,Petrol,Karachi,Original,Local,Automatic,16,4882.35294117647
Suzuki,Mehran VXR,2007,11111,800000,CNG,Islamabad,Original,Local,Manual,19,555.55
Honda,City Aspire,2021,25000,5000000,Petrol,Islamabad,Original,Local,Automatic,5,4166.666666666667
Mitsubishi,Lancer,2005,200000,1380000,Petrol,Islamabad,Original,Local,Manual,21,9090.90909090909
Mitsubishi,Pajero Mini,2006,120000,1330000,Petrol,Karachi,Original,Imported,Manual,20,5714.285714285715
Honda,Civic Oriel,2010,108000,2250000,Petrol,Karachi,Original,Local,Automatic,16,6352.941176470588
Honda,City Vario,2008,95000,1800000,Petrol,Karachi,Original,Local,Automatic,18,5000.0
Suzuki,Mehran VXR,2015,77000,1100000,Petrol,Lahore,Original,Local,Manual,11,6416.666666666667
Honda,Civic Prosmetic,2012,80000,2100000,Petrol,Lahore,Original,Local,Automatic,14,5333.333333333333
Honda,City IVTEC,2019,20200,3645000,Petrol,Lahore,Original,Local,Automatic,7,2525.0
Suzuki,Bolan,2021,30000,1750000,Petrol,Islamabad,Original,Local,Manual,5,5000.0
KIA,Picanto,2022,9000,3300000,Petrol,Lahore,Original,Local,Automatic,4,1800.0
Toyota,Corolla XLI,2018,83000,3595000,Petrol,Lahore,Original,Local,Manual,8,9222.222222222223
Suzuki,Mehran VXR,2002,52852,440000,CNG,Charsadda,Original,Local,Manual,24,2114.08
Suzuki,Cultus VXR,2008,136000,920000,Petrol,Karachi,Original,Local,Manual,18,7157.894736842105
Suzuki,Cultus VXR,2005,190000,790000,Petrol,Lahore,Original,Local,Manual,21,8636.363636363636
Suzuki,Alto,2019,43000,1975000,Petrol,Karachi,Original,Local,Manual,7,5375.0
Daihatsu,Mira,2013,110000,1865000,Petrol,Lahore,Original,Imported,Automatic,13,7857.142857142857
Honda,City IDSI,2000,100000,865000,Petrol,Karachi,Original,Local,Manual,26,3703.703703703704
Honda,City Aspire,2020,30000,4400000,Petrol,Lahore,Original,Local,Automatic,6,4285.714285714285
Suzuki,Swift,2013,150000,1890000,Petrol,Lahore,Original,Local,Manual,13,10714.285714285714
Suzuki,Alto,2007,90000,760000,Petrol,Karachi,Original,Imported,Manual,19,4500.0
Suzuki,Alto,2020,7600,2495000,Petrol,Karachi,Original,Local,Automatic,6,1085.7142857142858
Daihatsu,Move,2015,85000,2450000,Petrol,Lahore,Original,Imported,Automatic,11,7083.333333333333
Toyota,Corrolla Altis,2012,107000,2950000,Petrol,Karachi,Original,Local,Automatic,14,7133.333333333333
Mitsubishi,Lancer,2004,184500,1300000,Petrol,Lahore,Original,Imported,Automatic,22,8021.739130434783
Suzuki,Mehran VXR,2004,66000,560000,Petrol,Sindh,Original,Local,Manual,22,2869.5652173913045
Suzuki,Alto,2021,22107,2690000,Petrol,Karachi,Original,Local,Automatic,5,3684.5
Suzuki,Cultus VXR,2014,1212,1270000,Petrol,Karachi,Original,Local,Manual,12,93.23076923076923
Honda,City IDSI,2005,162000,1310000,Petrol,Karachi,Original,Imported,Manual,21,7363.636363636364
Hyundai,Santro,2003,200000,599990,Petrol,Karachi,Duplicate,Local,Manual,23,8333.333333333334
Suzuki,Alto,2004,200000,700000,Petrol,Karachi,Original,Local,Manual,22,8695.652173913044
Toyota,Corolla GLI,2019,45000,4500000,Petrol,Islamabad,Original,Local,Manual,7,5625.0
Suzuki,Mehran VXR,2017,55000,1260000,Petrol,Lahore,Original,Local,Manual,9,5500.0
Daihatsu,Mira,2016,80000,2550000,Petrol,Karachi,Original,Imported,Automatic,10,7272.727272727273
KIA,Classic,2003,123456,700000,Petrol,Rawalpindi,Original,Imported,Manual,23,5144.0
Daihatsu,Terios Kid,2002,94000,1550000,Petrol,Lahore,Original,Imported,Manual,24,3760.0
Honda,Civic Oriel,2008,175000,1870000,Petrol,Karachi,Original,Local,Manual,18,9210.526315789473
Suzuki,Alto,2019,45000,2399999,Petrol,Lahore,Original,Local,Automatic,7,5625.0
Suzuki,Ravi,2008,12345,700000,Petrol,Faisalabad,Original,Local,Manual,18,649.7368421052631
Daihatsu,Mira,2015,90000,2495000,Petrol,Karachi,Original,Imported,Automatic,11,7500.0
Mitsubishi,Lancer,2005,165005,1150000,Petrol,Sindh,Original,Imported,Manual,21,7500.227272727273
Honda,City Aspire,2014,100000,2790000,Petrol,Lahore,Original,Local,Manual,12,7692.307692307692
Toyota,Corolla GLI,2014,90000,3200000,Petrol,Karachi,Original,Local,Automatic,12,6923.076923076923
Daihatsu,Cuore,2004,150000,700000,Petrol,Sindh,Original,Local,Manual,22,6521.739130434783
Daihatsu,Move,2014,1234,1920000,Petrol,Lahore,Original,Imported,Automatic,12,94.92307692307692
Honda,City Aspire,2008,155555,1850000,Petrol,Lahore,Original,Local,Manual,18,8187.105263157895
Suzuki,Alto,2010,127574,1950000,Petrol,Islamabad,Original,Imported,Automatic,16,7504.35294117647
Suzuki,Alto,2004,204500,535000,Petrol,Karachi,Original,Imported,Manual,22,8891.304347826086
Suzuki,Swift,2010,87000,1625000,Petrol,Lahore,Original,Local,Manual,16,5117.64705882353
Honda,City IDSI,2005,150000,1560000,Petrol,Lahore,Original,Local,Manual,21,6818.181818181818
Toyota,Passo,2006,108000,1900000,Petrol,Karachi,Original,Imported,Automatic,20,5142.857142857143
Honda,Civic Oriel,2010,148000,2000000,Petrol,Islamabad,Original,Imported,Manual,16,8705.882352941177
Honda,City Aspire,2017,118000,3000000,Petrol,Lahore,Original,Local,Manual,9,11800.0
Honda,City Aspire,2022,19652,4949000,Petrol,Karachi,Original,Local,Automatic,4,3930.4
Suzuki,Mehran VXR,2013,85000,985000,Petrol,Lahore,Original,Local,Manual,13,6071.428571428572
Honda,Civic Oriel,2013,136000,3000000,Petrol,Karachi,Original,Local,Automatic,13,9714.285714285714
Toyota,Corolla GLI,2019,49000,4899999,Petrol,Islamabad,Original,Local,Automatic,7,6125.0
Honda,City IDSI,2004,175000,1575000,Petrol,Lahore,Original,Local,Manual,22,7608.695652173913
FAW,V2,2019,64000,1750000,Petrol,Lahore,Original,Local,Manual,7,8000.0
Honda,City IVTEC,2018,81000,3250000,Petrol,Lahore,Original,Local,Manual,8,9000.0
Suzuki,Bolan,2007,65000,650000,Petrol,Lahore,Original,Imported,Manual,19,3250.0
Suzuki,Mehran VXR,2014,100000,800000,Petrol,Lahore,Original,Local,Manual,12,7692.307692307692
Toyota,Passo,2011,93000,2100000,Petrol,Karachi,Original,Imported,Automatic,15,5812.5
Toyota,Corolla GLI,2008,222222,2245000,Petrol,Islamabad,Original,Local,Manual,18,11695.894736842105
Suzuki,Mehran VXR,2015,80000,1150000,Petrol,Lahore,Original,Local,Manual,11,6666.666666666667
Daihatsu,Terios Kid,2000,100000,1175000,Petrol,Karachi,Original,Imported,Manual,26,3703.703703703704
Toyota,Corolla GLI,2012,224448,2110000,Petrol,Islamabad,Original,Local,Manual,14,14963.2
Hyundai,Santro,2008,56000,1330000,Petrol,Lahore,Original,Local,Manual,18,2947.3684210526317
Daihatsu,Mira,2014,89000,1890000,Petrol,Karachi,Original,Imported,Automatic,12,6846.153846153846
Suzuki,Mehran VXR,2005,97000,650000,Petrol,Islamabad,Original,Local,Manual,21,4409.090909090909
Suzuki,Every,2008,110000,1340000,Petrol,Karachi,Original,Imported,Automatic,18,5789.473684210527
Changan,Alsvin,2021,60000,3900000,Petrol,Islamabad,Original,Imported,Automatic,5,10000.0
Suzuki,Swift,2016,82000,1980000,Petrol,Karachi,Original,Local,Manual,10,7454.545454545455
Suzuki,Wagon R,2019,97304,2400000,Petrol,Lahore,Original,Imported,Manual,7,12163.0
Chevrolet,Exclusive,2004,123456,650000,Petrol,Karachi,Original,Imported,Manual,22,5367.652173913043
Suzuki,Mehran VXR,2007,77000,590000,Petrol,Lahore,Original,Local,Manual,19,3850.0
Toyota,Corolla GLI,2019,41000,4200000,Petrol,Karachi,Original,Local,Manual,7,5125.0
Toyota,Corolla GLI,2018,84000,3740000,Petrol,Lahore,Original,Local,Automatic,8,9333.333333333334
Hyundai,Santro,2007,40000,1000000,Petrol,Faisalabad,Original,Imported,Manual,19,2000.0
KIA,Picanto,2021,41000,2650000,Petrol,Karachi,Original,Local,Automatic,5,6833.333333333333
Toyota,Corolla XLI,2012,1370,2500000,Petrol,Lahore,Original,Imported,Manual,14,91.33333333333333
Suzuki,Wagon R,2018,51000,2070000,Petrol,Karachi,Original,Local,Manual,8,5666.666666666667
Honda,City IVTEC,2019,76000,3325000,Petrol,Lahore,Original,Local,Manual,7,9500.0
Daihatsu,Cuore,2005,188000,800000,Petrol,Lahore,Original,Local,Manual,21,8545.454545454546
Honda,City IVTEC,2012,80000,2550000,Petrol,Punjab,Original,Local,Manual,14,5333.333333333333
Suzuki,Alto,2020,39900,2075000,Petrol,Punjab,Original,Local,Manual,6,5700.0
Suzuki,Mehran VXR,2017,34000,1200000,Petrol,Karachi,Original,Local,Manual,9,3400.0
Mitsubishi,Lancer,2008,150000,1600000,Petrol,Lahore,Original,Imported,Automatic,18,7894.736842105263
Suzuki,Wagon R,2016,90000,1645000,Petrol,Karachi,Original,Local,Manual,10,8181.818181818182
Daihatsu,Move,2013,84500,2100000,Petrol,Karachi,Original,Imported,Automatic,13,6035.714285714285
Suzuki,Wagon R,2017,85000,2290000,Petrol,Islamabad,Original,Local,Manual,9,8500.0
Suzuki,Wagon R,2022,40000,1650000,Petrol,Punjab,Original,Local,Manual,4,8000.0
Changan,Karvaan,2022,65479,2250000,Petrol,Punjab,Original,Local,Manual,4,13095.8
Daihatsu,Cuore,2012,100020,1030000,Petrol,Karachi,Original,Imported,Manual,14,6668.0
Honda,City IVTEC,2011,123456,2500000,Petrol,Islamabad,Original,Local,Manual,15,7716.0
Daihatsu,Mira,2010,107000,1640000,Petrol,Karachi,Original,Imported,Automatic,16,6294.117647058823
Suzuki,Alto,2021,40000,2349000,Petrol,Punjab,Original,Local,Manual,5,6666.666666666667
Suzuki,Swift,2012,80000,1425000,Petrol,Karachi,Original,Local,Manual,14,5333.333333333333
Toyota,Corolla GLI,2010,160000,2300000,Petrol,Karachi,Original,Local,Manual,16,9411.764705882353
Honda,City IVTEC,2016,95000,3150000,Petrol,Sindh,Original,Imported,Automatic,10,8636.363636363636
Suzuki,Bolan,2018,55000,1350000,Petrol,Lahore,Original,Local,Manual,8,6111.111111111111
Mitsubishi,Lancer,2005,12345,1525000,Petrol,Lahore,Original,Imported,Manual,21,561.1363636363636
Suzuki,Alto,2019,72000,2500000,Petrol,Islamabad,Original,Local,Automatic,7,9000.0
Honda,City Aspire,2016,72000,3450000,Petrol,Lahore,Original,Local,Manual,10,6545.454545454545
Toyota,Corrolla Altis,2018,51000,4350000,Petrol,Karachi,Original,Local,Automatic,8,5666.666666666667
Suzuki,Alto,2008,86400,720000,Petrol,Karachi,Original,Local,Manual,18,4547.368421052632
Daihatsu,Move,2018,35300,3350000,Petrol,Karachi,Original,Imported,Automatic,8,3922.222222222222
Daihatsu,Hijet,2015,141348,1450000,Petrol,Multan,Original,Imported,Automatic,11,11779.0
Toyota,Passo,2012,125000,900000,Petrol,Lahore,Original,Imported,Automatic,14,8333.333333333334
Daihatsu,Cuore,2008,200000,850000,Petrol,Lahore,Original,Local,Manual,18,10526.315789473685
Honda,Civic Oriel,2005,156703,2475000,Petrol,Lahore,Original,Imported,Automatic,21,7122.863636363636
Suzuki,Mehran VXR,2015,45780,890000,Petrol,Lahore,Original,Local,Manual,11,3815.0
Mitsubishi,Ek Wagon,2014,100000,2300000,Petrol,Lahore,Original,Imported,Automatic,12,7692.307692307692
Suzuki,Every,2007,200000,1299999,Petrol,Karachi,Original,Imported,Automatic,19,10000.0
Honda,City IDSI,2003,12345,1325000,Petrol,Lahore,Original,Local,Manual,23,514.375
Hyundai,Santro,2004,100000,1000000,Petrol,Rawalpindi,Original,Imported,Manual,22,4347.826086956522
Toyota,Yaris,2020,55000,3750000,Petrol,Karachi,Original,Local,Manual,6,7857.142857142857
KIA,Classic,2001,100000,550000,Petrol,Faisalabad,Original,Imported,Manual,25,3846.153846153846
Hyundai,Santro,2005,89000,900000,Petrol,Karachi,Original,Local,Manual,21,4045.4545454545455
Hyundai,Santro,2006,143000,1050000,Petrol,Lahore,Original,Local,Manual,20,6809.523809523809
Suzuki,Cultus VXR,2007,200000,1100000,Petrol,Lahore,Original,Local,Manual,19,10000.0
Suzuki,Every,2012,70000,1580000,Petrol,Lahore,Original,Imported,Automatic,14,4666.666666666667
KIA,Classic,2001,100000,280000,Petrol,Karachi,Original,Imported,Manual,25,3846.153846153846
Suzuki,Bolan,2007,52000,850000,Petrol,Islamabad,Original,Local,Manual,19,2600.0
Honda,Civic Prosmetic,2014,100000,3700000,Petrol,Lahore,Original,Imported,Automatic,12,7692.307692307692
Honda,City IVTEC,2020,73000,4750000,Petrol,Islamabad,Original,Local,Automatic,6,10428.57142857143
Suzuki,Cultus VXR,2010,1234,985000,Petrol,Karachi,Original,Local,Manual,16,72.58823529411765
Toyota,Passo,2013,12345,2000000,Petrol,Islamabad,Original,Imported,Automatic,13,881.7857142857143
Honda,City Aspire,2017,96000,3280000,Petrol,Lahore,Original,Local,Manual,9,9600.0
Honda,Civic Prosmetic,2008,90000,2100000,Petrol,Lahore,Original,Local,Automatic,18,4736.8421052631575
Honda,City IVTEC,2018,131000,3350000,Petrol,Lahore,Original,Local,Manual,8,14555.555555555555
Honda,City Aspire,2015,92000,3050000,Petrol,Karachi,Original,Imported,Automatic,11,7666.666666666667
Suzuki,Mehran VXR,2008,50000,625000,Petrol,Karachi,Original,Local,Manual,18,2631.5789473684213
Toyota,Altis Grande,2002,185000,1800000,Petrol,Karachi,Original,Local,Automatic,24,7400.0
Toyota,Yaris,2021,37000,3750000,Petrol,Punjab,Original,Local,Manual,5,6166.666666666667
KIA,Picanto,2022,10500,3300000,Petrol,Karachi,Original,Local,Automatic,4,2100.0
Daihatsu,Cuore,2011,150000,850000,Petrol,Karachi,Original,Local,Manual,15,9375.0
Toyota,Corolla GLI,2012,73000,2550000,Petrol,Sindh,Original,Local,Manual,14,4866.666666666667
Daihatsu,Mira,2017,65000,2900000,Petrol,Islamabad,Original,Imported,Automatic,9,6500.0
Toyota,Corolla XLI,2014,140000,2400000,Petrol,Lahore,Original,Local,Manual,12,10769.23076923077
Suzuki,Bolan,2018,70000,1250000,Petrol,Sindh,Original,Local,Manual,8,7777.777777777777
Toyota,Passo,2012,120000,2200000,Petrol,Karachi,Original,Imported,Automatic,14,8000.0
Honda,City IDSI,2006,163652,1757000,Petrol,Lahore,Original,Local,Manual,20,7792.952380952381
Suzuki,Cultus VXR,2010,195000,1150000,Petrol,Lahore,Original,Imported,Manual,16,11470.588235294117
Honda,Civic Prosmetic,2001,150000,1095000,Petrol,Karachi,Original,Imported,Automatic,25,5769.2307692307695
Hyundai,Santro,2003,99000,900000,Petrol,Karachi,Original,Imported,Manual,23,4125.0
Honda,City Vario,2003,210000,1450000,Petrol,Islamabad,Original,Local,Automatic,23,8750.0
Daihatsu,Mira,2012,10000,1850000,Petrol,Sialkot,Original,Imported,Automatic,14,666.6666666666666
Mitsubishi,Pajero Mini,2011,78000,2150000,Petrol,Sialkot,Original,Imported,Automatic,15,4875.0
Daihatsu,Mira,2014,90000,2155000,Petrol,Karachi,Original,Imported,Automatic,12,6923.076923076923
Daihatsu,Mira,2012,17500,2300000,Petrol,Lahore,Original,Imported,Automatic,14,1166.6666666666667
Mitsubishi,Lancer,2005,115000,1015000,Petrol,Sindh,Original,Imported,Manual,21,5227.272727272727
Toyota,Corolla GLI,2010,115000,1840000,Petrol,Karachi,Original,Local,Manual,16,6764.705882352941
Suzuki,Cultus VXR,2008,57000,925000,Petrol,Rawalpindi,Original,Imported,Manual,18,3000.0
Honda,City Aspire,2021,36000,4900000,Petrol,Punjab,Original,Local,Automatic,5,6000.0
Suzuki,Alto,2020,63000,2440000,Petrol,Lahore,Original,Local,Automatic,6,9000.0
Suzuki,Baleno,2004,100000,950000,Petrol,Lahore,Original,Local,Manual,22,4347.826086956522
Honda,City IVTEC,2019,64000,3550000,Petrol,Islamabad,Original,Local,Manual,7,8000.0
Chevrolet,Exclusive,2005,162000,650000,Petrol,Multan,Original,Imported,Manual,21,7363.636363636364
KIA,Spectra,2002,100000,675000,Petrol,Lahore,Original,Local,Manual,24,4000.0
Suzuki,Baleno,2004,70000,950000,Petrol,Lahore,Original,Local,Manual,22,3043.478260869565
Honda,City Aspire,2020,32500,3900000,Petrol,Karachi,Original,Local,Automatic,6,4642.857142857143
Toyota,Passo,2013,70000,2385000,Petrol,Karachi,Original,Imported,Automatic,13,5000.0
Daihatsu,Cuore,2007,140000,880000,Petrol,Jhelum,Original,Imported,Manual,19,7000.0
Toyota,Corolla GLI,2011,100000,2500000,Petrol,Lahore,Original,Local,Manual,15,6250.0
Suzuki,Every,2012,100000,1180000,Petrol,Lahore,Original,Imported,Manual,14,6666.666666666667
Honda,City Aspire,2014,152000,2660000,Petrol,Islamabad,Original,Local,Manual,12,11692.307692307691
Suzuki,Swift,2023,10000,4800000,Petrol,Islamabad,Original,Imported,Automatic,3,2500.0
Honda,City IVTEC,2013,101500,2740000,Petrol,Karachi,Original,Local,Automatic,13,7250.0
Suzuki,Alto,2007,18428,875000,Petrol,Lahore,Original,Local,Manual,19,921.4
Hyundai,Santro,2006,100000,1050000,Petrol,Rawalpindi,Original,Local,Manual,20,4761.9047619047615
KIA,Picanto,2021,18500,3150000,Petrol,Karachi,Original,Local,Automatic,5,3083.3333333333335
Toyota,Corolla GLI,2019,28500,4650000,Petrol,Islamabad,Original,Local,Automatic,7,3562.5
Suzuki,Wagon R,2022,39550,2700000,Petrol,Islamabad,Original,Local,Manual,4,7910.0
Suzuki,Bolan,2019,34000,1650000,Petrol,Islamabad,Original,Local,Manual,7,4250.0
Toyota,Corolla XLI,2015,98000,2850000,Petrol,Karachi,Original,Local,Manual,11,8166.666666666667
Daihatsu,Cuore,2011,140000,925000,Petrol,Karachi,Original,Local,Manual,15,8750.0
Daihatsu,Mira,2013,140000,2275000,Petrol,Lahore,Original,Imported,Automatic,13,10000.0
Suzuki,Alto,2007,100036,765000,Petrol,Karachi,Original,Local,Manual,19,5001.8
Suzuki,Swift,2012,130000,1745000,Petrol,Rawalpindi,Original,Local,Manual,14,8666.666666666666
FAW,X-PV,2015,140000,835000,Petrol,Lahore,Original,Imported,Manual,11,11666.666666666666
Honda,Civic Prosmetic,2007,100000,1950000,Petrol,Rawalpindi,Original,Imported,Automatic,19,5000.0
Honda,City IVTEC,2018,49000,3700000,Petrol,Lahore,Original,Local,Automatic,8,5444.444444444444
Suzuki,Cultus VXR,2014,60000,1200000,Petrol,Karachi,Original,Local,Manual,12,4615.384615384615
Mitsubishi,Ek Wagon,2014,77000,1990000,Petrol,Karachi,Original,Local,Automatic,12,5923.076923076923
Honda,City Aspire,2010,253000,2300000,Petrol,Lahore,Original,Imported,Manual,16,14882.35294117647
Daihatsu,Mira,2011,106000,1970000,Petrol,Rawalpindi,Original,Imported,Automatic,15,6625.0
Daihatsu,Cuore,2004,136000,870000,Petrol,Lahore,Original,Local,Automatic,22,5913.04347826087
Honda,City IDSI,2007,238800,1870000,Petrol,Lahore,Original,Local,Manual,19,11940.0
Hyundai,Santro,2003,10000,825000,Petrol,Lahore,Original,Local,Manual,23,416.6666666666667
Daihatsu,Mira,2016,88000,2660000,Petrol,Karachi,Original,Imported,Automatic,10,8000.0
Toyota,Passo,2004,11111,1600000,Petrol,Sindh,Original,Imported,Automatic,22,483.0869565217391
Honda,City IDSI,2008,215000,1950000,Petrol,Lahore,Original,Local,Manual,18,11315.78947368421
Hyundai,Santro,2006,135865,850000,Petrol,Karachi,Original,Local,Manual,20,6469.761904761905
Honda,Civic Oriel,2004,140582,1595000,Petrol,Lahore,Original,Imported,Automatic,22,6112.260869565217
Suzuki,Every,2014,153254,1500000,Petrol,Lahore,Original,Imported,Automatic,12,11788.76923076923
Daihatsu,Cuore,2009,200000,1000000,Petrol,Lahore,Original,Imported,Manual,17,11111.111111111111
Toyota,Altis Grande,2016,81000,3935000,Petrol,Karachi,Original,Local,Automatic,10,7363.636363636364
Honda,City Aspire,2014,145000,2585000,Petrol,Lahore,Original,Local,Manual,12,11153.846153846154
Chevrolet,Exclusive,2005,200000,550000,Petrol,Karachi,Original,Imported,Manual,21,9090.90909090909
FAW,X-PV,2018,150000,1100000,Petrol,Islamabad,Original,Imported,Manual,8,16666.666666666668
Mitsubishi,Pajero Mini,2007,178000,1350000,Petrol,Lahore,Original,Imported,Manual,19,8900.0
Honda,Civic Prosmetic,2009,100000,1950000,Petrol,Karachi,Original,Local,Automatic,17,5555.555555555556
Honda,City Aspire,2017,123456,3370000,Petrol,Islamabad,Original,Local,Manual,9,12345.6
Suzuki,Every,2018,140000,1295000,Petrol,Lahore,Original,Imported,Automatic,8,15555.555555555555
Suzuki,Wagon R,2019,34000,2490000,Petrol,Islamabad,Original,Local,Manual,7,4250.0
FAW,V2,2018,90000,1545000,Petrol,Lahore,Original,Local,Manual,8,10000.0
Toyota,Corolla XLI,2012,250000,2050000,Petrol,Lahore,Original,Local,Manual,14,16666.666666666668
FAW,X-PV,2017,36827,1195000,Petrol,Lahore,Original,Imported,Manual,9,3682.7
Suzuki,Alto,2008,123456,900000,Petrol,Lahore,Original,Imported,Manual,18,6497.684210526316
Suzuki,Swift,2016,125000,2500000,Petrol,Lahore,Original,Local,Automatic,10,11363.636363636364
Daihatsu,Mira,2015,82000,2600000,Petrol,Karachi,Original,Imported,Automatic,11,6833.333333333333
Changan,Alsvin,2022,26000,4180000,Petrol,Lahore,Original,Local,Automatic,4,5200.0
Changan,Karvaan,2021,44000,2250000,Petrol,Lahore,Original,Local,Manual,5,7333.333333333333
Daihatsu,Cuore,2003,85005,530000,Petrol,Karachi,Original,Local,Manual,23,3541.875
Toyota,Altis Grande,2015,150000,3800000,Petrol,Karachi,Original,Local,Automatic,11,12500.0
Suzuki,Ravi,2016,72000,780000,Petrol,Hyderabad,Original,Local,Manual,10,6545.454545454545
Honda,City IDSI,2014,105000,2474000,Petrol,Karachi,Original,Local,Manual,12,8076.923076923077
Honda,Civic Prosmetic,2005,187000,1430000,Petrol,Lahore,Original,Local,Automatic,21,8500.0
Daihatsu,Hijet,2013,209693,1495000,Petrol,Islamabad,Original,Imported,Automatic,13,14978.07142857143
Honda,City Aspire,2015,84500,3150000,Petrol,Lahore,Original,Local,Manual,11,7041.666666666667
Honda,City Aspire,2022,30000,4800000,Petrol,Lahore,Original,Local,Automatic,4,6000.0
Daihatsu,Cuore,2010,99999,1100000,Petrol,Sindh,Original,Local,Manual,16,5882.294117647059
Honda,City IVTEC,2019,26500,3850000,Petrol,Karachi,Original,Local,Automatic,7,3312.5
Honda,City IVTEC,2018,73736,3530000,Petrol,Lahore,Original,Local,Automatic,8,8192.888888888889
Toyota,Corolla GLI,2018,49000,4060000,Petrol,Karachi,Original,Local,Automatic,8,5444.444444444444
Toyota,Corolla XLI,2012,139000,2200000,Petrol,Lahore,Original,Local,Manual,14,9266.666666666666
KIA,Classic,2000,90000,245000,CNG,Karachi,Original,Local,Manual,26,3333.3333333333335
Toyota,Corolla XLI,2004,90000,1590000,Petrol,Lahore,Original,Imported,Manual,22,3913.0434782608695
Suzuki,Cultus VXR,2013,90000,1395000,Petrol,Lahore,Original,Local,Manual,13,6428.571428571428
Toyota,Corolla XLI,2011,11111,2030000,Petrol,Lahore,Original,Local,Manual,15,694.4375
Honda,Civic Prosmetic,2005,104000,1515000,Petrol,Karachi,Original,Local,Automatic,21,4727.272727272727
Honda,Civic Oriel,2014,130000,3575000,Petrol,Lahore,Original,Local,Automatic,12,10000.0
Daihatsu,Mira,2012,90000,1900000,Petrol,Islamabad,Original,Imported,Automatic,14,6000.0
Daihatsu,Hijet,2014,130000,1050000,Petrol,Lahore,Original,Imported,Manual,12,10000.0
Toyota,Passo,2012,195000,1599000,Petrol,Karachi,Original,Imported,Automatic,14,13000.0
Toyota,Altis Grande,2017,450000,4950000,Petrol,Karachi,Original,Local,Automatic,9,45000.0
Daihatsu,Hijet,2016,10000,1325000,Petrol,Islamabad,Original,Imported,Manual,10,909.0909090909091
Daihatsu,Mira,2015,105000,2800000,Petrol,Lahore,Original,Imported,Automatic,11,8750.0
Suzuki,Alto,2008,104400,880000,Petrol,Lahore,Original,Local,Manual,18,5494.736842105263
Suzuki,Cultus VXR,2014,70000,1130000,Petrol,Sindh,Original,Local,Manual,12,5384.615384615385
Daihatsu,Mira,2019,36000,3650000,Petrol,Islamabad,Original,Imported,Automatic,7,4500.0
Daihatsu,Move,2001,1222,1130000,Petrol,Sindh,Original,Imported,Automatic,25,47.0
Suzuki,Wagon R,2018,89000,2355000,Petrol,Islamabad,Original,Local,Manual,8,9888.888888888889
Suzuki,Bolan,2015,50000,750000,Petrol,Lahore,Original,Imported,Manual,11,4166.666666666667
Daihatsu,Mira,2014,72000,2000000,Petrol,Karachi,Original,Imported,Automatic,12,5538.461538461538
Daihatsu,Cuore,2008,119751,940000,Petrol,Karachi,Original,Local,Automatic,18,6302.684210526316
Changan,Alsvin,2021,47000,3600000,Petrol,Lahore,Original,Imported,Automatic,5,7833.333333333333
Toyota,Corolla XLI,2010,73000,3000000,Petrol,Lahore,Original,Local,Manual,16,4294.117647058823
Hyundai,Santro,2006,185566,830000,Petrol,Gujranwala,Original,Imported,Manual,20,8836.47619047619
Suzuki,Baleno,2004,65000,950000,Petrol,Lahore,Original,Imported,Manual,22,2826.086956521739
Suzuki,Alto,2012,11111,1090000,Petrol,Lahore,Original,Local,Manual,14,740.7333333333333
Suzuki,Mehran VXR,2006,132000,435000,Petrol,Karachi,Original,Local,Manual,20,6285.714285714285
Toyota,Corolla XLI,2017,140000,2700000,Petrol,Lahore,Original,Local,Manual,9,14000.0
Hyundai,Santro,2004,288000,1045000,Petrol,Lahore,Original,Local,Manual,22,12521.739130434782
Honda,City Aspire,2017,68000,3325000,Petrol,Lahore,Original,Local,Automatic,9,6800.0
Daihatsu,Mira,2015,82000,2650000,Petrol,Islamabad,Original,Imported,Automatic,11,6833.333333333333
Hyundai,Santro,2006,201000,880000,Petrol,Lahore,Original,Local,Manual,20,9571.42857142857
Suzuki,Bolan,2017,50000,950000,Petrol,Karachi,Original,Local,Manual,9,5000.0
Toyota,Corrolla Altis,2018,95000,4750000,Petrol,Lahore,Original,Local,Automatic,8,10555.555555555555
Honda,City Aspire,2017,120000,3450000,Petrol,Islamabad,Original,Imported,Manual,9,12000.0
Suzuki,Alto,2003,59635,620000,Petrol,Karachi,Duplicate,Imported,Automatic,23,2484.7916666666665
Daihatsu,Mira,2011,154000,2100000,Petrol,Karachi,Original,Imported,Automatic,15,9625.0
Toyota,Corrolla Altis,2016,86000,3785000,Petrol,Karachi,Original,Local,Automatic,10,7818.181818181818
Daihatsu,Mira,2014,130000,2200000,Petrol,Karachi,Original,Imported,Automatic,12,10000.0
Honda,City IVTEC,2019,37000,3700000,Petrol,Lahore,Original,Local,Automatic,7,4625.0
Suzuki,Alto,2009,84000,925000,Petrol,Lahore,Original,Imported,Manual,17,4666.666666666667
KIA,Picanto,2022,31000,2990000,Petrol,Islamabad,Original,Imported,Automatic,4,6200.0
Mitsubishi,Minicab Bravo,2012,126000,1400000,Petrol,Islamabad,Original,Imported,Automatic,14,8400.0
Chevrolet,Exclusive,2004,6000,580000,Petrol,Lahore,Original,Imported,Automatic,22,260.8695652173913
Daihatsu,Hijet,2014,125000,1530000,CNG,Islamabad,Original,Imported,Automatic,12,9615.384615384615
Toyota,Corolla XLI,2008,155555,1600000,Petrol,Lahore,Original,Local,Manual,18,8187.105263157895
Hyundai,Santro,2004,200000,900000,Petrol,Lahore,Original,Imported,Manual,22,8695.652173913044
Honda,Civic EXi,2002,195000,1750000,Petrol,Lahore,Original,Imported,Automatic,24,7800.0
Suzuki,Bolan,2007,100000,685000,Petrol,Lahore,Original,Local,Manual,19,5000.0
Suzuki,Cultus VXR,2006,35000,800000,Petrol,Karachi,Original,Local,Manual,20,1666.6666666666667
Honda,City IVTEC,2017,110000,3200000,Petrol,Lahore,Original,Local,Manual,9,11000.0
Suzuki,Bolan,2012,100000,880000,Petrol,Lahore,Original,Local,Manual,14,6666.666666666667
KIA,Classic,2004,100000,1250000,Petrol,Lahore,Original,Local,Manual,22,4347.826086956522
Honda,City IVTEC,2003,99000,1195000,Petrol,Lahore,Original,Local,Automatic,23,4125.0
Mitsubishi,Lancer,2005,170000,1500000,Petrol,Sindh,Original,Imported,Manual,21,7727.272727272727
Suzuki,Cultus VXR,2008,12345,810000,Petrol,Multan,Original,Local,Manual,18,649.7368421052631
Honda,Civic Prosmetic,2000,190000,1270000,Petrol,Lahore,Original,Local,Automatic,26,7037.037037037037
Daihatsu,Mira,2020,46300,3650000,Petrol,Unregistered,Original,Imported,Automatic,6,6614.285714285715
KIA,Classic,2001,123456,400000,Petrol,Faisalabad,Original,Imported,Manual,25,4748.307692307692
Honda,Civic Prosmetic,2011,115000,2300000,Petrol,Islamabad,Original,Imported,Automatic,15,7187.5
Suzuki,Every,2008,82000,1300000,Petrol,Karachi,Original,Imported,Automatic,18,4315.789473684211
Suzuki,Baleno,2004,1234,860000,Petrol,Islamabad,Original,Local,Manual,22,53.65217391304348
Honda,City Aspire,2015,81000,3000000,Petrol,Lahore,Original,Local,Automatic,11,6750.0
Toyota,Corrolla Altis,2015,130000,4000000,Petrol,Karachi,Original,Local,Automatic,11,10833.333333333334
Honda,City Vario,2006,100000,1750000,Petrol,Karachi,Original,Local,Automatic,20,4761.9047619047615
Toyota,Corrolla Altis,2009,145000,2300000,Petrol,Karachi,Original,Local,Automatic,17,8055.555555555556
Hyundai,Santro,2004,120000,1050000,Petrol,Lahore,Original,Imported,Manual,22,5217.391304347826
Suzuki,Cultus VXR,2010,81000,1015000,Petrol,Karachi,Original,Local,Manual,16,4764.705882352941
Chevrolet,Exclusive,2003,150000,550000,Petrol,Karachi,Original,Imported,Manual,23,6250.0
Daihatsu,Mira,2018,100000,2480000,Petrol,Hyderabad,Original,Imported,Automatic,8,11111.111111111111
Suzuki,Every,2017,120506,1850000,Petrol,Islamabad,Original,Local,Automatic,9,12050.6
Honda,Civic Prosmetic,2005,111111,1540000,CNG,Peshawar,Original,Local,Automatic,21,5050.5
Honda,City Vario,2000,100000,1300000,Petrol,Islamabad,Original,Local,Automatic,26,3703.703703703704
Suzuki,Swift,2014,130000,1990000,Petrol,Islamabad,Original,Local,Manual,12,10000.0
Honda,City IVTEC,2011,135000,2399999,Petrol,Lahore,Original,Local,Manual,15,8437.5
Suzuki,Alto,2006,110000,630000,Petrol,Karachi,Original,Local,Manual,20,5238.0952380952385
Toyota,Altis Grande,2017,80000,4950000,Petrol,Punjab,Original,Local,Automatic,9,8000.0
Changan,Alsvin,2022,8500,4200000,Petrol,Lahore,Original,Local,Automatic,4,1700.0
Daihatsu,Hijet,2007,80000,1000000,Petrol,Lahore,Original,Imported,Automatic,19,4000.0
Toyota,Corolla GLI,2017,151000,3700000,Petrol,Islamabad,Original,Local,Manual,9,15100.0
Chevrolet,Joy,2006,140000,925000,Petrol,Lahore,Original,Imported,Manual,20,6666.666666666667
Hyundai,Santro,2007,150000,1125000,Petrol,Lahore,Original,Imported,Manual,19,7500.0
Honda,City IVTEC,2012,88000,2220000,Petrol,Sindh,Original,Local,Manual,14,5866.666666666667
KIA,Picanto,2022,11400,3100000,Petrol,Islamabad,Original,Local,Manual,4,2280.0
Daihatsu,Mira,2007,156000,1270000,Petrol,Karachi,Original,Imported,Automatic,19,7800.0
Suzuki,Wagon R,2018,96000,2300000,Petrol,Islamabad,Original,Local,Manual,8,10666.666666666666
FAW,X-PV,2019,70000,1375000,Petrol,Lahore,Original,Imported,Manual,7,8750.0
Daihatsu,Cuore,2008,58000,825000,Petrol,Karachi,Original,Imported,Manual,18,3052.6315789473683
Suzuki,Mehran VXR,2018,22800,1300000,Petrol,Lahore,Original,Local,Manual,8,2533.3333333333335
Suzuki,Mehran VXR,2008,9000,720000,Petrol,Faisalabad,Original,Local,Manual,18,473.6842105263158
Toyota,Corrolla Altis,2003,100000,1875000,CNG,Lahore,Original,Imported,Automatic,23,4166.666666666667
Suzuki,Baleno,2004,111111,1000000,Petrol,Lahore,Original,Local,Manual,22,4830.913043478261
Honda,City IVTEC,2015,78000,2900000,Petrol,Sindh,Original,Imported,Manual,11,6500.0
Suzuki,Cultus VXR,2005,125000,720000,Petrol,Punjab,Original,Imported,Manual,21,5681.818181818182
Changan,Alsvin,2021,8990,3500000,Petrol,Karachi,Original,Local,Manual,5,1498.3333333333333
Daihatsu,Mira,2015,86500,2600000,Petrol,Karachi,Original,Imported,Automatic,11,7208.333333333333
Suzuki,Bolan,2009,63000,1150000,CNG,Lahore,Original,Imported,Manual,17,3500.0
FAW,V2,2016,120000,1200000,Petrol,Karachi,Original,Local,Manual,10,10909.09090909091
Suzuki,Wagon R,2015,99000,1750000,Petrol,Karachi,Original,Local,Manual,11,8250.0
Honda,City IVTEC,2018,90000,3200000,Petrol,Islamabad,Duplicate,Local,Manual,8,10000.0
Suzuki,Bolan,2016,57000,1070000,Petrol,Karachi,Original,Local,Manual,10,5181.818181818182
Suzuki,Alto,2008,105000,740000,Petrol,Lahore,Original,Local,Manual,18,5526.315789473684
Honda,City IVTEC,2016,108000,2850000,Petrol,Lahore,Original,Local,Manual,10,9818.181818181818
FAW,X-PV,2018,68000,1300000,Petrol,Hyderabad,Original,Imported,Manual,8,7555.555555555556
Suzuki,Alto,2021,42000,2475000,Petrol,Islamabad,Original,Local,Manual,5,7000.0
Honda,City Aspire,2015,160000,3100000,Petrol,Lahore,Original,Local,Automatic,11,13333.333333333334
Honda,City IVTEC,2021,35000,4350000,Petrol,Toba Tek singh,Original,Local,Manual,5,5833.333333333333
Honda,City IDSI,2006,172500,1900000,Petrol,Hyderabad,Original,Local,Manual,20,8214.285714285714
Toyota,Corolla GLI,2011,221580,2700000,Petrol,Islamabad,Original,Local,Manual,15,13848.75
Suzuki,Swift,2007,98000,1900000,Petrol,Karachi,Original,Imported,Automatic,19,4900.0
Changan,Karvaan,2021,80000,2350000,Petrol,Punjab,Original,Local,Manual,5,13333.333333333334
Daihatsu,Mira,2013,91000,1850000,Petrol,Lahore,Original,Imported,Automatic,13,6500.0
Toyota,Corolla XLI,2009,125000,1950000,Petrol,Lahore,Original,Local,Manual,17,6944.444444444444
Daihatsu,Mira,2020,10000,3375000,Petrol,Unregistered,Original,Imported,Automatic,6,1428.5714285714287
Daihatsu,Mira,2014,89000,2250000,Petrol,Sindh,Original,Imported,Automatic,12,6846.153846153846
KIA,Picanto,2020,35000,2340000,Petrol,Punjab,Original,Local,Manual,6,5000.0
Suzuki,Cultus VXR,2016,91500,1370000,Petrol,Karachi,Original,Local,Manual,10,8318.181818181818
Suzuki,Cultus VXR,2016,82000,1580000,Petrol,Karachi,Original,Local,Manual,10,7454.545454545455
Changan,Karvaan,2021,39000,2400000,Petrol,Punjab,Original,Local,Manual,5,6500.0
Suzuki,Mehran VXR,2007,120000,690000,Petrol,Rawalpindi,Original,Local,Manual,19,6000.0
Suzuki,Alto,2005,115000,1075000,Petrol,Rawalpindi,Original,Local,Manual,21,5227.272727272727
Changan,Karvaan,2021,26000,1900000,Petrol,Karachi,Original,Local,Manual,5,4333.333333333333
Suzuki,Alto,2010,160000,1095000,Petrol,Islamabad,Original,Local,Manual,16,9411.764705882353
KIA,Picanto,2022,24300,2950000,Petrol,Karachi,Original,Local,Automatic,4,4860.0
Suzuki,Swift,2022,16000,4050000,Petrol,Karachi,Original,Local,Automatic,4,3200.0
Honda,City Vario,2006,164200,2050000,Petrol,Karachi,Original,Local,Automatic,20,7819.047619047619
Toyota,Corrolla Altis,2017,76000,4275000,Petrol,Lahore,Original,Local,Automatic,9,7600.0
Changan,Karvaan,2023,7780,2950000,Petrol,Punjab,Original,Local,Manual,3,1945.0
Daihatsu,Cuore,2010,23568,850000,Petrol,Karachi,Original,Local,Manual,16,1386.3529411764705
Toyota,Corolla GLI,2016,145756,3250000,Petrol,Hyderabad,Original,Local,Manual,10,13250.545454545454
Suzuki,Wagon R,2016,150000,1790000,Petrol,Lahore,Original,Local,Manual,10,13636.363636363636
Honda,Civic Oriel,2013,120000,3160000,Petrol,Karachi,Original,Local,Automatic,13,8571.42857142857
Toyota,Passo,2005,131000,1810000,Petrol,Karachi,Original,Imported,Automatic,21,5954.545454545455
Suzuki,Bolan,2005,95200,590000,CNG,Karachi,Original,Local,Manual,21,4327.272727272727
Toyota,Corolla XLI,2012,170000,2340000,Petrol,Islamabad,Original,Local,Manual,14,11333.333333333334
Honda,Civic Oriel,2013,70000,3500000,Petrol,Karachi,Original,Imported,Automatic,13,5000.0
Mercedes,C Class,2007,275000,2750000,Petrol,Lahore,Original,Imported,Automatic,19,13750.0
Suzuki,Mehran VXR,2018,30000,1380000,Petrol,Lahore,Original,Local,Manual,8,3333.3333333333335
Mercedes,C Class,2008,205000,4200000,Petrol,Islamabad,Original,Imported,Automatic,18,10789.473684210527
Suzuki,Wagon R,2019,88263,2120000,Petrol,Lahore,Original,Imported,Manual,7,11032.875
Suzuki,Alto,2022,11000,2475000,Petrol,Punjab,Original,Local,Manual,4,2200.0
Honda,City Aspire,2016,116000,3000000,Petrol,Lahore,Original,Local,Manual,10,10545.454545454546
Suzuki,Every,2018,95000,2680000,Petrol,Unregistered,Original,Imported,Automatic,8,10555.555555555555
Suzuki,Alto,2007,100000,590000,Petrol,Karachi,Original,Local,Manual,19,5000.0
Honda,City Vario,2000,12345,1000000,Petrol,Lahore,Original,Local,Manual,26,457.22222222222223
Daihatsu,Cuore,2006,25325,750000,Petrol,Karachi,Original,Imported,Manual,20,1205.952380952381
Toyota,Corolla GLI,2007,13000,1650000,Petrol,Karachi,Original,Imported,Manual,19,650.0
Daihatsu,Mira,2013,77000,2400000,Petrol,Karachi,Original,Local,Automatic,13,5500.0
Toyota,Corolla GLI,2016,133500,3150000,Petrol,Karachi,Original,Local,Manual,10,12136.363636363636
Chevrolet,Exclusive,2003,202455,650000,Petrol,Lahore,Original,Imported,Manual,23,8435.625
Changan,Alsvin,2021,29000,3200000,Petrol,Lahore,Original,Imported,Manual,5,4833.333333333333
Suzuki,Mehran VXR,2016,38500,1180000,Petrol,Hyderabad,Original,Local,Manual,10,3500.0
Mitsubishi,Minica,2007,120000,1318000,Petrol,Karachi,Original,Imported,Automatic,19,6000.0
Suzuki,Every,2018,80000,2820000,Petrol,Unregistered,Original,Imported,Automatic,8,8888.888888888889
Honda,Civic Oriel,2014,115000,3450000,Petrol,Islamabad,Original,Local,Automatic,12,8846.153846153846
Toyota,Corrolla Altis,2019,72000,4775000,Petrol,Karachi,Original,Local,Automatic,7,9000.0
Toyota,Corolla GLI,2018,62000,4050000,Petrol,Lahore,Original,Local,Manual,8,6888.888888888889
Honda,City IVTEC,2016,180000,2945000,Petrol,Lahore,Original,Local,Manual,10,16363.636363636364
Suzuki,Cultus VXR,2005,5254,705000,Petrol,Lahore,Original,Imported,Manual,21,238.8181818181818
Toyota,Corolla GLI,2008,173000,1760000,Petrol,Lahore,Original,Local,Manual,18,9105.263157894737
Honda,City IVTEC,2017,77955,3100000,Petrol,Lahore,Original,Local,Manual,9,7795.5
Suzuki,Bolan,2018,68000,1350000,Petrol,Karachi,Original,Imported,Manual,8,7555.555555555556
Toyota,Corrolla Altis,2020,28000,4800000,Petrol,Karachi,Original,Local,Automatic,6,4000.0
Honda,City IVTEC,2021,35000,4400000,Petrol,Punjab,Original,Local,Automatic,5,5833.333333333333
Honda,City Vario,2008,150000,1850000,Petrol,Karachi,Original,Imported,Automatic,18,7894.736842105263
Honda,City Aspire,2019,59200,4000000,Petrol,Lahore,Original,Local,Automatic,7,7400.0
Suzuki,Bolan,2016,70000,890000,Petrol,Lahore,Original,Local,Manual,10,6363.636363636364
Suzuki,Bolan,2015,45000,800000,Petrol,Lahore,Original,Local,Manual,11,3750.0
Hyundai,Santro,2006,234000,850000,Petrol,Lahore,Original,Local,Manual,20,11142.857142857143
Honda,City IVTEC,2019,139000,3895000,Petrol,Lahore,Original,Local,Manual,7,17375.0
Suzuki,Mehran VXR,2018,30000,1200000,Petrol,Jaranwala,Original,Imported,Manual,8,3333.3333333333335
Suzuki,Alto,2022,15000,2200000,Petrol,Karachi,Original,Local,Manual,4,3000.0
Daihatsu,Hijet,2017,281040,1500000,Petrol,Lahore,Original,Local,Automatic,9,28104.0
Suzuki,Bolan,2008,1001,620000,Petrol,Karachi,Original,Imported,Manual,18,52.68421052631579
Daihatsu,Mira,2013,92000,2250000,Petrol,Karachi,Original,Imported,Automatic,13,6571.428571428572
Toyota,Corolla XLI,2009,476000,1780000,Petrol,Lahore,Original,Local,Manual,17,26444.444444444445
Toyota,Yaris,2020,43500,3950000,Petrol,Karachi,Original,Local,Automatic,6,6214.285714285715
Honda,City Vario,2005,145317,1350000,Petrol,Sindh,Original,Local,Automatic,21,6605.318181818182
Hyundai,Santro,2007,144000,980000,Petrol,Lahore,Original,Local,Manual,19,7200.0
Suzuki,Mehran VXR,2010,95293,850000,Petrol,Lahore,Original,Local,Manual,16,5605.470588235294
Suzuki,Bolan,2014,23000,870000,Petrol,Karachi,Original,Imported,Manual,12,1769.2307692307693
Daihatsu,Mira,2020,42000,3600000,Petrol,Unregistered,Original,Imported,Automatic,6,6000.0
Toyota,Passo,2013,105000,2170000,Petrol,Lahore,Original,Imported,Automatic,13,7500.0
Honda,Civic Oriel,2013,106000,3100000,Petrol,Hyderabad,Original,Local,Manual,13,7571.428571428572
Toyota,Yaris,2021,49000,4350000,Petrol,Karachi,Original,Local,Automatic,5,8166.666666666667
Hyundai,Santro,2005,200000,1000000,Petrol,Faisalabad,Original,Local,Manual,21,9090.90909090909
Suzuki,Every,2010,87700,1395000,Petrol,Karachi,Original,Imported,Manual,16,5158.823529411765
Honda,Civic Prosmetic,2006,200000,1750000,Petrol,Karachi,Original,Local,Automatic,20,9523.809523809523
Honda,Civic Prosmetic,2014,130000,3500000,Petrol,Lahore,Original,Local,Automatic,12,10000.0
Honda,City IVTEC,2015,110000,2980000,Petrol,Lahore,Original,Local,Manual,11,9166.666666666666
Hyundai,Santro,2007,100000,1350000,Petrol,Lahore,Original,Imported,Manual,19,5000.0
Daihatsu,Mira,2011,88000,2075000,Petrol,Karachi,Original,Imported,Automatic,15,5500.0
Toyota,Yaris,2021,42000,4575000,Petrol,Islamabad,Original,Local,Automatic,5,7000.0
Suzuki,Bolan,2015,65000,1000000,Petrol,Rawalpindi,Original,Local,Manual,11,5416.666666666667
Suzuki,Alto,2022,9500,2760000,Petrol,Islamabad,Original,Local,Automatic,4,1900.0
Daihatsu,Hijet,2016,100000,1450000,Petrol,Lahore,Original,Imported,Manual,10,9090.90909090909
Daihatsu,Mira,2019,35000,2875000,Petrol,Punjab,Original,Imported,Automatic,7,4375.0
Suzuki,Alto,2012,56000,1160000,Petrol,Karachi,Original,Local,Manual,14,3733.3333333333335
Toyota,Corrolla Altis,2018,78000,4490000,Petrol,Lahore,Original,Local,Automatic,8,8666.666666666666
Honda,Civic Oriel,2007,138000,2050000,Petrol,Lahore,Original,Local,Manual,19,6900.0
Suzuki,Every,2018,115245,1730000,Petrol,Lahore,Original,Imported,Automatic,8,12805.0
Changan,Karvaan,2023,8300,2550000,Petrol,Punjab,Original,Local,Manual,3,2075.0
Suzuki,Wagon R,2015,80000,1620000,Petrol,Sindh,Original,Local,Manual,11,6666.666666666667
Suzuki,Mehran VXR,2009,50260,540000,Petrol,Karachi,Original,Local,Manual,17,2792.222222222222
Toyota,Corrolla Altis,2014,88000,3700000,Petrol,Karachi,Original,Local,Automatic,12,6769.2307692307695
Mitsubishi,Minicab Bravo,2017,100000,1400000,Petrol,Sargodha,Original,Imported,Manual,9,10000.0
Toyota,Passo,2005,12345,1535000,Petrol,Karachi,Original,Imported,Automatic,21,561.1363636363636
Honda,City Aspire,2006,200000,1725000,Petrol,Lahore,Original,Local,Manual,20,9523.809523809523
Suzuki,Ravi,2019,61000,1200000,Petrol,Sindh,Original,Local,Manual,7,7625.0
Suzuki,Mehran VX,2017,42000,1215000,Petrol,Lahore,Original,Local,Manual,9,4200.0
Daihatsu,Mira,2013,93000,2125000,Petrol,Karachi,Original,Imported,Automatic,13,6642.857142857143
Suzuki,Swift,2022,17000,4500000,Petrol,Karachi,Original,Local,Automatic,4,3400.0
Honda,City IDSI,2006,110000,1650000,Petrol,Karachi,Original,Local,Manual,20,5238.0952380952385
Suzuki,Alto,2007,12345,595000,Petrol,Karachi,Original,Local,Manual,19,617.25
Suzuki,Bolan,2013,120000,925000,Petrol,Lahore,Original,Local,Manual,13,8571.42857142857
Suzuki,Baleno,2005,157000,1150000,Petrol,Lahore,Original,Local,Manual,21,7136.363636363636
Suzuki,Swift,2012,170000,1795000,Petrol,Lahore,Original,Imported,Manual,14,11333.333333333334
Daihatsu,Mira,2015,98000,2150000,Petrol,Karachi,Original,Imported,Automatic,11,8166.666666666667
Changan,Alsvin,2023,18650,4050000,Petrol,Islamabad,Original,Local,Automatic,3,4662.5
Toyota,Corolla GLI,2015,132000,3500000,Petrol,Lahore,Original,Local,Manual,11,11000.0
Honda,City IVTEC,2013,110000,2600000,Petrol,Faisalabad,Original,Imported,Manual,13,7857.142857142857
Honda,City Aspire,2015,125035,3400000,Petrol,Lahore,Original,Local,Automatic,11,10419.583333333334
Suzuki,Alto,2019,60000,2100000,Petrol,Karachi,Original,Local,Manual,7,7500.0
Suzuki,Bolan,2012,86000,885000,Petrol,Sahiwal,Original,Local,Manual,14,5733.333333333333
Suzuki,Alto,2005,150000,730000,Petrol,Lahore,Original,Local,Manual,21,6818.181818181818
KIA,Picanto,2020,56000,3050000,Petrol,Karachi,Original,Local,Automatic,6,8000.0
Honda,City Aspire,2000,70000,1000000,Petrol,Islamabad,Original,Local,Automatic,26,2592.5925925925926
Suzuki,Swift,2012,103000,1595000,Petrol,Karachi,Original,Local,Manual,14,6866.666666666667
Suzuki,Bolan,2007,95623,800000,Petrol,Karachi,Original,Local,Manual,19,4781.15
Daihatsu,Hijet,2013,80000,1550000,Petrol,Karachi,Original,Imported,Automatic,13,5714.285714285715
Honda,City Aspire,2018,85000,4100000,Petrol,Islamabad,Original,Local,Automatic,8,9444.444444444445
Honda,Civic Oriel,2016,144000,4700000,Petrol,Lahore,Original,Local,Automatic,10,13090.90909090909
Suzuki,Alto,2008,56480,850000,Petrol,Sindh,Original,Local,Manual,18,2972.6315789473683
Suzuki,Alto,2005,55000,1000000,Petrol,Karachi,Original,Imported,Automatic,21,2500.0
Suzuki,Bolan,2015,135000,700000,Petrol,Lahore,Original,Local,Manual,11,11250.0
Toyota,Corolla XLI,2010,135000,2095000,Petrol,Lahore,Original,Local,Manual,16,7941.176470588235
Suzuki,Wagon R,2018,40000,2300000,Petrol,Lahore,Original,Local,Manual,8,4444.444444444444
Honda,Civic Prosmetic,2007,99368,2125000,Petrol,Lahore,Original,Local,Automatic,19,4968.4
Daihatsu,Cuore,2007,87000,1230000,Petrol,Lahore,Original,Local,Automatic,19,4350.0
Honda,City Aspire,2013,115000,2500000,Petrol,Karachi,Original,Local,Automatic,13,8214.285714285714
Honda,City Aspire,2016,81000,3350000,Petrol,Lahore,Original,Local,Automatic,10,7363.636363636364
Suzuki,Baleno,2003,150000,925000,Petrol,Lahore,Original,Local,Manual,23,6250.0
Toyota,Altis Grande,2018,58000,4975000,Petrol,Lahore,Original,Local,Automatic,8,6444.444444444444
Honda,Civic Oriel,2008,138100,2250000,Petrol,Lahore,Original,Local,Manual,18,7268.421052631579
Toyota,Corolla XLI,2012,258792,2200000,Petrol,Lahore,Original,Imported,Manual,14,17252.8
Suzuki,Every,2019,67250,2250000,Petrol,Lahore,Original,Imported,Automatic,7,8406.25
Toyota,Passo,2011,19999,1500000,Petrol,Karachi,Original,Imported,Automatic,15,1249.9375
Changan,Karvaan,2022,1600,2690000,Petrol,Punjab,Original,Local,Manual,4,320.0
Suzuki,Bolan,2018,85000,1400000,Petrol,Lahore,Original,Local,Manual,8,9444.444444444445
Suzuki,Cultus VXR,2008,174596,910000,Petrol,Lahore,Original,Local,Manual,18,9189.263157894737
Honda,City IVTEC,2015,126350,2755000,Petrol,Lahore,Original,Local,Automatic,11,10529.166666666666
Daihatsu,Mira,2014,60000,2060000,Petrol,Karachi,Original,Imported,Automatic,12,4615.384615384615
Honda,Civic Prosmetic,2009,155000,2180000,Petrol,Lahore,Original,Local,Automatic,17,8611.111111111111
Suzuki,Alto,2012,146000,1045000,Petrol,Lahore,Original,Local,Manual,14,9733.333333333334
Honda,City IVTEC,2016,118000,2850000,Petrol,Multan,Original,Imported,Manual,10,10727.272727272728
Daihatsu,Mira,2015,222000,2670000,Petrol,Islamabad,Original,Imported,Automatic,11,18500.0
Suzuki,Cultus VXR,2014,99999,1250000,Petrol,Karachi,Original,Local,Manual,12,7692.2307692307695
FAW,X-PV,2020,50719,1700000,Petrol,Islamabad,Original,Local,Manual,6,7245.571428571428
Suzuki,Alto,2007,80000,700000,Petrol,Karachi,Original,Local,Manual,19,4000.0
Suzuki,Bolan,2013,21830,870000,Petrol,Islamabad,Original,Local,Manual,13,1559.2857142857142
Hyundai,Santro,2003,5555,780000,Petrol,Lahore,Original,Imported,Manual,23,231.45833333333334
Suzuki,Baleno,2005,85000,750000,Petrol,Karachi,Original,Local,Manual,21,3863.6363636363635
Toyota,Corolla XLI,2014,175000,3200000,Petrol,Sindh,Original,Local,Manual,12,13461.538461538461
Hyundai,Santro,2005,115000,925000,Petrol,Rawalpindi,Original,Local,Manual,21,5227.272727272727
Suzuki,Baleno,2001,13000,890000,Petrol,Lahore,Original,Local,Manual,25,500.0
Mitsubishi,Minica,2011,100000,850000,Petrol,Karachi,Original,Imported,Automatic,15,6250.0
Suzuki,Alto,2012,150000,1250000,Petrol,Lahore,Original,Imported,Manual,14,10000.0
Honda,Civic Prosmetic,2015,95000,4300000,Petrol,Islamabad,Original,Imported,Automatic,11,7916.666666666667
Suzuki,Every,2011,106000,1610000,Petrol,Sindh,Original,Imported,Automatic,15,6625.0
FAW,X-PV,2018,136632,1150000,Petrol,Lahore,Original,Local,Manual,8,15181.333333333334
Suzuki,Every,2013,118715,1835000,Petrol,Lahore,Original,Imported,Automatic,13,8479.642857142857
Honda,City IVTEC,2018,27000,3500000,Petrol,Lahore,Original,Imported,Automatic,8,3000.0
Hyundai,Santro,2004,51214,950000,Petrol,Islamabad,Original,Local,Manual,22,2226.695652173913
Hyundai,Santro,2006,120000,879000,Petrol,Lahore,Original,Local,Manual,20,5714.285714285715
Honda,City IVTEC,2014,73000,3100000,Petrol,Islamabad,Original,Local,Automatic,12,5615.384615384615
Toyota,Corolla GLI,2009,145000,2250000,Petrol,Karachi,Original,Local,Manual,17,8055.555555555556
Suzuki,Baleno,2003,120000,875000,Petrol,Gujranwala,Original,Local,Manual,23,5000.0
Daihatsu,Mira,2006,123456,1250000,Petrol,Karachi,Original,Imported,Manual,20,5878.857142857143
Toyota,Yaris,2022,37000,4700000,Petrol,Karachi,Original,Local,Automatic,4,7400.0
Toyota,Corolla XLI,2005,94000,1380000,Petrol,Faisalabad,Original,Local,Manual,21,4272.727272727273
Toyota,Corrolla Altis,2014,80000,3700000,Petrol,Lahore,Original,Local,Manual,12,6153.846153846154
Honda,City Aspire,2015,75000,2750000,Petrol,Karachi,Original,Local,Manual,11,6250.0
Honda,City IVTEC,2011,170000,2375000,Petrol,Lahore,Original,Local,Manual,15,10625.0
Suzuki,Mehran VXR,2018,75000,1390000,Petrol,Islamabad,Original,Imported,Manual,8,8333.333333333334
KIA,Classic,2001,25555,675000,Petrol,Islamabad,Original,Imported,Manual,25,982.8846153846154
Mitsubishi,Ek Wagon,2008,140000,1700000,Petrol,Punjab,Original,Imported,Manual,18,7368.421052631579
Honda,Civic Oriel,2017,115000,4800000,Petrol,Punjab,Original,Local,Automatic,9,11500.0
KIA,Picanto,2020,15000,2850000,Petrol,Lahore,Original,Local,Automatic,6,2142.8571428571427
Suzuki,Bolan,2002,71000,650000,Petrol,Lahore,Original,Imported,Manual,24,2840.0
Suzuki,Mehran VXR,2015,98000,1150000,Petrol,Sindh,Original,Local,Manual,11,8166.666666666667
Toyota,Altis Grande,2014,130000,3900000,Petrol,Lahore,Original,Local,Automatic,12,10000.0
Suzuki,Every,2013,115000,1685000,Petrol,Islamabad,Original,Imported,Automatic,13,8214.285714285714
Suzuki,Every,2018,100000,2600000,Petrol,Unregistered,Original,Imported,Automatic,8,11111.111111111111
Toyota,Corolla GLI,2018,75000,4300000,Petrol,Punjab,Original,Imported,Automatic,8,8333.333333333334
Honda,City IDSI,2006,113000,1980000,Petrol,Lahore,Original,Local,Automatic,20,5380.952380952381
Suzuki,Bolan,2007,93306,700000,Petrol,Lahore,Original,Local,Manual,19,4665.3
Suzuki,Bolan,2001,100000,450000,Petrol,Faisalabad,Original,Imported,Manual,25,3846.153846153846
Daihatsu,Cuore,2006,343554,900000,Petrol,Lahore,Original,Local,Manual,20,16359.714285714286
Suzuki,Bolan,2017,65000,1150000,Petrol,Lahore,Original,Local,Manual,9,6500.0
Toyota,Yaris,2021,20000,4700000,Petrol,Karachi,Original,Local,Automatic,5,3333.3333333333335
Suzuki,Wagon R,2018,62500,2395000,Petrol,Lahore,Original,Local,Manual,8,6944.444444444444
Toyota,Yaris,2022,33000,5000000,Petrol,Lahore,Original,Imported,Automatic,4,6600.0
KIA,Spectra,2003,120000,670000,Petrol,Multan,Original,Imported,Manual,23,5000.0
Suzuki,Baleno,2002,300000,920000,Petrol,Lahore,Original,Local,Manual,24,12000.0
Honda,City Aspire,2019,68000,3700000,Petrol,Lahore,Original,Local,Manual,7,8500.0
Hyundai,Santro,2004,200000,760000,Petrol,Karachi,Original,Imported,Manual,22,8695.652173913044
Mitsubishi,Pajero Mini,2008,109000,1800000,Petrol,Lahore,Original,Imported,Automatic,18,5736.8421052631575
Daihatsu,Hijet,2013,95000,1800000,Petrol,Karachi,Original,Local,Automatic,13,6785.714285714285
Mitsubishi,Minica,2007,133500,1300000,Petrol,Lahore,Original,Imported,Manual,19,6675.0
Toyota,Corolla XLI,2011,53000,2400000,Petrol,Islamabad,Duplicate,Local,Manual,15,3312.5
Honda,City Vario,2005,114000,1670000,Petrol,Sindh,Original,Local,Automatic,21,5181.818181818182
Honda,City IVTEC,2018,29500,4050000,Petrol,Lahore,Original,Local,Automatic,8,3277.777777777778
Toyota,Passo,2017,120000,3800000,Petrol,Islamabad,Original,Imported,Automatic,9,12000.0
Mitsubishi,Minicab Bravo,2011,64000,1515000,Petrol,Lahore,Original,Imported,Automatic,15,4000.0
Suzuki,Swift,2018,60000,2650000,Petrol,Lahore,Original,Local,Automatic,8,6666.666666666667
Daihatsu,Move,2014,110000,2350000,Petrol,Islamabad,Original,Imported,Automatic,12,8461.538461538461
Suzuki,Bolan,2018,40000,1350000,Petrol,Rawalpindi,Original,Local,Manual,8,4444.444444444444
Honda,Civic Prosmetic,2010,185000,1750000,Petrol,Lahore,Original,Imported,Manual,16,10882.35294117647
Suzuki,Swift,2013,85000,1700000,Petrol,Multan,Original,Local,Manual,13,6071.428571428572
Honda,City IVTEC,2022,18000,4600000,Petrol,Islamabad,Original,Local,Manual,4,3600.0
Changan,Alsvin,2022,22000,3880000,Petrol,Islamabad,Original,Imported,Automatic,4,4400.0
Suzuki,Wagon R,2018,105000,2050000,Petrol,Islamabad,Original,Local,Manual,8,11666.666666666666
Toyota,Passo,2019,46000,4500000,Petrol,Islamabad,Original,Imported,Automatic,7,5750.0
Suzuki,Wagon R,2019,72000,2450000,Petrol,Lahore,Original,Local,Manual,7,9000.0
Mitsubishi,Lancer,2005,241457,1200000,Petrol,Multan,Original,Local,Automatic,21,10975.318181818182
Suzuki,Alto,2022,25000,2500000,Petrol,Islamabad,Original,Local,Manual,4,5000.0
Toyota,Altis Grande,2015,64000,4000000,Petrol,Sindh,Original,Local,Automatic,11,5333.333333333333
Suzuki,Cultus VXR,2016,80000,1900000,Petrol,Rawalpindi,Original,Local,Manual,10,7272.727272727273
Daihatsu,Hijet,2014,79700,1750000,Petrol,Karachi,Original,Imported,Automatic,12,6130.7692307692305
Honda,City IVTEC,2015,142000,2695000,Petrol,Lahore,Original,Local,Manual,11,11833.333333333334
Honda,Civic Prosmetic,2013,180000,3075000,Petrol,Lahore,Original,Local,Manual,13,12857.142857142857
Honda,Civic Prosmetic,2015,123000,3520000,Petrol,Lahore,Original,Local,Automatic,11,10250.0
Suzuki,Alto,2019,79000,2408000,Petrol,Karachi,Original,Local,Automatic,7,9875.0
Suzuki,Bolan,2017,50000,1580000,Petrol,Rawalpindi,Original,Local,Manual,9,5000.0
Honda,Civic Prosmetic,2007,133000,1750000,Petrol,Lahore,Original,Local,Manual,19,6650.0
Changan,Alsvin,2021,39000,3750000,Petrol,Rawalpindi,Original,Local,Automatic,5,6500.0
Toyota,Altis Grande,2016,85125,4700000,Petrol,Islamabad,Original,Local,Automatic,10,7738.636363636364
Toyota,Corolla XLI,2011,91000,2150000,Petrol,Lahore,Original,Local,Manual,15,5687.5
Hyundai,Santro,2006,127856,843000,Petrol,Faisalabad,Original,Local,Manual,20,6088.380952380952
Toyota,Altis Grande,2017,122896,4800000,Petrol,Lahore,Original,Imported,Automatic,9,12289.6
Daihatsu,Hijet,2013,12345,1480000,Petrol,Islamabad,Original,Imported,Automatic,13,881.7857142857143
Suzuki,Alto,2012,350000,1200000,Petrol,Lahore,Original,Local,Manual,14,23333.333333333332
Honda,City IVTEC,2019,80000,3550000,Petrol,Islamabad,Original,Local,Manual,7,10000.0
Daihatsu,Mira,2012,85000,2250000,Petrol,Islamabad,Original,Imported,Automatic,14,5666.666666666667
Hyundai,Santro,2006,100000,1025000,Petrol,Lahore,Original,Imported,Manual,20,4761.9047619047615
Honda,City Aspire,2019,43000,3700000,Petrol,Karachi,Original,Local,Automatic,7,5375.0
Suzuki,Mehran VXR,2018,52000,1370000,Petrol,Lahore,Original,Local,Manual,8,5777.777777777777
Daihatsu,Cuore,2008,90000,1100000,Petrol,Karachi,Original,Local,Automatic,18,4736.8421052631575
KIA,Spectra,2002,12345,750000,Petrol,Lahore,Original,Imported,Manual,24,493.8
Daihatsu,Move,2011,94000,1750000,Petrol,Lahore,Original,Imported,Automatic,15,5875.0
Honda,City Aspire,2016,100000,3175000,Petrol,Lahore,Original,Local,Manual,10,9090.90909090909
Toyota,Yaris,2021,49000,4290000,Petrol,Islamabad,Original,Local,Automatic,5,8166.666666666667
Toyota,Corrolla Altis,2016,90000,3795000,Petrol,Karachi,Original,Local,Automatic,10,8181.818181818182
Suzuki,Cultus VXR,2007,123456,970000,Petrol,Lahore,Original,Local,Manual,19,6172.8
Suzuki,Wagon R,2015,85000,2300000,Petrol,Sindh,Original,Imported,Automatic,11,7083.333333333333
Daihatsu,Mira,2007,110000,1750000,Petrol,Islamabad,Original,Imported,Automatic,19,5500.0
Suzuki,Wagon R,2018,105000,2250000,Petrol,Lahore,Original,Imported,Manual,8,11666.666666666666
Suzuki,Swift,2013,113000,1800000,Petrol,Lahore,Original,Local,Manual,13,8071.428571428572
Honda,City IVTEC,2010,98000,2300000,Petrol,Lahore,Original,Imported,Manual,16,5764.705882352941
Suzuki,Cultus VXR,2012,90000,1260000,Petrol,Lahore,Original,Local,Manual,14,6000.0
Honda,Civic Prosmetic,2007,252700,1650000,Petrol,Karachi,Original,Local,Automatic,19,12635.0
KIA,Picanto,2021,25000,2300000,Petrol,Sindh,Original,Imported,Manual,5,4166.666666666667
Daihatsu,Mira,2020,42000,3675000,Petrol,Unregistered,Original,Imported,Automatic,6,6000.0
Suzuki,Bolan,2013,99000,820000,Petrol,Lahore,Original,Imported,Manual,13,7071.428571428572
Hyundai,Santro,2002,183000,770000,Petrol,Lahore,Original,Imported,Manual,24,7320.0
Toyota,Corrolla Altis,2019,56000,4900000,Petrol,Lahore,Original,Local,Automatic,7,7000.0
Honda,Civic Prosmetic,2015,9999,4550000,Petrol,Islamabad,Original,Local,Automatic,11,833.25
Suzuki,Swift,2011,100000,1780000,Petrol,Karachi,Original,Imported,Automatic,15,6250.0
Daihatsu,Mira,2013,75000,2100000,Petrol,Islamabad,Original,Imported,Automatic,13,5357.142857142857
FAW,V2,2016,99000,1190000,Petrol,Karachi,Original,Local,Manual,10,9000.0
Honda,Civic Prosmetic,2012,112000,3400000,Petrol,Islamabad,Original,Local,Automatic,14,7466.666666666667
Suzuki,Alto,2010,93000,1200000,Petrol,Lahore,Original,Local,Manual,16,5470.588235294118
Suzuki,Swift,2012,82000,1885000,Petrol,Lahore,Original,Local,Manual,14,5466.666666666667
Toyota,Yaris,2021,41000,4100000,Petrol,Islamabad,Original,Local,Automatic,5,6833.333333333333
Daihatsu,Move,2020,27000,3750000,Petrol,Unregistered,Original,Imported,Automatic,6,3857.1428571428573
Suzuki,Cultus VXR,2016,90000,1650000,Petrol,Karachi,Original,Local,Manual,10,8181.818181818182
Daihatsu,Cuore,2006,50000,620000,Petrol,Karachi,Original,Local,Manual,20,2380.9523809523807
Hyundai,Santro,2003,152000,715000,Petrol,Multan,Original,Local,Manual,23,6333.333333333333
Honda,Civic Oriel,2017,70000,4395000,Petrol,Karachi,Original,Local,Automatic,9,7000.0
Suzuki,Ravi,2011,10000,1100000,CNG,Mardan,Original,Imported,Manual,15,625.0
Daihatsu,Mira,2006,105155,950000,Petrol,Karachi,Original,Imported,Manual,20,5007.380952380952
Honda,City Aspire,2017,51000,3250000,Petrol,Karachi,Original,Local,Manual,9,5100.0
Toyota,Altis Grande,2015,94881,3850000,Petrol,Lahore,Original,Local,Automatic,11,7906.75
Suzuki,Bolan,2012,8000,775000,Petrol,Islamabad,Original,Local,Manual,14,533.3333333333334
Daihatsu,Move,2019,72000,2690000,Petrol,Islamabad,Original,Imported,Automatic,7,9000.0
FAW,X-PV,2016,190000,1095000,Petrol,Lahore,Original,Local,Manual,10,17272.727272727272
Toyota,Corolla XLI,2011,85000,2075000,Petrol,Karachi,Original,Local,Manual,15,5312.5
Honda,City IDSI,2006,29000,1720000,Petrol,Lahore,Original,Local,Manual,20,1380.952380952381
Honda,Civic Prosmetic,2013,108000,3580000,Petrol,Lahore,Original,Local,Automatic,13,7714.285714285715
Suzuki,Alto,2010,178526,1000000,CNG,Lahore,Original,Local,Manual,16,10501.529411764706
Suzuki,Alto,2021,60462,2250000,Petrol,Islamabad,Original,Local,Manual,5,10077.0
Daihatsu,Cuore,2010,250956,1000000,Petrol,Karachi,Original,Local,Manual,16,14762.117647058823
Suzuki,Swift,2015,107000,2230000,Petrol,Multan,Original,Local,Manual,11,8916.666666666666
Chevrolet,Exclusive,2005,100000,750000,Petrol,Lahore,Original,Imported,Manual,21,4545.454545454545
Suzuki,Wagon R,2023,9000,3100000,Petrol,Punjab,Original,Local,Manual,3,2250.0
Honda,City IVTEC,2019,75000,3315000,Petrol,Lahore,Original,Local,Manual,7,9375.0
Toyota,Corrolla Altis,2016,91000,3570000,Petrol,Karachi,Original,Local,Automatic,10,8272.727272727272
Suzuki,Cultus VXR,2014,149999,1400000,Petrol,Lahore,Original,Local,Manual,12,11538.384615384615
FAW,X-PV,2014,76777,750000,Petrol,Pirmahal,Original,Imported,Manual,12,5905.923076923077
Honda,Civic Oriel,2010,92375,2650000,Petrol,Islamabad,Original,Local,Automatic,16,5433.823529411765
Daihatsu,Mira,2013,154000,2245000,Petrol,Lahore,Original,Imported,Automatic,13,11000.0
Suzuki,Swift,2017,75000,1850000,Petrol,Karachi,Original,Local,Manual,9,7500.0
Chevrolet,Exclusive,2003,120000,700000,Petrol,Lahore,Original,Imported,Manual,23,5000.0
Suzuki,Mehran VXR,2006,78500,450000,Petrol,Sialkot,Original,Local,Manual,20,3738.095238095238
Hyundai,Santro,2004,145000,740000,Petrol,Karachi,Original,Local,Manual,22,6304.347826086957
Mitsubishi,Lancer,2006,285000,1410000,Petrol,Lahore,Original,Imported,Automatic,20,13571.42857142857
Suzuki,Alto,2022,7800,2465000,Petrol,Lahore,Original,Local,Manual,4,1560.0
Toyota,Corolla XLI,2002,255000,1480000,Petrol,Sindh,Original,Local,Automatic,24,10200.0
Honda,Civic Prosmetic,2000,91574,990000,Petrol,Peshawar,Original,Imported,Automatic,26,3391.6296296296296
Honda,Civic Prosmetic,2004,80000,1375000,Petrol,Karachi,Original,Imported,Automatic,22,3478.2608695652175
Suzuki,Mehran VXR,2016,1234,1050000,Petrol,Lahore,Original,Local,Manual,10,112.18181818181819
KIA,Picanto,2021,28000,3050000,Petrol,Punjab,Original,Local,Automatic,5,4666.666666666667
Daihatsu,Mira,2021,67000,3450000,Petrol,Karachi,Original,Imported,Automatic,5,11166.666666666666
KIA,Sportage,2002,190000,1400000,Petrol,Karachi,Original,Imported,Manual,24,7600.0
Honda,City IVTEC,2017,35000,3700000,Petrol,Punjab,Original,Local,Automatic,9,3500.0
KIA,Picanto,2022,6100,2750000,Petrol,Hyderabad,Original,Local,Manual,4,1220.0
Honda,Civic Prosmetic,2016,125000,4150000,Petrol,Lahore,Original,Local,Automatic,10,11363.636363636364
KIA,Classic,2001,12345,485000,Petrol,Islamabad,Original,Local,Manual,25,474.8076923076923
Suzuki,Wagon R,2014,200000,1800000,Petrol,Islamabad,Original,Imported,Manual,12,15384.615384615385
Toyota,Yaris,2021,41000,4450000,Petrol,Lahore,Original,Local,Automatic,5,6833.333333333333
Suzuki,Wagon R,2018,59000,2190000,Petrol,Lahore,Original,Local,Manual,8,6555.555555555556
Suzuki,Wagon R,2023,3000,3150000,Petrol,Lahore,Original,Local,Manual,3,750.0
Hyundai,Santro,2003,160000,800000,Petrol,Sindh,Original,Local,Manual,23,6666.666666666667
Suzuki,Mehran VXR,2006,89700,600000,Petrol,Karachi,Original,Local,Manual,20,4271.428571428572
Suzuki,Mehran VXR,2007,69895,650000,Petrol,Punjab,Original,Imported,Manual,19,3494.75
Suzuki,Every,2021,117000,2150000,Petrol,Unregistered,Original,Imported,Automatic,5,19500.0
FAW,X-PV,2016,130000,780000,Petrol,Gujranwala,Original,Local,Manual,10,11818.181818181818
Suzuki,Alto,2009,100000,800000,Petrol,Sindh,Original,Imported,Manual,17,5555.555555555556
Honda,City Vario,2002,100000,900000,Petrol,Karachi,Original,Local,Manual,24,4000.0
Honda,Civic Oriel,2008,124000,2350000,Petrol,Lahore,Original,Local,Manual,18,6526.315789473684
Honda,City Aspire,2020,90000,4100000,Petrol,Lahore,Original,Local,Automatic,6,12857.142857142857
Toyota,Corrolla Altis,2017,33000,4700000,Petrol,Islamabad,Original,Imported,Automatic,9,3300.0
Honda,City Aspire,2018,104000,3650000,Petrol,Lahore,Original,Local,Automatic,8,11555.555555555555
Toyota,Altis Grande,2017,129000,4065000,Petrol,Karachi,Original,Local,Automatic,9,12900.0
Suzuki,Alto,2004,200000,760000,Petrol,Islamabad,Duplicate,Local,Manual,22,8695.652173913044
Hyundai,Santro,2006,123456,860000,Petrol,Karachi,Original,Local,Manual,20,5878.857142857143
Suzuki,Mehran VXR,2006,25000,700000,Petrol,Lahore,Original,Local,Manual,20,1190.4761904761904
Suzuki,Cultus VXR,2012,80000,1350000,Petrol,Lahore,Original,Imported,Manual,14,5333.333333333333
Toyota,Altis Grande,2015,180000,4000000,Petrol,Lahore,Original,Local,Automatic,11,15000.0
Toyota,Corolla GLI,2015,110000,2900000,Petrol,Karachi,Original,Local,Manual,11,9166.666666666666
Honda,Civic Prosmetic,2010,160000,1800000,Petrol,Karachi,Original,Local,Automatic,16,9411.764705882353
Suzuki,Wagon R,2019,114000,2650000,Petrol,Lahore,Original,Imported,Manual,7,14250.0
Honda,City Aspire,2003,2003,1150000,Petrol,Lahore,Original,Imported,Manual,23,83.45833333333333
Hyundai,Santro,2004,200000,885000,Petrol,Lahore,Original,Local,Manual,22,8695.652173913044
Suzuki,Swift,2011,118000,1975000,Petrol,Islamabad,Original,Imported,Manual,15,7375.0
Suzuki,Mehran VXR,2017,150000,1175000,Petrol,Lahore,Original,Local,Manual,9,15000.0
Suzuki,Bolan,2010,92584,750000,Petrol,Faisalabad,Original,Local,Manual,16,5446.117647058823
Honda,City IVTEC,2013,150000,2570000,Petrol,Lahore,Original,Local,Manual,13,10714.285714285714
Toyota,Corrolla Altis,2016,113000,3800000,Petrol,Karachi,Original,Local,Automatic,10,10272.727272727272
Honda,City Vario,2005,100000,1500000,Petrol,Karachi,Original,Local,Automatic,21,4545.454545454545
Suzuki,Alto,2020,45000,2075000,Petrol,Karachi,Original,Local,Manual,6,6428.571428571428
Honda,Civic Prosmetic,2004,200000,1500000,Petrol,Lahore,Original,Local,Automatic,22,8695.652173913044
Hyundai,Santro,2006,145000,835000,Petrol,Lahore,Original,Local,Manual,20,6904.761904761905
Suzuki,Bolan,2008,40000,620000,Petrol,Karachi,Original,Local,Manual,18,2105.2631578947367
Suzuki,Alto,2012,110000,1280000,Petrol,Lahore,Original,Local,Manual,14,7333.333333333333
Suzuki,Alto,2020,73445,2100000,Petrol,Sindh,Original,Local,Manual,6,10492.142857142857
Honda,City IVTEC,2014,83000,2975000,Petrol,Lahore,Original,Local,Automatic,12,6384.615384615385
KIA,Classic,2003,100000,550000,CNG,Faisalabad,Original,Local,Manual,23,4166.666666666667
Daihatsu,Move,2015,105000,2795000,Petrol,Lahore,Original,Imported,Automatic,11,8750.0
Toyota,Passo,2007,122000,1630000,Petrol,Karachi,Original,Imported,Automatic,19,6100.0
Daihatsu,Cuore,2006,160000,1150000,Petrol,Lahore,Original,Imported,Automatic,20,7619.047619047619
Toyota,Corrolla Altis,2020,29000,4750000,Petrol,Karachi,Original,Local,Automatic,6,4142.857142857143
Suzuki,Alto,2007,200000,800000,CNG,Peshawar,Original,Local,Manual,19,10000.0
FAW,V2,2016,88000,1370000,Petrol,Sindh,Original,Local,Manual,10,8000.0
Honda,Civic Prosmetic,2015,83000,3885000,Petrol,Islamabad,Original,Local,Automatic,11,6916.666666666667
Toyota,Corolla GLI,2015,190000,3350000,Petrol,Lahore,Original,Imported,Manual,11,15833.333333333334
Honda,City IDSI,2005,12345,1225000,Petrol,Lahore,Original,Imported,Manual,21,561.1363636363636
Suzuki,Wagon R,2019,53000,2290000,Petrol,Lahore,Original,Local,Manual,7,6625.0
Daihatsu,Hijet,2012,126000,1450000,Petrol,Karachi,Original,Imported,Automatic,14,8400.0
Honda,Civic Oriel,2001,95000,1050000,Petrol,Karachi,Original,Local,Manual,25,3653.846153846154
Honda,City Aspire,2016,122222,3450000,Petrol,Lahore,Original,Local,Automatic,10,11111.09090909091
Toyota,Yaris,2010,100000,1000000,Petrol,Sindh,Original,Local,Manual,16,5882.35294117647
Daihatsu,Mira,2007,180000,1600000,Petrol,Lahore,Original,Imported,Automatic,19,9000.0
Suzuki,Every,2010,130000,1700000,Petrol,Lahore,Original,Imported,Automatic,16,7647.058823529412
Daihatsu,Move,2014,99000,2350000,Petrol,Karachi,Original,Imported,Automatic,12,7615.384615384615
Honda,City Aspire,2015,149998,2700000,Petrol,Karachi,Original,Local,Manual,11,12499.833333333334
Suzuki,Mehran VXR,2006,100000,400000,Petrol,Hyderabad,Original,Local,Manual,20,4761.9047619047615
Honda,City IVTEC,2012,141760,2650000,Petrol,Lahore,Original,Local,Manual,14,9450.666666666666
FAW,X-PV,2015,10000,750000,Petrol,Multan,Original,Imported,Manual,11,833.3333333333334
Suzuki,Mehran VXR,2009,96000,625000,Petrol,Faisalabad,Original,Local,Manual,17,5333.333333333333
Honda,City IDSI,2007,136300,1995000,Petrol,Sialkot,Original,Local,Manual,19,6815.0
Suzuki,Bolan,2017,62240,1300000,Petrol,Lahore,Original,Local,Manual,9,6224.0
Mitsubishi,Lancer,2006,50000,800000,Petrol,Lahore,Original,Imported,Automatic,20,2380.9523809523807
Toyota,Corolla XLI,2011,92000,2200000,Petrol,Multan,Original,Local,Manual,15,5750.0
Toyota,Corolla XLI,2018,160000,4000000,Petrol,Lahore,Original,Local,Manual,8,17777.777777777777
Toyota,Yaris,2020,28000,3850000,Petrol,Lahore,Original,Local,Manual,6,4000.0
Honda,City IVTEC,2018,71500,3100000,Petrol,Sindh,Original,Local,Manual,8,7944.444444444444
Daihatsu,Cuore,2010,81000,1300000,Petrol,Karachi,Original,Local,Automatic,16,4764.705882352941
Suzuki,Alto,2011,160000,1150000,Petrol,Lahore,Original,Local,Manual,15,10000.0
Suzuki,Swift,2018,65000,2545000,Petrol,Lahore,Original,Local,Manual,8,7222.222222222223
Daihatsu,Mira,2013,122000,1650000,Petrol,Sindh,Original,Imported,Automatic,13,8714.285714285714
Honda,City IVTEC,2015,101000,3200000,Petrol,Lahore,Original,Local,Automatic,11,8416.666666666666
Honda,City IVTEC,2015,84000,2820000,Petrol,Sindh,Original,Local,Automatic,11,7000.0
Suzuki,Ravi,2007,68000,950000,Petrol,Mirpur,Original,Imported,Manual,19,3400.0
Honda,City IVTEC,2019,37000,3685000,Petrol,Islamabad,Original,Local,Manual,7,4625.0
Hyundai,Santro,2000,190000,600000,Petrol,Karachi,Original,Imported,Manual,26,7037.037037037037
Mitsubishi,Ek Wagon,2013,88000,2350000,Petrol,Lahore,Original,Imported,Automatic,13,6285.714285714285
Honda,Civic Oriel,2017,38000,4900000,Petrol,Karachi,Original,Local,Automatic,9,3800.0
Honda,Civic Prosmetic,2008,130000,1960000,Petrol,Lahore,Original,Local,Automatic,18,6842.105263157895
KIA,Classic,2003,100000,455000,Petrol,Faisalabad,Original,Imported,Manual,23,4166.666666666667
Toyota,Corrolla Altis,2017,35000,4800000,Petrol,Islamabad,Original,Local,Automatic,9,3500.0
Suzuki,Wagon R,2018,55000,2385000,Petrol,Karachi,Original,Local,Manual,8,6111.111111111111
KIA,Picanto,2021,29600,2985000,Petrol,Lahore,Original,Local,Automatic,5,4933.333333333333
Suzuki,Bolan,2009,320000,800000,Petrol,Lahore,Original,Local,Manual,17,17777.777777777777
Suzuki,Bolan,2022,19950,1990000,Petrol,Islamabad,Original,Local,Manual,4,3990.0
Honda,Civic Oriel,2011,87000,2360000,Petrol,Sindh,Original,Local,Automatic,15,5437.5
Mitsubishi,Lancer,2004,180000,1270000,Petrol,Lahore,Original,Imported,Manual,22,7826.086956521739
Suzuki,Wagon R,2019,54000,2250000,Petrol,Lahore,Original,Local,Manual,7,6750.0
Honda,Civic Prosmetic,2013,108000,3600000,Petrol,Islamabad,Original,Local,Automatic,13,7714.285714285715
Suzuki,Bolan,2013,20000,850000,Petrol,Karachi,Original,Local,Manual,13,1428.5714285714287
Suzuki,Alto,2003,185000,595000,Petrol,Karachi,Duplicate,Local,Manual,23,7708.333333333333
Toyota,Corolla XLI,2019,43000,4050000,Petrol,Lahore,Original,Local,Manual,7,5375.0
Honda,City IVTEC,2019,96000,3950000,Petrol,Lahore,Original,Local,Automatic,7,12000.0
Toyota,Corrolla Altis,2002,315000,1750000,Petrol,Lahore,Original,Local,Automatic,24,12600.0
Suzuki,Mehran VXR,2019,33300,1250000,Petrol,Karachi,Original,Local,Manual,7,4162.5
Mitsubishi,Minicab Bravo,2020,143143,1900000,Petrol,Punjab,Original,Imported,Manual,6,20449.0
Toyota,Passo,2010,122000,2400000,Petrol,Karachi,Original,Imported,Automatic,16,7176.470588235294
Honda,Civic Prosmetic,2005,100000,1550000,Petrol,Karachi,Original,Imported,Automatic,21,4545.454545454545
Suzuki,Swift,2021,75000,2500000,Petrol,Islamabad,Original,Local,Manual,5,12500.0
Suzuki,Bolan,2014,12345,1050000,Petrol,Lahore,Original,Local,Manual,12,949.6153846153846
Hyundai,Santro,2006,85745,745000,Petrol,Lahore,Original,Local,Manual,20,4083.095238095238
Suzuki,Alto,2008,100000,710000,Petrol,Karachi,Original,Local,Manual,18,5263.1578947368425
Daihatsu,Cuore,2007,99999,760000,Petrol,Karachi,Original,Imported,Manual,19,4999.95
Hyundai,Santro,2006,262457,900000,Petrol,Lahore,Original,Imported,Manual,20,12497.952380952382
Suzuki,Mehran VXR,2006,34000,570000,Petrol,Sindh,Original,Local,Manual,20,1619.047619047619
FAW,X-PV,2015,123456,780000,Petrol,Lahore,Original,Local,Manual,11,10288.0
Toyota,Corolla GLI,2010,100000,2200000,Petrol,Lahore,Original,Local,Manual,16,5882.35294117647
Honda,Civic Prosmetic,2010,96000,2725000,Petrol,Islamabad,Original,Local,Automatic,16,5647.058823529412
Honda,City IVTEC,2020,99008,4000000,Petrol,Lahore,Original,Local,Automatic,6,14144.0
Toyota,Corolla XLI,2009,75000,1950000,Petrol,Lahore,Original,Local,Manual,17,4166.666666666667
Mitsubishi,Minica,2011,75000,1150000,Petrol,Karachi,Original,Imported,Manual,15,4687.5
Daihatsu,Mira,2014,87000,2385000,Petrol,Karachi,Original,Imported,Automatic,12,6692.307692307692
Daihatsu,Mira,2019,150000,2500000,Petrol,Islamabad,Original,Imported,Manual,7,18750.0
Honda,Civic Oriel,2013,144000,2530000,Petrol,Sindh,Original,Local,Manual,13,10285.714285714286
Suzuki,Swift,2010,150000,1800000,Petrol,Lahore,Original,Imported,Manual,16,8823.529411764706
Toyota,Corrolla Altis,2012,150000,3325000,Petrol,Sindh,Original,Local,Automatic,14,10000.0
Daihatsu,Cuore,2005,210000,650000,Petrol,Sindh,Original,Local,Manual,21,9545.454545454546
KIA,Spectra,2002,1234,520000,Petrol,Sindh,Original,Imported,Manual,24,49.36
Suzuki,Alto,2021,25000,2370000,Petrol,Islamabad,Original,Local,Manual,5,4166.666666666667
Toyota,Corolla XLI,2007,45000,1950000,Petrol,Lahore,Original,Local,Manual,19,2250.0
Hyundai,Santro,2001,200000,600000,Petrol,Sialkot,Original,Local,Manual,25,7692.307692307692
Daihatsu,Mira,2013,98000,2350000,Petrol,Karachi,Original,Imported,Automatic,13,7000.0
Honda,Civic Prosmetic,2007,140000,1575000,Petrol,Lahore,Original,Local,Automatic,19,7000.0
Suzuki,Alto,2014,54000,2450000,Petrol,Lahore,Original,Imported,Automatic,12,4153.846153846154
KIA,Spectra,2002,220000,2000000,Petrol,Karachi,Original,Imported,Automatic,24,8800.0
Daihatsu,Move,2014,12345,1875000,Petrol,Lahore,Original,Imported,Automatic,12,949.6153846153846
Toyota,Corolla GLI,2011,150000,2300000,Petrol,Lahore,Original,Imported,Manual,15,9375.0
Daihatsu,Cuore,2007,85000,685000,Petrol,Karachi,Original,Local,Manual,19,4250.0
Toyota,Corolla GLI,2018,130000,4200000,Petrol,Lahore,Original,Imported,Manual,8,14444.444444444445
Suzuki,Mehran VXR,2011,65000,885000,Petrol,Lahore,Original,Local,Manual,15,4062.5
Suzuki,Bolan,2009,100000,710000,Petrol,Karachi,Original,Local,Manual,17,5555.555555555556
Honda,City IVTEC,2019,42000,3525000,Petrol,Lahore,Original,Local,Manual,7,5250.0
Honda,City IVTEC,2009,86000,2100000,Petrol,Karachi,Original,Local,Manual,17,4777.777777777777
Suzuki,Cultus VXR,2022,60000,3200000,Petrol,Islamabad,Original,Local,Automatic,4,12000.0
FAW,V2,2015,83000,1585000,Petrol,Islamabad,Original,Imported,Manual,11,6916.666666666667
Toyota,Corolla XLI,2011,150000,1750000,Petrol,Lahore,Original,Local,Manual,15,9375.0
Daihatsu,Mira,2018,75000,3100000,Petrol,Karachi,Original,Imported,Automatic,8,8333.333333333334
Suzuki,Every,2015,165000,1360000,Petrol,Lahore,Original,Imported,Automatic,11,13750.0
Changan,Karvaan,2021,21000,2950000,Petrol,Islamabad,Original,Local,Manual,5,3500.0
FAW,X-PV,2018,80000,960000,Petrol,Lahore,Original,Local,Manual,8,8888.888888888889
Toyota,Corolla GLI,2011,123456,2250000,Petrol,Lahore,Original,Local,Manual,15,7716.0
Hyundai,Santro,2005,130000,975000,Petrol,Lahore,Original,Local,Manual,21,5909.090909090909
Honda,City IVTEC,2020,56000,3650000,Petrol,Lahore,Original,Local,Manual,6,8000.0
Toyota,Yaris,2020,57320,3470000,Petrol,Faisalabad,Original,Local,Manual,6,8188.571428571428
Suzuki,Cultus VXR,2003,53850,870000,Petrol,Lahore,Original,Imported,Manual,23,2243.75
Honda,City Aspire,2017,108000,3600000,Petrol,Lahore,Original,Local,Automatic,9,10800.0
Honda,City Vario,2007,100000,1850000,Petrol,Karachi,Original,Local,Automatic,19,5000.0
Honda,City IVTEC,2018,67000,3800000,Petrol,Islamabad,Original,Local,Automatic,8,7444.444444444444
Daihatsu,Cuore,2010,238000,1000000,Petrol,Sindh,Original,Local,Manual,16,14000.0
Suzuki,Every,2009,160000,1600000,Petrol,Lahore,Original,Imported,Automatic,17,8888.888888888889
Honda,City Aspire,2013,116000,2550000,Petrol,Lahore,Original,Local,Manual,13,8285.714285714286
FAW,V2,2016,70000,1215000,Petrol,Karachi,Original,Imported,Manual,10,6363.636363636364
Suzuki,Bolan,2009,100000,650000,Petrol,Karachi,Original,Local,Manual,17,5555.555555555556
Daihatsu,Mira,2016,70000,2550000,Petrol,Karachi,Original,Imported,Automatic,10,6363.636363636364
Suzuki,Swift,2011,186000,1695000,Petrol,Lahore,Original,Local,Manual,15,11625.0
Honda,Civic Prosmetic,2011,130000,2370000,Petrol,Islamabad,Original,Local,Automatic,15,8125.0
Suzuki,Wagon R,2021,19000,2790000,Petrol,Lahore,Original,Local,Manual,5,3166.6666666666665
Toyota,Corrolla Altis,2015,91000,3675000,Petrol,Lahore,Original,Local,Automatic,11,7583.333333333333
Suzuki,Every,2018,11111,1630000,Petrol,Lahore,Original,Imported,Automatic,8,1234.5555555555557
Suzuki,Bolan,2016,98000,1100000,Petrol,Sialkot,Original,Local,Manual,10,8909.09090909091
Changan,Alsvin,2022,27000,4075000,Petrol,Islamabad,Original,Local,Automatic,4,5400.0
Suzuki,Bolan,2017,99999,1400000,CNG,Rawalpindi,Original,Local,Automatic,9,9999.9
Suzuki,Alto,2007,300000,890000,Petrol,Lahore,Original,Local,Manual,19,15000.0
Toyota,Altis Grande,2019,67000,4700000,Petrol,Karachi,Original,Local,Automatic,7,8375.0
Daihatsu,Mira,2015,85000,2100000,Petrol,Karachi,Original,Imported,Automatic,11,7083.333333333333
Toyota,Corrolla Altis,2016,79000,3890000,Petrol,Karachi,Original,Local,Automatic,10,7181.818181818182
KIA,Picanto,2020,57000,2890000,Petrol,Lahore,Original,Local,Automatic,6,8142.857142857143
Toyota,Corrolla Altis,2010,146414,2500000,Petrol,Sindh,Original,Imported,Automatic,16,8612.588235294117
Honda,City IDSI,2004,260000,1550000,Petrol,Rawalpindi,Original,Local,Manual,22,11304.347826086956
FAW,V2,2018,64600,1490000,Petrol,Islamabad,Original,Local,Manual,8,7177.777777777777
Honda,City IDSI,2006,178000,1595000,Petrol,Lahore,Original,Local,Manual,20,8476.190476190477
Honda,Civic Oriel,2017,100000,4800000,Petrol,Islamabad,Original,Local,Automatic,9,10000.0
Daihatsu,Hijet,2014,123450,1400000,Petrol,Lahore,Original,Imported,Manual,12,9496.153846153846
Honda,Civic Oriel,2013,100000,3100000,Petrol,Karachi,Original,Imported,Automatic,13,7142.857142857143
Toyota,Corrolla Altis,2012,150000,3150000,Petrol,Karachi,Original,Local,Manual,14,10000.0
KIA,Classic,2002,13452,595000,CNG,Haripur,Original,Imported,Manual,24,538.08
Honda,Civic Prosmetic,2016,106000,4200000,Petrol,Lahore,Original,Local,Automatic,10,9636.363636363636
KIA,Picanto,2021,16000,2975000,Petrol,Islamabad,Original,Local,Manual,5,2666.6666666666665
Mercedes,E Class,2004,76000,4000000,Petrol,Islamabad,Original,Imported,Automatic,22,3304.3478260869565
Honda,Civic Oriel,2013,132000,3500000,Petrol,Lahore,Original,Local,Automatic,13,9428.57142857143
Toyota,Altis Grande,2014,112000,3800000,Petrol,Karachi,Original,Imported,Automatic,12,8615.384615384615
Suzuki,Mehran VXR,2016,50000,1090000,Petrol,Lahore,Original,Local,Manual,10,4545.454545454545
Suzuki,Cultus VXR,2011,81000,1080000,Petrol,Karachi,Original,Local,Manual,15,5062.5
Daihatsu,Cuore,2007,100000,975000,Petrol,Lahore,Original,Imported,Manual,19,5000.0
Honda,City IDSI,2001,78000,755000,Petrol,Karachi,Original,Imported,Manual,25,3000.0
KIA,Classic,2005,100000,580000,Petrol,Karachi,Original,Local,Manual,21,4545.454545454545
Daihatsu,Mira,2014,90000,2150000,Petrol,Lahore,Original,Imported,Automatic,12,6923.076923076923
Suzuki,Swift,2013,57778,1800000,Petrol,Karachi,Original,Local,Manual,13,4127.0
Honda,Civic Prosmetic,2005,101000,1725000,Petrol,Karachi,Original,Local,Automatic,21,4590.909090909091
Suzuki,Every,2012,200000,1700000,Petrol,Sindh,Original,Local,Manual,14,13333.333333333334
Suzuki,Mehran VXR,2002,150000,420000,CNG,Lahore,Original,Local,Manual,24,6000.0
Daihatsu,Mira,2018,5800,3500000,Petrol,Mirpur Khas,Original,Imported,Automatic,8,644.4444444444445
Changan,Alsvin,2022,36000,4375000,Petrol,Islamabad,Original,Local,Automatic,4,7200.0
Daihatsu,Cuore,2006,150000,780000,Petrol,Lahore,Original,Local,Manual,20,7142.857142857143
Suzuki,Swift,2018,95000,1550000,Petrol,Lahore,Original,Local,Manual,8,10555.555555555555
Hyundai,Santro,2000,1234,900000,Petrol,Lahore,Original,Imported,Manual,26,45.7037037037037
Honda,Civic Prosmetic,2014,65000,3400000,Petrol,Lahore,Original,Local,Automatic,12,5000.0
Honda,City Vario,2006,165000,1650000,Petrol,Karachi,Original,Local,Automatic,20,7857.142857142857
Daihatsu,Mira,2012,45000,800000,Petrol,Karachi,Duplicate,Imported,Automatic,14,3000.0
Hyundai,Santro,2007,2456,800000,Petrol,Karachi,Original,Imported,Manual,19,122.8
Daihatsu,Hijet,2013,107308,1575000,Petrol,Karachi,Original,Imported,Automatic,13,7664.857142857143
Hyundai,Santro,2004,103980,950000,Petrol,Punjab,Original,Local,Manual,22,4520.869565217391
Mitsubishi,Ek Wagon,2008,150000,1400000,Petrol,Lahore,Original,Imported,Manual,18,7894.736842105263
Daihatsu,Mira,2014,79000,2350000,Petrol,Lahore,Original,Imported,Automatic,12,6076.923076923077
Suzuki,Cultus VXR,2007,123456,810000,Petrol,Lahore,Original,Local,Manual,19,6172.8
Honda,Civic Prosmetic,2013,109000,3650000,Petrol,Lahore,Original,Local,Automatic,13,7785.714285714285
Honda,Civic Prosmetic,2015,167000,4000000,Petrol,Islamabad,Original,Local,Automatic,11,13916.666666666666
Honda,Civic Prosmetic,2012,110000,3155000,Petrol,Lahore,Original,Local,Automatic,14,7333.333333333333
Honda,City IVTEC,2015,81000,2900000,Petrol,Karachi,Original,Local,Manual,11,6750.0
Suzuki,Cultus VXR,2007,100000,800000,Petrol,Multan,Original,Imported,Manual,19,5000.0
Daihatsu,Cuore,2007,85000,810000,Petrol,Karachi,Original,Imported,Automatic,19,4250.0
Honda,City Aspire,2015,75000,2750000,Petrol,Karachi,Original,Local,Manual,11,6250.0
Suzuki,Mehran VXR,2015,50540,825000,Petrol,Karachi,Original,Local,Manual,11,4211.666666666667
Honda,Civic Prosmetic,2013,114000,2850000,Petrol,Karachi,Original,Local,Automatic,13,8142.857142857143
Honda,City IVTEC,2016,44000,2800000,Petrol,Karachi,Original,Local,Manual,10,4000.0
Suzuki,Wagon R,2018,100000,2000000,Petrol,Karachi,Original,Local,Manual,8,11111.111111111111
Changan,Alsvin,2022,29000,3650000,Petrol,Islamabad,Original,Imported,Automatic,4,5800.0
Toyota,Corolla XLI,2016,120000,3380000,Petrol,Islamabad,Original,Local,Manual,10,10909.09090909091
Toyota,Corolla GLI,2021,53000,3925000,Petrol,Karachi,Original,Local,Automatic,5,8833.333333333334
Daihatsu,Mira,2012,127000,2250000,Petrol,Karachi,Original,Imported,Automatic,14,8466.666666666666
Daihatsu,Mira,2013,76000,2050000,Petrol,Karachi,Original,Imported,Automatic,13,5428.571428571428
Suzuki,Bolan,2018,60000,1270000,Petrol,Karachi,Original,Imported,Manual,8,6666.666666666667
Suzuki,Every,2017,102000,2460000,Petrol,Islamabad,Original,Imported,Automatic,9,10200.0
Honda,Civic Prosmetic,2005,148739,1300000,Petrol,Karachi,Original,Imported,Automatic,21,6760.863636363636
Honda,City IVTEC,2013,196000,2700000,Petrol,Islamabad,Original,Local,Manual,13,14000.0
Daihatsu,Cuore,2009,90000,875000,Petrol,Karachi,Original,Local,Manual,17,5000.0
Honda,City Aspire,2015,114000,2975000,Petrol,Karachi,Original,Local,Automatic,11,9500.0
Toyota,Yaris,2022,25000,4300000,Petrol,Lahore,Original,Local,Manual,4,5000.0
Suzuki,Bolan,2007,100000,615000,Petrol,Karachi,Original,Local,Manual,19,5000.0
Honda,City IDSI,2016,100000,2000000,Petrol,Karachi,Original,Local,Automatic,10,9090.90909090909
Toyota,Corrolla Altis,2018,127000,4790000,Petrol,Islamabad,Original,Local,Automatic,8,14111.111111111111
Daihatsu,Cuore,2006,89000,715000,Petrol,Karachi,Original,Local,Manual,20,4238.0952380952385
Suzuki,Mehran VXR,2018,38000,1625000,Petrol,Lahore,Original,Local,Manual,8,4222.222222222223
Honda,Civic Prosmetic,2002,150000,1350000,Petrol,Lahore,Original,Local,Automatic,24,6000.0
Toyota,Corolla GLI,2017,84000,3500000,Petrol,Karachi,Original,Local,Automatic,9,8400.0
Chevrolet,Joy,2009,200000,880000,Petrol,Jhelum,Original,Imported,Manual,17,11111.111111111111
Daihatsu,Cuore,2006,85000,660000,Petrol,Karachi,Original,Imported,Manual,20,4047.6190476190477
Daihatsu,Cuore,2008,60482,750000,Petrol,Karachi,Original,Imported,Automatic,18,3183.2631578947367
Suzuki,Alto,2022,26000,2340000,Petrol,Karachi,Original,Local,Manual,4,5200.0
Hyundai,Santro,2005,156000,980000,Petrol,Lahore,Original,Imported,Manual,21,7090.909090909091
Toyota,Corolla GLI,2015,120000,3200000,Petrol,Karachi,Original,Local,Manual,11,10000.0
Mitsubishi,Ek Wagon,2014,198000,1660000,Petrol,Faisalabad,Original,Imported,Automatic,12,15230.76923076923
Changan,Karvaan,2021,5000,2300000,Petrol,Lahore,Original,Local,Manual,5,833.3333333333334
FAW,X-PV,2018,127481,811000,Petrol,Lahore,Original,Local,Manual,8,14164.555555555555
Suzuki,Swift,2022,10550,4630000,Petrol,Karachi,Original,Local,Automatic,4,2110.0
Toyota,Yaris,2021,29000,4350000,Petrol,Karachi,Original,Local,Automatic,5,4833.333333333333
Daihatsu,Mira,2019,65000,3600000,Petrol,Islamabad,Original,Imported,Automatic,7,8125.0
Suzuki,Wagon R,2019,48000,2010000,Petrol,Karachi,Original,Local,Manual,7,6000.0
Honda,City IVTEC,2015,87000,2750000,Petrol,Lahore,Original,Local,Manual,11,7250.0
Suzuki,Cultus VXR,2014,84500,1515000,Petrol,Lahore,Original,Local,Manual,12,6500.0
Changan,Karvaan,2020,15000,2250000,Petrol,Karachi,Original,Local,Manual,6,2142.8571428571427
Mercedes,C Class,2004,135000,2750000,Petrol,Sindh,Original,Imported,Automatic,22,5869.565217391304
Hyundai,Santro,2000,145687,620000,Petrol,Karachi,Original,Local,Manual,26,5395.814814814815
Suzuki,Mehran VXR,2019,100000,1450000,Petrol,Islamabad,Original,Imported,Manual,7,12500.0
Suzuki,Swift,2012,125000,2075000,Petrol,Lahore,Original,Local,Manual,14,8333.333333333334
Toyota,Corolla XLI,2012,151000,2230000,Petrol,Punjab,Original,Local,Manual,14,10066.666666666666
Honda,City IVTEC,2013,90000,2900000,Petrol,Islamabad,Original,Local,Manual,13,6428.571428571428
Toyota,Corolla XLI,2007,214000,1710000,Petrol,Lahore,Original,Imported,Manual,19,10700.0
Suzuki,Alto,2007,69571,780000,CNG,Lahore,Original,Local,Manual,19,3478.55
Honda,Civic Oriel,2019,100000,3250000,Petrol,Lahore,Original,Local,Automatic,7,12500.0
Suzuki,Bolan,2011,65000,1190000,CNG,Islamabad,Original,Local,Manual,15,4062.5
Honda,City IDSI,2000,1234,650000,Petrol,Karachi,Original,Local,Manual,26,45.7037037037037
Mitsubishi,Lancer,2005,180000,1300000,Petrol,Lahore,Original,Local,Manual,21,8181.818181818182
Hyundai,Santro,2007,100000,1190000,Petrol,Lahore,Original,Imported,Manual,19,5000.0
Suzuki,Baleno,2022,125000,1900000,Petrol,Islamabad,Original,Imported,Automatic,4,25000.0
Suzuki,Alto,2006,225008,600000,Petrol,Sindh,Original,Local,Manual,20,10714.666666666666
Honda,City IDSI,2007,246000,1680000,Petrol,Sindh,Original,Local,Manual,19,12300.0
Toyota,Corrolla Altis,2019,98000,4250000,Petrol,Karachi,Original,Local,Automatic,7,12250.0
Suzuki,Baleno,2002,175000,850000,Petrol,Lahore,Original,Local,Manual,24,7000.0
Daihatsu,Cuore,2011,93000,880000,Petrol,Karachi,Original,Local,Manual,15,5812.5
Suzuki,Wagon R,2021,32000,2800000,Petrol,Punjab,Original,Local,Manual,5,5333.333333333333
Honda,City IDSI,2006,108500,1550000,Petrol,Lahore,Original,Local,Automatic,20,5166.666666666667
Suzuki,Cultus VXR,2015,97500,1425000,Petrol,Karachi,Original,Local,Manual,11,8125.0
Hyundai,Santro,2006,125000,945000,Petrol,Faisalabad,Original,Imported,Manual,20,5952.380952380952
Toyota,Corolla XLI,2010,234567,2280000,Petrol,Sindh,Original,Local,Manual,16,13798.058823529413
Mercedes,C Class,2007,10000,4500000,Petrol,Islamabad,Original,Imported,Manual,19,500.0
Toyota,Corolla GLI,2017,172000,3750000,Petrol,Islamabad,Original,Local,Manual,9,17200.0
Honda,City IDSI,2005,159000,1380000,Petrol,Karachi,Original,Local,Manual,21,7227.272727272727
Suzuki,Swift,2022,28000,4250000,Petrol,Islamabad,Original,Local,Automatic,4,5600.0
Toyota,Corolla GLI,2009,140000,1970000,Petrol,Sindh,Original,Local,Manual,17,7777.777777777777
KIA,Spectra,2002,150000,460000,CNG,Karachi,Original,Imported,Manual,24,6000.0
Suzuki,Bolan,2017,58100,1275000,Petrol,Lahore,Original,Local,Manual,9,5810.0
Toyota,Corolla GLI,2012,82000,2410000,Petrol,Sindh,Original,Local,Manual,14,5466.666666666667
Toyota,Corolla XLI,2012,123456,2320000,Petrol,Lahore,Original,Local,Manual,14,8230.4
Honda,City IDSI,2005,206653,1300000,Petrol,Lahore,Original,Imported,Manual,21,9393.318181818182
Honda,City Aspire,2013,92000,2450000,Petrol,Sindh,Original,Imported,Automatic,13,6571.428571428572
Toyota,Corolla GLI,2017,66000,4350000,Petrol,Lahore,Original,Local,Manual,9,6600.0
Honda,City IVTEC,2013,170000,2500000,Petrol,Lahore,Original,Local,Manual,13,12142.857142857143
Suzuki,Bolan,2014,60000,780000,Petrol,Sindh,Original,Local,Manual,12,4615.384615384615
Toyota,Yaris,2021,50000,4200000,Petrol,Punjab,Original,Local,Automatic,5,8333.333333333334
Toyota,Corolla GLI,2012,200000,2260000,Petrol,Karachi,Original,Local,Manual,14,13333.333333333334
Mitsubishi,Minicab Bravo,2018,171000,1350000,Petrol,Lahore,Original,Imported,Manual,8,19000.0
Suzuki,Mehran VXR,2015,12345,1150000,Petrol,Islamabad,Original,Local,Manual,11,1028.75
Suzuki,Swift,2018,73000,2450000,Petrol,Lahore,Original,Local,Manual,8,8111.111111111111
Daihatsu,Mira,2019,85183,3700000,Petrol,Islamabad,Original,Imported,Automatic,7,10647.875
Hyundai,Santro,2006,180000,780000,Petrol,Karachi,Original,Local,Manual,20,8571.42857142857
Daihatsu,Mira,2017,70000,2400000,Petrol,Karachi,Original,Imported,Automatic,9,7000.0
Toyota,Altis Grande,2016,111111,3600000,Petrol,Karachi,Original,Imported,Manual,10,10101.0
Toyota,Passo,2011,65000,2450000,Petrol,Islamabad,Original,Imported,Automatic,15,4062.5
Suzuki,Alto,2011,84500,1190000,Petrol,Lahore,Original,Local,Manual,15,5281.25
Daihatsu,Mira,2012,75000,2000000,Petrol,Karachi,Original,Imported,Automatic,14,5000.0
Suzuki,Bolan,2011,75000,795000,Petrol,Multan,Original,Local,Manual,15,4687.5
Mitsubishi,Lancer,2006,172000,1400000,Petrol,Sindh,Original,Imported,Automatic,20,8190.476190476191
Daihatsu,Cuore,2007,87000,850000,Petrol,Sialkot,Original,Imported,Manual,19,4350.0
Honda,Civic Prosmetic,2002,200000,1350000,Petrol,Lahore,Original,Local,Automatic,24,8000.0
Suzuki,Mehran VXR,2010,87000,735000,Petrol,Faisalabad,Original,Local,Manual,16,5117.64705882353
Honda,Civic Prosmetic,2002,94532,1550000,Petrol,Sialkot,Original,Local,Automatic,24,3781.28
Suzuki,Mehran VXR,2016,4000,1140000,Petrol,Sindh,Original,Local,Manual,10,363.6363636363636
Mitsubishi,Lancer,2006,237000,1550000,Petrol,Lahore,Original,Imported,Automatic,20,11285.714285714286
Honda,City IVTEC,2009,90000,2150000,Petrol,Islamabad,Original,Local,Manual,17,5000.0
Toyota,Corolla XLI,2011,135000,2250000,Petrol,Lahore,Original,Local,Manual,15,8437.5
Honda,Civic Prosmetic,2011,108000,3375000,Petrol,Islamabad,Original,Local,Automatic,15,6750.0
Daihatsu,Mira,2018,123456,3300000,Petrol,Islamabad,Original,Imported,Automatic,8,13717.333333333334
Toyota,Corolla XLI,2004,99999,1300000,Petrol,Lahore,Original,Local,Manual,22,4347.782608695652
Suzuki,Wagon R,2018,70000,2250000,Petrol,Lahore,Original,Local,Manual,8,7777.777777777777
Suzuki,Swift,2012,85000,1590000,Petrol,Karachi,Original,Local,Manual,14,5666.666666666667
Suzuki,Wagon R,2015,236000,1850000,Petrol,Islamabad,Original,Local,Manual,11,19666.666666666668
Suzuki,Mehran VXR,2009,85000,775000,Petrol,Lahore,Original,Local,Manual,17,4722.222222222223
Toyota,Corrolla Altis,2009,170000,2395000,Petrol,Lahore,Original,Local,Automatic,17,9444.444444444445
Daihatsu,Hijet,2011,85000,1380000,Petrol,Karachi,Original,Imported,Automatic,15,5312.5
Honda,City IDSI,2005,177500,1545000,Petrol,Lahore,Original,Local,Manual,21,8068.181818181818
Honda,City IDSI,2004,143000,1685000,Petrol,Islamabad,Original,Imported,Manual,22,6217.391304347826
Hyundai,Santro,2007,125000,1050000,CNG,Lahore,Original,Local,Manual,19,6250.0
Suzuki,Every,2024,100000,1520000,Petrol,Lahore,Original,Imported,Automatic,2,33333.333333333336
Daihatsu,Hijet,2010,125000,1075000,Petrol,Multan,Original,Imported,Automatic,16,7352.941176470588
Suzuki,Bolan,2015,54000,899000,Petrol,Gujranwala,Original,Local,Manual,11,4500.0
Toyota,Corolla GLI,2012,170000,2850000,Petrol,Islamabad,Original,Local,Manual,14,11333.333333333334
Toyota,Passo,2016,70000,2480000,Petrol,Lahore,Original,Imported,Automatic,10,6363.636363636364
Suzuki,Baleno,2004,250000,1100000,Petrol,Lahore,Original,Local,Manual,22,10869.565217391304
Honda,City IDSI,2005,152000,1450000,Petrol,Karachi,Original,Local,Manual,21,6909.090909090909
Toyota,Altis Grande,2017,87000,4350000,Petrol,Lahore,Original,Local,Manual,9,8700.0
Suzuki,Bolan,2004,1234,535000,Petrol,Karachi,Original,Local,Manual,22,53.65217391304348
Suzuki,Swift,2014,168000,1900000,Petrol,Islamabad,Original,Imported,Manual,12,12923.076923076924
Daihatsu,Cuore,2010,123456,820000,CNG,Sindh,Original,Local,Manual,16,7262.117647058823
Daihatsu,Mira,2013,80000,2250000,Petrol,Lahore,Original,Imported,Automatic,13,5714.285714285715
Daihatsu,Mira,2013,138200,2000000,Petrol,Karachi,Original,Imported,Automatic,13,9871.42857142857
Daihatsu,Mira,2017,50000,3100000,Petrol,Punjab,Original,Imported,Automatic,9,5000.0
Honda,City IVTEC,2009,146000,2200000,Petrol,Sialkot,Original,Local,Automatic,17,8111.111111111111
KIA,Classic,2004,1234,620000,Petrol,Karachi,Original,Imported,Manual,22,53.65217391304348
Honda,Civic Prosmetic,2010,105000,2050000,Petrol,Lahore,Original,Local,Automatic,16,6176.470588235294
Honda,City IVTEC,2020,54350,3720000,Petrol,Islamabad,Original,Local,Manual,6,7764.285714285715
Daihatsu,Move,2011,12345,1860000,Petrol,Lahore,Original,Imported,Automatic,15,771.5625
Toyota,Passo,2014,117000,2695000,Petrol,Rawalpindi,Original,Imported,Automatic,12,9000.0
Daihatsu,Cuore,2001,25700,612000,Petrol,Faisalabad,Original,Local,Manual,25,988.4615384615385
Honda,City Vario,2007,79000,1680000,Petrol,Karachi,Original,Local,Automatic,19,3950.0
Hyundai,Santro,2004,206332,725000,Petrol,Lahore,Original,Local,Manual,22,8970.95652173913
Mitsubishi,Minicab Bravo,2012,152000,1200000,Petrol,Islamabad,Original,Imported,Manual,14,10133.333333333334
Suzuki,Wagon R,2021,31470,3000000,Petrol,Lahore,Original,Local,Manual,5,5245.0
Honda,City Aspire,2015,93000,3050000,Petrol,Islamabad,Original,Local,Manual,11,7750.0
Honda,Civic Prosmetic,2011,119000,2500000,Petrol,Lahore,Original,Local,Automatic,15,7437.5
Honda,City IVTEC,2013,125000,2750000,Petrol,Lahore,Original,Local,Automatic,13,8928.57142857143
Toyota,Corrolla Altis,2018,67000,4700000,Petrol,Lahore,Original,Imported,Automatic,8,7444.444444444444
Honda,City IVTEC,2017,67000,3050000,Petrol,Sindh,Original,Local,Manual,9,6700.0
Mitsubishi,Minicab Bravo,2012,15000,1190000,Petrol,Karachi,Original,Imported,Automatic,14,1000.0
Suzuki,Wagon R,2019,47500,2295000,Petrol,Lahore,Original,Local,Manual,7,5937.5
Honda,Civic Oriel,2015,110000,3925000,Petrol,Faisalabad,Original,Local,Automatic,11,9166.666666666666
Daihatsu,Cuore,2008,12345,760000,Petrol,Lahore,Original,Imported,Manual,18,649.7368421052631
Suzuki,Mehran VXR,2005,87000,715000,Petrol,Lahore,Original,Local,Manual,21,3954.5454545454545
Changan,Alsvin,2021,60000,3800000,Petrol,Karachi,Original,Imported,Automatic,5,10000.0
Mitsubishi,Lancer,2005,84000,1550000,Petrol,Islamabad,Original,Local,Manual,21,3818.181818181818
Honda,Civic Oriel,2017,109000,5000000,Petrol,Islamabad,Original,Local,Automatic,9,10900.0
Daihatsu,Hijet,2007,86000,950000,Petrol,Karachi,Original,Imported,Automatic,19,4300.0
Suzuki,Wagon R,2018,65650,1995000,Petrol,Islamabad,Original,Imported,Manual,8,7294.444444444444
Toyota,Corolla XLI,2010,128000,2240000,Petrol,Lahore,Original,Local,Manual,16,7529.411764705882
Toyota,Corrolla Altis,2017,77000,4100000,Petrol,Karachi,Original,Local,Automatic,9,7700.0
Hyundai,Santro,2007,120000,1190000,Petrol,Lahore,Original,Imported,Manual,19,6000.0
Toyota,Corolla XLI,2008,100000,1600000,Petrol,Karachi,Original,Local,Manual,18,5263.1578947368425
Daihatsu,Mira,2020,5500,3500000,Petrol,Unregistered,Original,Imported,Automatic,6,785.7142857142857
Toyota,Corrolla Altis,2017,94000,4750000,Petrol,Islamabad,Original,Local,Automatic,9,9400.0
Suzuki,Alto,2020,32000,2380000,Petrol,Karachi,Original,Local,Automatic,6,4571.428571428572
Toyota,Yaris,2020,55000,3750000,Petrol,Islamabad,Original,Local,Manual,6,7857.142857142857
Toyota,Corrolla Altis,2006,140000,1800000,Petrol,Sindh,Original,Imported,Automatic,20,6666.666666666667
Toyota,Corolla GLI,2009,121000,2400000,Petrol,Lahore,Original,Local,Manual,17,6722.222222222223
Hyundai,Santro,2004,60000,780000,Petrol,Lahore,Original,Local,Manual,22,2608.695652173913
Suzuki,Alto,2015,120000,2400000,Petrol,Karachi,Original,Imported,Automatic,11,10000.0
Daihatsu,Cuore,2003,231498,600000,Petrol,Karachi,Original,Local,Manual,23,9645.75
Honda,City IDSI,2001,121500,950000,Petrol,Faisalabad,Original,Imported,Manual,25,4673.076923076923
Suzuki,Wagon R,2019,72000,2349000,Petrol,Islamabad,Original,Local,Manual,7,9000.0
Toyota,Corolla GLI,2018,121000,4200000,Petrol,Lahore,Original,Local,Automatic,8,13444.444444444445
Daihatsu,Mira,2007,140000,1350000,Petrol,Islamabad,Original,Imported,Automatic,19,7000.0
Suzuki,Swift,2018,88000,2300000,Petrol,Sindh,Original,Local,Manual,8,9777.777777777777
Daihatsu,Cuore,2010,102000,900000,Petrol,Karachi,Original,Local,Manual,16,6000.0
Suzuki,Every,2017,155000,2350000,Petrol,Unregistered,Original,Imported,Automatic,9,15500.0
Hyundai,Santro,2006,100000,990000,Petrol,Lahore,Original,Local,Manual,20,4761.9047619047615
Daihatsu,Mira,2015,141000,2230000,Petrol,Karachi,Original,Imported,Automatic,11,11750.0
Toyota,Corolla XLI,2008,200000,1650000,Petrol,Karachi,Original,Local,Manual,18,10526.315789473685
Suzuki,Alto,2005,10000,550000,Petrol,Karachi,Original,Local,Manual,21,454.54545454545456
Toyota,Corolla XLI,2006,100000,2050000,Petrol,Islamabad,Original,Local,Manual,20,4761.9047619047615
Suzuki,Bolan,2003,425180,650000,Petrol,Faisalabad,Original,Local,Manual,23,17715.833333333332
Toyota,Corolla GLI,2017,96000,3800000,Petrol,Karachi,Original,Local,Automatic,9,9600.0
KIA,Classic,2005,145000,435000,Petrol,Islamabad,Original,Imported,Manual,21,6590.909090909091
Toyota,Altis Grande,2015,99000,4050000,Petrol,Lahore,Original,Local,Automatic,11,8250.0
Daihatsu,Move,2017,71000,2890000,Petrol,Lahore,Original,Imported,Automatic,9,7100.0
Daihatsu,Mira,2014,85000,2610000,Petrol,Islamabad,Original,Imported,Automatic,12,6538.461538461538
Daihatsu,Cuore,2006,176708,700000,Petrol,Lahore,Original,Local,Manual,20,8414.666666666666
Toyota,Corolla GLI,2008,142000,1800000,Petrol,Karachi,Original,Local,Manual,18,7473.684210526316
Suzuki,Every,2016,65000,2380000,Petrol,Lahore,Original,Imported,Automatic,10,5909.090909090909
Hyundai,Santro,2004,123000,780000,Petrol,Karachi,Original,Local,Manual,22,5347.826086956522
Suzuki,Wagon R,2018,76400,2400000,Petrol,Islamabad,Original,Local,Manual,8,8488.888888888889
Toyota,Corrolla Altis,2020,40000,3900000,Petrol,Sindh,Original,Imported,Automatic,6,5714.285714285715
Chevrolet,Exclusive,2005,123456,575000,Petrol,Sindh,Original,Imported,Manual,21,5611.636363636364
Suzuki,Cultus VXR,2022,49000,3285000,Petrol,Lahore,Original,Local,Manual,4,9800.0
Suzuki,Alto,2004,99000,640000,Petrol,Karachi,Original,Local,Manual,22,4304.347826086957
Suzuki,Alto,2021,37000,2510000,Petrol,Karachi,Original,Local,Automatic,5,6166.666666666667
Toyota,Corolla XLI,2010,123456,2015000,Petrol,Lahore,Original,Local,Manual,16,7262.117647058823
Honda,Civic Prosmetic,2010,130000,2250000,Petrol,Karachi,Original,Imported,Automatic,16,7647.058823529412
Toyota,Corolla XLI,2006,1111,1650000,Petrol,Lahore,Original,Local,Manual,20,52.904761904761905
Toyota,Yaris,2022,41000,4700000,Petrol,Punjab,Original,Local,Automatic,4,8200.0
Daihatsu,Mira,2019,39000,3400000,Petrol,Sindh,Original,Imported,Automatic,7,4875.0
Daihatsu,Hijet,2011,81500,1550000,Petrol,Karachi,Original,Imported,Automatic,15,5093.75
Toyota,Passo,2012,136000,2520000,Petrol,Islamabad,Original,Imported,Automatic,14,9066.666666666666
Chevrolet,Joy,2007,197000,985000,Petrol,Jhelum,Original,Imported,Manual,19,9850.0
Honda,City IVTEC,2011,210000,2500000,Petrol,Lahore,Original,Local,Manual,15,13125.0
Suzuki,Baleno,2000,200000,590000,Petrol,Karachi,Original,Imported,Manual,26,7407.407407407408
Toyota,Corrolla Altis,2008,131272,2400000,Petrol,Lahore,Original,Local,Automatic,18,6909.0526315789475
Toyota,Yaris,2020,48000,4249000,Petrol,Rawalpindi,Original,Local,Automatic,6,6857.142857142857
Suzuki,Bolan,2014,60000,1250000,Petrol,Lahore,Original,Imported,Manual,12,4615.384615384615
Hyundai,Santro,2007,138765,999999,Petrol,Lahore,Original,Local,Manual,19,6938.25
Daihatsu,Mira,2013,96000,2050000,Petrol,Karachi,Original,Imported,Automatic,13,6857.142857142857
Suzuki,Bolan,2016,80000,1200000,Petrol,Lahore,Original,Local,Manual,10,7272.727272727273
Toyota,Corolla XLI,2011,200000,2380000,Petrol,Lahore,Original,Imported,Manual,15,12500.0
Hyundai,Santro,2006,95632,845000,Petrol,Faisalabad,Original,Local,Manual,20,4553.9047619047615
Honda,Civic Oriel,2013,85000,3620000,Petrol,Islamabad,Original,Local,Manual,13,6071.428571428572
Toyota,Corrolla Altis,2016,95000,3790000,Petrol,Sindh,Original,Local,Automatic,10,8636.363636363636
Suzuki,Mehran VXR,2004,90520,550000,Petrol,Lahore,Original,Imported,Manual,22,3935.6521739130435
Daihatsu,Mira,2016,120000,2250000,Petrol,Karachi,Original,Imported,Automatic,10,10909.09090909091
Daihatsu,Mira,2015,98000,2400000,Petrol,Multan,Original,Imported,Automatic,11,8166.666666666667
Toyota,Corolla XLI,2017,179000,3475000,Petrol,Lahore,Original,Local,Manual,9,17900.0
Toyota,Altis Grande,2015,114000,3910000,Petrol,Lahore,Original,Local,Automatic,11,9500.0
Daihatsu,Cuore,2009,48000,1100000,Petrol,Lahore,Original,Imported,Manual,17,2666.6666666666665
Suzuki,Ravi,2013,91000,750000,Petrol,Sindh,Original,Local,Manual,13,6500.0
Daihatsu,Hijet,2015,115000,1700000,Petrol,Karachi,Original,Imported,Automatic,11,9583.333333333334
Honda,Civic Prosmetic,2001,160000,1370000,Petrol,Lahore,Original,Local,Automatic,25,6153.846153846154
Toyota,Corrolla Altis,2016,90000,4080000,Petrol,Lahore,Original,Local,Automatic,10,8181.818181818182
Daihatsu,Cuore,2004,234567,510000,Petrol,Faisalabad,Original,Imported,Manual,22,10198.565217391304
Suzuki,Alto,2007,138686,920000,Petrol,Karachi,Original,Local,Automatic,19,6934.3
Daihatsu,Cuore,2004,110500,575000,Petrol,Karachi,Original,Local,Manual,22,4804.347826086957
Changan,Karvaan,2022,7000,2450000,Petrol,Karachi,Original,Imported,Manual,4,1400.0
Honda,City IVTEC,2018,38000,4200000,Petrol,Lahore,Original,Local,Automatic,8,4222.222222222223
Honda,City Vario,2004,265019,1400000,Petrol,Karachi,Original,Local,Manual,22,11522.565217391304
KIA,Sportage,2002,17044,1480000,Petrol,Punjab,Original,Imported,Manual,24,681.76
Chevrolet,Joy,2011,120000,1050000,Petrol,Karachi,Original,Imported,Manual,15,7500.0
Toyota,Corolla XLI,2005,123456,1700000,Petrol,Karachi,Original,Local,Manual,21,5611.636363636364
Suzuki,Bolan,2014,70000,1125000,Petrol,Lahore,Original,Local,Manual,12,5384.615384615385
KIA,Classic,2001,200000,390000,Petrol,Lahore,Original,Local,Manual,25,7692.307692307692
Honda,City Aspire,2020,83900,4350000,Petrol,Punjab,Original,Local,Automatic,6,11985.714285714286
Toyota,Corrolla Altis,2003,152000,1700000,Petrol,Karachi,Original,Local,Manual,23,6333.333333333333
Daihatsu,Cuore,2009,99000,1150000,Petrol,Lahore,Original,Local,Automatic,17,5500.0
Honda,City IVTEC,2018,130000,3600000,Petrol,Karachi,Original,Local,Manual,8,14444.444444444445
Suzuki,Alto,2005,200000,675000,Petrol,Karachi,Original,Imported,Manual,21,9090.90909090909
Mitsubishi,Lancer,2005,150000,1275000,Petrol,Islamabad,Duplicate,Imported,Automatic,21,6818.181818181818
Suzuki,Every,2011,10000,1030000,Petrol,Lahore,Original,Imported,Manual,15,625.0
Hyundai,Santro,2008,168000,1275000,Petrol,Lahore,Original,Local,Manual,18,8842.105263157895
Suzuki,Cultus VXR,2006,70374,750000,Petrol,Lahore,Original,Local,Manual,20,3351.1428571428573
KIA,Picanto,2020,21567,3100000,Petrol,Lahore,Original,Imported,Automatic,6,3081.0
Daihatsu,Hijet,2014,86000,1640000,Petrol,Karachi,Original,Imported,Automatic,12,6615.384615384615
Suzuki,Alto,2022,15200,2565000,Petrol,Islamabad,Original,Local,Manual,4,3040.0
Toyota,Yaris,2021,25000,4250000,Petrol,Hyderabad,Original,Imported,Automatic,5,4166.666666666667
Honda,Civic Oriel,2016,105000,4450000,Petrol,Lahore,Original,Local,Automatic,10,9545.454545454546
Suzuki,Bolan,2007,4056,730000,CNG,Sialkot,Original,Local,Manual,19,202.8
Daihatsu,Cuore,2007,123456,800000,Petrol,Lahore,Original,Local,Manual,19,6172.8
Daihatsu,Mira,2017,72000,2850000,Petrol,Punjab,Original,Imported,Automatic,9,7200.0
Suzuki,Bolan,2017,85000,1020000,Petrol,Karachi,Original,Local,Manual,9,8500.0
Mitsubishi,Pajero Mini,2006,160000,1025000,Petrol,Lahore,Original,Local,Manual,20,7619.047619047619
Hyundai,Santro,2005,50000,925000,Petrol,Karachi,Original,Imported,Manual,21,2272.7272727272725
Suzuki,Baleno,2000,255000,1032000,Petrol,Lahore,Original,Imported,Manual,26,9444.444444444445
Honda,City IVTEC,2013,87000,2485000,Petrol,Lahore,Original,Local,Manual,13,6214.285714285715
Suzuki,Wagon R,2017,66500,1995000,Petrol,Lahore,Original,Imported,Manual,9,6650.0
Hyundai,Santro,2006,75500,853000,Petrol,Faisalabad,Original,Local,Manual,20,3595.2380952380954
Honda,Civic Oriel,2003,130000,1380000,Petrol,Sindh,Original,Imported,Manual,23,5416.666666666667
Suzuki,Mehran VXR,2010,57000,960000,Petrol,Lahore,Original,Local,Manual,16,3352.9411764705883
Honda,Civic Prosmetic,2015,101000,3599999,Petrol,Lahore,Original,Imported,Automatic,11,8416.666666666666
Honda,City Aspire,2021,38000,3800000,Petrol,Karachi,Original,Local,Automatic,5,6333.333333333333
Suzuki,Wagon R,2021,75000,2800000,Petrol,Karachi,Original,Local,Manual,5,12500.0
Daihatsu,Mira,2012,71000,1970000,Petrol,Lahore,Original,Imported,Automatic,14,4733.333333333333
Honda,Civic Prosmetic,2013,130000,3550000,Petrol,Lahore,Original,Imported,Automatic,13,9285.714285714286
Daihatsu,Move,2015,103675,2999999,Petrol,Islamabad,Original,Imported,Automatic,11,8639.583333333334
Toyota,Corolla GLI,2012,150000,2800000,Petrol,Lahore,Original,Imported,Automatic,14,10000.0
Chevrolet,Exclusive,2003,158000,580000,Petrol,Karachi,Original,Imported,Manual,23,6583.333333333333
Toyota,Corolla XLI,2013,109500,2500000,Petrol,Lahore,Original,Local,Manual,13,7821.428571428572
Toyota,Passo,2015,80000,2750000,Petrol,Islamabad,Original,Imported,Automatic,11,6666.666666666667
FAW,V2,2018,84000,1365000,Petrol,Karachi,Original,Imported,Manual,8,9333.333333333334
Honda,Civic Prosmetic,2008,97000,2700000,Petrol,Islamabad,Original,Imported,Automatic,18,5105.263157894737
Honda,Civic Prosmetic,2008,200000,2425000,Petrol,Islamabad,Original,Local,Automatic,18,10526.315789473685
FAW,V2,2019,118000,1500000,Petrol,Karachi,Original,Local,Manual,7,14750.0
Daihatsu,Mira,2014,119000,2460000,Petrol,Karachi,Original,Imported,Automatic,12,9153.846153846154
Suzuki,Cultus VXR,2015,110000,1445000,Petrol,Lahore,Original,Local,Manual,11,9166.666666666666
Honda,City Aspire,2001,100000,810000,Petrol,Lahore,Original,Imported,Manual,25,3846.153846153846
Suzuki,Bolan,2013,50000,800000,Petrol,Gujranwala,Original,Local,Manual,13,3571.4285714285716
Suzuki,Cultus VXR,2007,120000,780000,Petrol,Lahore,Original,Local,Manual,19,6000.0
Hyundai,Santro,2004,200000,850000,Petrol,Karachi,Original,Imported,Manual,22,8695.652173913044
Suzuki,Swift,2016,252000,2075000,Petrol,Multan,Original,Local,Manual,10,22909.090909090908
Honda,Civic Prosmetic,2009,97000,1800000,Petrol,Sindh,Original,Local,Automatic,17,5388.888888888889
Daihatsu,Mira,2018,90000,3275000,Petrol,Karachi,Original,Imported,Automatic,8,10000.0
Suzuki,Bolan,2020,26000,1550000,Petrol,Lahore,Original,Local,Manual,6,3714.285714285714
Toyota,Corrolla Altis,2008,72000,2950000,Petrol,Islamabad,Original,Imported,Automatic,18,3789.4736842105262
Mitsubishi,Lancer,2014,150000,2100000,Petrol,Lahore,Original,Imported,Automatic,12,11538.461538461539
Daihatsu,Hijet,2017,140000,1350000,Petrol,Lahore,Original,Imported,Automatic,9,14000.0
Suzuki,Mehran VXR,2008,70000,550000,Petrol,Lahore,Original,Local,Manual,18,3684.2105263157896
Suzuki,Wagon R,2018,60000,2050000,Petrol,Karachi,Original,Local,Manual,8,6666.666666666667
Toyota,Corolla XLI,2006,250000,1380000,Petrol,Lahore,Original,Local,Manual,20,11904.761904761905
Daihatsu,Move,2014,93000,2590000,Petrol,Lahore,Original,Imported,Automatic,12,7153.846153846154
Daihatsu,Mira,2014,93000,2085000,Petrol,Sindh,Original,Imported,Automatic,12,7153.846153846154
Suzuki,Baleno,2003,250000,952000,Petrol,Lahore,Original,Local,Manual,23,10416.666666666666
Toyota,Altis Grande,2015,116000,4100000,Petrol,Islamabad,Original,Local,Automatic,11,9666.666666666666
Honda,City Aspire,2016,92000,2495000,Petrol,Karachi,Original,Local,Manual,10,8363.636363636364
Suzuki,Cultus VXR,2001,20000,500000,Petrol,Karachi,Original,Local,Manual,25,769.2307692307693
KIA,Spectra,2002,12345,730000,Petrol,Lahore,Original,Imported,Manual,24,493.8
Daihatsu,Cuore,2003,1000,625000,Petrol,Lahore,Original,Local,Manual,23,41.666666666666664
Suzuki,Bolan,2004,68000,590000,Petrol,Rawalpindi,Original,Local,Manual,22,2956.521739130435
Honda,City IDSI,2007,170000,1450000,Petrol,Sindh,Original,Local,Manual,19,8500.0
Toyota,Corolla XLI,2014,170000,2350000,Petrol,Karachi,Original,Local,Manual,12,13076.923076923076
FAW,X-PV,2016,80000,890000,Petrol,Lahore,Original,Imported,Manual,10,7272.727272727273
KIA,Picanto,2022,16000,2650000,Petrol,Karachi,Original,Local,Manual,4,3200.0
Suzuki,Swift,2022,8000,4400000,Petrol,Larkana,Original,Local,Automatic,4,1600.0
Honda,Civic Prosmetic,2009,135000,2350000,Petrol,Sahiwal,Original,Local,Automatic,17,7500.0
Suzuki,Mehran VXR,2015,95000,1150000,Petrol,Islamabad,Original,Local,Manual,11,7916.666666666667
Toyota,Corolla XLI,2007,184000,1530000,Petrol,Islamabad,Original,Local,Manual,19,9200.0
Toyota,Corolla XLI,2011,250000,2280000,Petrol,Islamabad,Original,Local,Manual,15,15625.0
Mitsubishi,Ek Wagon,2014,50000,1900000,Petrol,Multan,Original,Imported,Automatic,12,3846.153846153846
Suzuki,Mehran VXR,2007,9999,600000,Petrol,Lahore,Original,Local,Manual,19,499.95
Toyota,Corolla GLI,2009,150000,2100000,Petrol,Lahore,Original,Local,Manual,17,8333.333333333334
Suzuki,Ravi,2006,100000,1500000,Petrol,Karachi,Original,Imported,Manual,20,4761.9047619047615
Honda,City IVTEC,2018,135000,3400000,Petrol,Lahore,Original,Local,Automatic,8,15000.0
Suzuki,Mehran VXR,2020,65000,1250000,Petrol,Lahore,Original,Local,Manual,6,9285.714285714286
Honda,City IDSI,2008,92000,1750000,Petrol,Sindh,Original,Imported,Manual,18,4842.105263157895
Honda,City IVTEC,2020,58000,4000000,Petrol,Islamabad,Original,Imported,Manual,6,8285.714285714286
Honda,City IVTEC,2004,165000,1560000,Petrol,Sindh,Original,Local,Automatic,22,7173.913043478261
Suzuki,Alto,2005,100000,825000,Petrol,Islamabad,Original,Imported,Manual,21,4545.454545454545
Suzuki,Every,2011,130000,1400000,Petrol,Karachi,Original,Imported,Automatic,15,8125.0
Honda,City IVTEC,2009,180000,2075000,Petrol,Lahore,Original,Local,Manual,17,10000.0
Daihatsu,Terios Kid,2000,100000,1175000,Petrol,Karachi,Original,Imported,Automatic,26,3703.703703703704
Suzuki,Wagon R,2020,96000,2075000,Petrol,Lahore,Original,Local,Manual,6,13714.285714285714
Suzuki,Ravi,2015,80000,1000000,Petrol,Rawalpindi,Original,Local,Manual,11,6666.666666666667
Mitsubishi,Lancer,2005,100000,1400000,Petrol,Lahore,Original,Imported,Manual,21,4545.454545454545
Honda,City Vario,2001,200000,1050000,Petrol,Lahore,Original,Local,Automatic,25,7692.307692307692
Honda,City IVTEC,2010,100000,2450000,Petrol,Lahore,Original,Imported,Manual,16,5882.35294117647
Suzuki,Mehran VXR,2017,10000,1150000,Petrol,Islamabad,Original,Local,Manual,9,1000.0
Suzuki,Cultus VXR,2008,89000,850000,Petrol,Karachi,Original,Local,Manual,18,4684.210526315789
Honda,City IVTEC,2002,136850,900000,Petrol,Karachi,Original,Imported,Manual,24,5474.0
Suzuki,Every,2017,10000,1750000,Petrol,Lahore,Original,Imported,Automatic,9,1000.0
Honda,City IDSI,2005,123456,1200000,Petrol,Karachi,Original,Local,Manual,21,5611.636363636364
Suzuki,Mehran VXR,2007,47700,730000,Petrol,Islamabad,Original,Local,Manual,19,2385.0
Daihatsu,Hijet,2013,135000,1500000,Petrol,Karachi,Original,Imported,Automatic,13,9642.857142857143
Honda,City IDSI,2006,99999,1580000,Petrol,Sindh,Original,Imported,Manual,20,4761.857142857143
Suzuki,Alto,2012,150000,1250000,Petrol,Islamabad,Original,Local,Manual,14,10000.0
Suzuki,Wagon R,2017,55000,2350000,Petrol,Lahore,Original,Local,Manual,9,5500.0
Suzuki,Cultus VXR,2016,98000,1530000,Petrol,Karachi,Original,Local,Manual,10,8909.09090909091
Suzuki,Ravi,2014,93000,820000,Petrol,Islamabad,Original,Local,Manual,12,7153.846153846154
Daihatsu,Move,2020,13000,3700000,Petrol,Karachi,Original,Imported,Automatic,6,1857.142857142857
Suzuki,Mehran VXR,2019,55000,1200000,Petrol,Bahawalnagar,Original,Local,Manual,7,6875.0
Suzuki,Every,2011,108800,1495000,Petrol,Karachi,Original,Imported,Automatic,15,6800.0
Suzuki,Swift,2019,26000,2795000,Petrol,Islamabad,Original,Local,Manual,7,3250.0
Daihatsu,Move,2013,91000,1950000,Petrol,Lahore,Original,Imported,Automatic,13,6500.0
Hyundai,Santro,2006,110000,965000,Petrol,Lahore,Original,Local,Manual,20,5238.0952380952385
Honda,City Aspire,2004,216000,1590000,Petrol,Lahore,Original,Local,Manual,22,9391.304347826086
Toyota,Corolla GLI,2015,100000,3200000,Petrol,Karachi,Original,Local,Automatic,11,8333.333333333334
Suzuki,Alto,2002,58000,815000,Petrol,Karachi,Original,Local,Manual,24,2320.0
Suzuki,Cultus VXR,2013,80000,1300000,Petrol,Lahore,Original,Local,Manual,13,5714.285714285715
Suzuki,Alto,2005,60000,710000,CNG,Karachi,Original,Local,Manual,21,2727.2727272727275
Honda,City Aspire,2016,129000,3400000,Petrol,Lahore,Original,Imported,Automatic,10,11727.272727272728
Suzuki,Alto,2017,97500,2400000,Petrol,Karachi,Original,Imported,Automatic,9,9750.0
Suzuki,Every,2008,250000,1340000,Petrol,Sindh,Original,Imported,Automatic,18,13157.894736842105
Daihatsu,Cuore,2003,5000,790000,Petrol,Mirpur,Duplicate,Local,Automatic,23,208.33333333333334
Changan,Alsvin,2022,43000,3500000,Petrol,Punjab,Original,Local,Automatic,4,8600.0
Suzuki,Bolan,2012,100000,775000,CNG,Lahore,Original,Local,Manual,14,6666.666666666667
Toyota,Yaris,2021,15000,4300000,Petrol,Karachi,Original,Local,Automatic,5,2500.0
Toyota,Yaris,2022,23000,4350000,Petrol,Lahore,Original,Local,Automatic,4,4600.0
Honda,Civic Oriel,2007,142000,1810000,Petrol,Karachi,Original,Local,Manual,19,7100.0
Suzuki,Mehran VXR,2010,150000,880000,CNG,Islamabad,Original,Local,Manual,16,8823.529411764706
Honda,Civic Prosmetic,2005,178000,1390000,Petrol,Karachi,Original,Local,Automatic,21,8090.909090909091
Toyota,Corolla GLI,2015,80000,3150000,Petrol,Karachi,Original,Local,Manual,11,6666.666666666667
Mitsubishi,Lancer,2006,200000,1715000,Petrol,Islamabad,Original,Imported,Automatic,20,9523.809523809523
Toyota,Passo,2022,105000,4600000,Petrol,Islamabad,Original,Imported,Automatic,4,21000.0
Hyundai,Santro,2006,140000,950000,Petrol,Lahore,Original,Imported,Manual,20,6666.666666666667
Suzuki,Bolan,2017,35000,1450000,Petrol,Islamabad,Original,Local,Manual,9,3500.0
Suzuki,Alto,2022,27900,2460000,Petrol,Punjab,Original,Local,Manual,4,5580.0
Hyundai,Santro,2014,148000,1400000,Petrol,Lahore,Original,Imported,Manual,12,11384.615384615385
Toyota,Corolla GLI,2013,90000,2400000,Petrol,Multan,Original,Local,Manual,13,6428.571428571428
Honda,City IVTEC,2009,148000,2250000,Petrol,Lahore,Original,Local,Manual,17,8222.222222222223
Honda,Civic Prosmetic,2008,95000,2250000,Petrol,Karachi,Original,Local,Automatic,18,5000.0
Toyota,Yaris,2020,55000,4000000,Petrol,Karachi,Original,Local,Manual,6,7857.142857142857
Suzuki,Alto,2011,80000,890000,Petrol,Karachi,Original,Local,Manual,15,5000.0
FAW,X-PV,2015,123456,780000,Petrol,Lahore,Original,Local,Manual,11,10288.0
Toyota,Corolla XLI,2017,156480,3310000,Petrol,Lahore,Original,Local,Manual,9,15648.0
Honda,City IVTEC,2022,11000,4550000,Petrol,Karachi,Original,Local,Automatic,4,2200.0
Honda,City IVTEC,2015,106000,2790000,Petrol,Karachi,Original,Local,Manual,11,8833.333333333334
Changan,Karvaan,2021,26000,2400000,Petrol,Punjab,Original,Imported,Manual,5,4333.333333333333
Suzuki,Cultus VXR,2004,99999,650000,Petrol,Karachi,Original,Local,Manual,22,4347.782608695652
Suzuki,Bolan,2007,24570,800000,Petrol,Rawalpindi,Original,Imported,Manual,19,1228.5
Daihatsu,Hijet,2014,175000,1650000,Petrol,Lahore,Original,Imported,Automatic,12,13461.538461538461
Suzuki,Bolan,2022,37766,1850000,Petrol,Gujranwala,Original,Local,Manual,4,7553.2
Daihatsu,Cuore,2004,10000,520000,Petrol,Karachi,Original,Local,Manual,22,434.7826086956522
Suzuki,Alto,2010,165200,1150000,Petrol,Lahore,Original,Local,Manual,16,9717.64705882353
Suzuki,Wagon R,2018,86000,2300000,Petrol,Islamabad,Original,Local,Manual,8,9555.555555555555
Honda,City IDSI,2002,12345,945000,Petrol,Lahore,Original,Local,Manual,24,493.8
Toyota,Corolla GLI,2015,114000,3390000,Petrol,Karachi,Original,Local,Automatic,11,9500.0
Toyota,Corrolla Altis,2004,182000,1825000,Petrol,Karachi,Original,Local,Manual,22,7913.04347826087
Toyota,Corrolla Altis,2017,120000,4250000,Petrol,Lahore,Original,Imported,Automatic,9,12000.0
Honda,City IVTEC,2015,131500,2790000,Petrol,Islamabad,Original,Local,Manual,11,10958.333333333334
Toyota,Corolla GLI,2018,95000,3800000,Petrol,Lahore,Original,Local,Manual,8,10555.555555555555
Suzuki,Swift,2021,50000,2950000,Petrol,Islamabad,Original,Imported,Manual,5,8333.333333333334
Suzuki,Swift,2014,83000,1990000,Petrol,Lahore,Original,Imported,Manual,12,6384.615384615385
Suzuki,Cultus VXR,2006,200000,525000,CNG,Karachi,Original,Local,Manual,20,9523.809523809523
Hyundai,Santro,2006,1234,825000,Petrol,Lahore,Original,Local,Manual,20,58.76190476190476
Toyota,Corolla GLI,2008,339000,1800000,Petrol,Lahore,Original,Local,Manual,18,17842.105263157893
Suzuki,Mehran VXR,2018,75000,1265000,Petrol,Islamabad,Original,Local,Manual,8,8333.333333333334
Suzuki,Alto,2008,199999,900000,Petrol,Sindh,Original,Local,Manual,18,10526.263157894737
Suzuki,Wagon R,2020,55000,2550000,Petrol,Lahore,Original,Local,Manual,6,7857.142857142857
Mitsubishi,Minica,2017,64000,1450000,Petrol,Lahore,Original,Imported,Automatic,9,6400.0
Honda,City Aspire,2010,50000,2050000,Petrol,Islamabad,Original,Local,Manual,16,2941.176470588235
Suzuki,Baleno,2003,75000,910000,Petrol,Karachi,Original,Imported,Automatic,23,3125.0
Toyota,Yaris,2021,21500,4550000,Petrol,Islamabad,Original,Local,Automatic,5,3583.3333333333335
Suzuki,Cultus VXR,2006,210000,735000,Petrol,Lahore,Original,Local,Manual,20,10000.0
Hyundai,Santro,2004,98000,940000,Petrol,Punjab,Original,Local,Manual,22,4260.869565217391
Suzuki,Alto,2012,78859,990000,Petrol,Karachi,Original,Local,Manual,14,5257.266666666666
Hyundai,Santro,2007,98000,1050000,Petrol,Rawalpindi,Original,Local,Manual,19,4900.0
Toyota,Corolla GLI,2008,200838,2000000,Petrol,Karachi,Original,Local,Manual,18,10570.421052631578
Toyota,Passo,2010,136000,2495000,Petrol,Islamabad,Original,Imported,Automatic,16,8000.0
Suzuki,Every,2022,70000,2200000,Petrol,Lahore,Original,Imported,Automatic,4,14000.0
Honda,City Aspire,2015,136000,2890000,Petrol,Islamabad,Original,Local,Manual,11,11333.333333333334
KIA,Spectra,2001,50000,1200000,Petrol,Lahore,Original,Imported,Automatic,25,1923.076923076923
KIA,Picanto,2021,52000,2990000,Petrol,Punjab,Original,Local,Automatic,5,8666.666666666666
Suzuki,Cultus VXR,2013,65000,1495000,Petrol,Rawalpindi,Original,Local,Manual,13,4642.857142857143
Honda,Civic Prosmetic,2002,150000,1250000,CNG,Karachi,Original,Imported,Automatic,24,6000.0
FAW,X-PV,2017,100000,870000,Petrol,Lahore,Original,Local,Manual,9,10000.0
Suzuki,Swift,2016,133000,2290000,Petrol,Lahore,Original,Local,Manual,10,12090.90909090909
Toyota,Corrolla Altis,2012,125000,2750000,Petrol,Karachi,Original,Local,Manual,14,8333.333333333334
Changan,Karvaan,2021,15000,2400000,Petrol,Islamabad,Original,Local,Manual,5,2500.0
Mitsubishi,Lancer,2006,140000,1250000,Petrol,Lahore,Original,Imported,Automatic,20,6666.666666666667
Toyota,Corolla XLI,2012,1234,1830000,Petrol,Karachi,Original,Local,Manual,14,82.26666666666667
Toyota,Corolla GLI,2018,46000,4600000,Petrol,Islamabad,Original,Local,Automatic,8,5111.111111111111
Daihatsu,Hijet,2007,145000,950000,Petrol,Lahore,Original,Imported,Automatic,19,7250.0
Daihatsu,Cuore,2003,12345,750000,CNG,Faisalabad,Original,Imported,Manual,23,514.375
Suzuki,Wagon R,2016,49000,2000000,Petrol,Lahore,Original,Local,Manual,10,4454.545454545455
Daihatsu,Cuore,2007,12345,698000,Petrol,Karachi,Original,Local,Manual,19,617.25
Suzuki,Wagon R,2018,1000,2050000,Petrol,Lahore,Original,Local,Manual,8,111.11111111111111
FAW,X-PV,2017,100000,1080000,Petrol,Islamabad,Original,Local,Manual,9,10000.0
Suzuki,Mehran VXR,2017,86000,1315000,Petrol,Faisalabad,Original,Local,Manual,9,8600.0
Toyota,Corolla GLI,2014,103500,2950000,Petrol,Sindh,Original,Local,Manual,12,7961.538461538462
Suzuki,Alto,2010,102000,835000,Petrol,Karachi,Original,Local,Manual,16,6000.0
Honda,Civic Oriel,2017,75000,4860000,Petrol,Punjab,Original,Local,Automatic,9,7500.0
Suzuki,Alto,2007,1010,680000,Petrol,Lahore,Original,Local,Manual,19,50.5
Changan,Alsvin,2021,56500,3750000,Petrol,Faisalabad,Original,Local,Automatic,5,9416.666666666666
Suzuki,Baleno,2001,288888,910000,CNG,Swabi,Original,Local,Manual,25,11111.076923076924
Suzuki,Bolan,2021,23000,1750000,CNG,Punjab,Original,Imported,Manual,5,3833.3333333333335
Honda,City Aspire,2017,50000,3350000,Petrol,Karachi,Original,Local,Manual,9,5000.0
Toyota,Passo,2011,140000,2100000,Petrol,Karachi,Original,Imported,Automatic,15,8750.0
Toyota,Yaris,2021,87000,4150000,Petrol,Punjab,Original,Local,Manual,5,14500.0
Honda,Civic Prosmetic,2006,12345,1550000,Petrol,Karachi,Original,Local,Automatic,20,587.8571428571429
Toyota,Passo,2016,80000,3100000,Petrol,Islamabad,Original,Imported,Automatic,10,7272.727272727273
Honda,City IVTEC,2015,84000,3450000,Petrol,Lahore,Original,Local,Automatic,11,7000.0
Hyundai,Santro,2006,100000,770000,Petrol,Sialkot,Original,Local,Manual,20,4761.9047619047615
Suzuki,Bolan,2003,35000,625000,Petrol,Sialkot,Original,Imported,Manual,23,1458.3333333333333
Hyundai,Santro,2006,98000,980000,Petrol,Lahore,Original,Local,Manual,20,4666.666666666667
Toyota,Corolla GLI,2011,130000,2650000,Petrol,Islamabad,Original,Local,Manual,15,8125.0
Honda,Civic Prosmetic,2016,132000,4350000,Petrol,Lahore,Original,Local,Automatic,10,12000.0
Toyota,Corolla XLI,2009,123456,1850000,Petrol,Islamabad,Original,Local,Manual,17,6858.666666666667
Toyota,Corrolla Altis,2010,165000,2675000,Petrol,Islamabad,Original,Imported,Automatic,16,9705.882352941177
Honda,City IDSI,2003,132000,820000,Petrol,Sindh,Original,Imported,Manual,23,5500.0
Daihatsu,Mira,2003,32000,1250000,Petrol,Lahore,Original,Imported,Automatic,23,1333.3333333333333
Daihatsu,Cuore,2008,160000,950000,Petrol,Lahore,Original,Imported,Manual,18,8421.052631578947
Suzuki,Swift,2012,115000,2000000,Petrol,Lahore,Original,Local,Automatic,14,7666.666666666667
Toyota,Altis Grande,2013,374545,3250000,Petrol,Islamabad,Original,Local,Automatic,13,26753.214285714286
Honda,Civic Prosmetic,2007,108154,1950000,Petrol,Karachi,Original,Local,Automatic,19,5407.7
Suzuki,Cultus VXR,2010,145873,990000,Petrol,Lahore,Original,Local,Manual,16,8580.764705882353
Daihatsu,Hijet,2017,141000,2050000,Petrol,Unregistered,Original,Imported,Automatic,9,14100.0
Changan,Alsvin,2021,42000,3175000,Petrol,Bahawalpur,Original,Local,Manual,5,7000.0
Toyota,Passo,2019,31000,3799999,Petrol,Karachi,Original,Imported,Automatic,7,3875.0
Suzuki,Baleno,2003,263000,1350000,Petrol,Islamabad,Original,Local,Manual,23,10958.333333333334
Toyota,Corolla XLI,2014,150000,2500000,Petrol,Lahore,Original,Imported,Manual,12,11538.461538461539
Suzuki,Cultus VXR,2007,89000,960000,Petrol,Lahore,Original,Local,Manual,19,4450.0
Mitsubishi,Ek Wagon,2017,103000,1835000,Petrol,Lahore,Original,Imported,Automatic,9,10300.0
KIA,Picanto,2023,12000,1900000,Petrol,Islamabad,Original,Imported,Automatic,3,3000.0
KIA,Picanto,2021,34000,3300000,Petrol,Sindh,Original,Imported,Automatic,5,5666.666666666667
Mitsubishi,Ek Wagon,2016,66000,2250000,Petrol,Lahore,Original,Imported,Automatic,10,6000.0
Daihatsu,Cuore,2004,98000,870000,Petrol,Karachi,Original,Local,Automatic,22,4260.869565217391
Toyota,Yaris,2007,160000,2050000,Petrol,Lahore,Original,Imported,Automatic,19,8000.0
Suzuki,Bolan,2018,62100,1550000,Petrol,Lahore,Original,Local,Manual,8,6900.0
Toyota,Corrolla Altis,2017,123456,4500000,Petrol,Sindh,Original,Local,Automatic,9,12345.6
KIA,Picanto,2020,24800,2650000,Petrol,Karachi,Original,Local,Automatic,6,3542.8571428571427
KIA,Picanto,2020,3200,3350000,Petrol,Karachi,Original,Imported,Automatic,6,457.14285714285717
Honda,Civic Oriel,2013,140000,3280000,Petrol,Islamabad,Original,Local,Manual,13,10000.0
Suzuki,Cultus VXR,2010,58000,1140000,Petrol,Lahore,Original,Local,Manual,16,3411.764705882353
Suzuki,Mehran VXR,2016,58000,1020000,Petrol,Lahore,Original,Local,Manual,10,5272.727272727273
Daihatsu,Mira,2015,73000,2540000,Petrol,Lahore,Original,Imported,Automatic,11,6083.333333333333
Suzuki,Wagon R,2019,53000,2500000,Petrol,Sindh,Original,Local,Manual,7,6625.0
Changan,Alsvin,2021,53000,3550000,Petrol,Punjab,Original,Local,Automatic,5,8833.333333333334
Honda,City IVTEC,2020,87000,3800000,Petrol,Lahore,Original,Local,Manual,6,12428.57142857143
Suzuki,Swift,2018,165000,2400000,Petrol,Islamabad,Original,Local,Manual,8,18333.333333333332
Daihatsu,Mira,2012,120000,2090000,Petrol,Punjab,Original,Imported,Automatic,14,8000.0
Honda,City Aspire,2018,160000,4200000,Petrol,Islamabad,Original,Local,Manual,8,17777.777777777777
Suzuki,Alto,2005,123456,735000,CNG,Lahore,Original,Local,Manual,21,5611.636363636364
Daihatsu,Cuore,2001,16245,750000,Petrol,Karachi,Original,Imported,Automatic,25,624.8076923076923
Suzuki,Baleno,2004,100000,695000,Petrol,Karachi,Original,Local,Manual,22,4347.826086956522
Suzuki,Cultus VXR,2007,165500,570000,CNG,Karachi,Original,Local,Manual,19,8275.0
FAW,V2,2016,150000,1400000,Petrol,Karachi,Original,Imported,Manual,10,13636.363636363636
Daihatsu,Hijet,2012,150000,1390000,Petrol,Karachi,Original,Imported,Automatic,14,10000.0
Toyota,Yaris,2021,19700,4300000,Petrol,Karachi,Original,Local,Automatic,5,3283.3333333333335
Suzuki,Wagon R,2018,110523,1960000,Petrol,Lahore,Original,Local,Manual,8,12280.333333333334
Suzuki,Alto,2019,74000,2400000,Petrol,Punjab,Original,Local,Automatic,7,9250.0
Honda,City IVTEC,2009,89000,2200000,Petrol,Karachi,Original,Local,Automatic,17,4944.444444444444
Mitsubishi,Lancer,2005,444845,1300000,Petrol,Rawalpindi,Original,Imported,Manual,21,20220.227272727272
Toyota,Corolla GLI,2010,100000,2100000,CNG,Lahore,Original,Local,Manual,16,5882.35294117647
Honda,Civic Prosmetic,2007,221000,2100000,Petrol,Lahore,Original,Local,Automatic,19,11050.0
Toyota,Corolla GLI,2019,39500,4725000,Petrol,Lahore,Original,Local,Automatic,7,4937.5
Toyota,Passo,2018,50000,3750000,Petrol,Punjab,Original,Imported,Automatic,8,5555.555555555556
Suzuki,Alto,2009,16000,1400000,Petrol,Islamabad,Duplicate,Imported,Automatic,17,888.8888888888889
Suzuki,Wagon R,2020,74000,2850000,Petrol,Islamabad,Original,Local,Manual,6,10571.42857142857
Suzuki,Swift,2015,80542,2020000,Petrol,Karachi,Original,Local,Automatic,11,6711.833333333333
Suzuki,Cultus VXR,2013,78000,1100000,Petrol,Karachi,Original,Local,Manual,13,5571.428571428572
Suzuki,Cultus VXR,2017,98765,1480000,Petrol,Lahore,Original,Local,Manual,9,9876.5
Toyota,Corolla XLI,2007,195000,1435000,Petrol,Lahore,Original,Local,Manual,19,9750.0
Honda,City Aspire,2019,64000,3700000,Petrol,Lahore,Original,Local,Manual,7,8000.0
Honda,Civic Oriel,2007,100000,1680000,Petrol,Peshawar,Original,Local,Manual,19,5000.0
Mitsubishi,Ek Wagon,2015,74000,2150000,Petrol,Lahore,Original,Imported,Automatic,11,6166.666666666667
Suzuki,Swift,2013,182000,1925000,Petrol,Islamabad,Original,Local,Manual,13,13000.0
Honda,Civic Prosmetic,2006,120000,1470000,Petrol,Lahore,Original,Local,Automatic,20,5714.285714285715
Daihatsu,Move,2018,95000,1750000,Petrol,Sindh,Original,Imported,Automatic,8,10555.555555555555
Suzuki,Swift,2018,44000,2595000,Petrol,Lahore,Original,Local,Manual,8,4888.888888888889
Honda,Civic Prosmetic,2012,89000,2050000,Petrol,Karachi,Original,Local,Automatic,14,5933.333333333333
Suzuki,Ravi,2015,85000,725000,Petrol,Lahore,Original,Imported,Manual,11,7083.333333333333
Suzuki,Ravi,2010,123456,585000,Petrol,Karachi,Original,Imported,Manual,16,7262.117647058823
Suzuki,Mehran VXR,2010,12345,810000,CNG,Lahore,Original,Local,Manual,16,726.1764705882352
Toyota,Yaris,2020,43000,4450000,Petrol,Lahore,Original,Local,Automatic,6,6142.857142857143
Daihatsu,Hijet,2008,10000,1230000,Petrol,Karachi,Original,Imported,Automatic,18,526.3157894736842
Toyota,Corrolla Altis,2019,70000,4690000,Petrol,Islamabad,Original,Local,Automatic,7,8750.0
Chevrolet,Joy,2006,100000,600000,Petrol,Karachi,Original,Imported,Manual,20,4761.9047619047615
Suzuki,Bolan,2010,10000,850000,Petrol,Islamabad,Original,Local,Manual,16,588.2352941176471
Suzuki,Every,2011,144000,1210000,Petrol,Lahore,Original,Imported,Automatic,15,9000.0
Daihatsu,Cuore,2004,125000,650000,Petrol,Sindh,Original,Local,Manual,22,5434.782608695652
Honda,Civic Oriel,2015,89000,3990000,Petrol,Lahore,Original,Local,Automatic,11,7416.666666666667
Toyota,Corrolla Altis,2012,131000,3050000,Petrol,Karachi,Original,Local,Automatic,14,8733.333333333334
Honda,City IVTEC,2019,70000,3350000,Petrol,Lahore,Original,Local,Manual,7,8750.0
Daihatsu,Hijet,2018,169000,1415000,Petrol,Lahore,Original,Imported,Automatic,8,18777.777777777777
Suzuki,Alto,2009,73000,935000,Petrol,Karachi,Original,Local,Manual,17,4055.5555555555557
Toyota,Yaris,2021,46000,4100000,Petrol,Lahore,Original,Local,Manual,5,7666.666666666667
Suzuki,Every,2012,135000,1650000,Petrol,Karachi,Original,Imported,Automatic,14,9000.0
Honda,City IDSI,2001,217443,850000,Petrol,Karachi,Original,Local,Manual,25,8363.192307692309
Suzuki,Bolan,2015,82000,935000,Petrol,Lahore,Original,Local,Manual,11,6833.333333333333
Honda,City IVTEC,2016,80000,3650000,Petrol,Islamabad,Original,Local,Manual,10,7272.727272727273
Suzuki,Mehran VXR,2013,90000,830000,Petrol,Karachi,Original,Local,Manual,13,6428.571428571428
Honda,City IVTEC,2012,97000,2635000,Petrol,Punjab,Original,Imported,Automatic,14,6466.666666666667
Suzuki,Alto,2004,100000,545000,Petrol,Lahore,Original,Local,Manual,22,4347.826086956522
Toyota,Corolla GLI,2014,161000,3200000,Petrol,Lahore,Original,Imported,Automatic,12,12384.615384615385
Suzuki,Bolan,2013,15938,750000,Petrol,Karachi,Original,Local,Manual,13,1138.4285714285713
Daihatsu,Mira,2007,200000,1400000,Petrol,Karachi,Original,Imported,Automatic,19,10000.0
Toyota,Corolla GLI,2014,107000,2600000,Petrol,Lahore,Original,Local,Manual,12,8230.76923076923
Mitsubishi,Ek Wagon,2016,86675,2250000,Petrol,Karachi,Original,Imported,Automatic,10,7879.545454545455
Toyota,Corrolla Altis,2004,123456,1580000,CNG,Sindh,Original,Local,Manual,22,5367.652173913043
Toyota,Passo,2007,191000,1600000,Petrol,Karachi,Original,Imported,Automatic,19,9550.0
Daihatsu,Hijet,2009,42000,1350000,Petrol,Islamabad,Original,Imported,Automatic,17,2333.3333333333335
Hyundai,Santro,2006,100758,920000,Petrol,Multan,Original,Imported,Manual,20,4798.0
Honda,Civic Prosmetic,2002,123456,1280000,CNG,Lahore,Original,Local,Automatic,24,4938.24
Suzuki,Wagon R,2021,51000,2590000,Petrol,Lahore,Original,Local,Manual,5,8500.0
Changan,Alsvin,2021,17000,3950000,Petrol,Punjab,Original,Local,Automatic,5,2833.3333333333335
Toyota,Corolla XLI,2010,200000,2170000,CNG,Lahore,Original,Local,Manual,16,11764.70588235294
Suzuki,Wagon R,2016,51000,1850000,Petrol,Islamabad,Original,Local,Manual,10,4636.363636363636
Suzuki,Wagon R,2016,112000,2000000,Petrol,Lahore,Original,Imported,Manual,10,10181.818181818182
Honda,Civic Prosmetic,2003,113000,1250000,Petrol,Karachi,Original,Local,Automatic,23,4708.333333333333
Honda,City Aspire,2021,12950,4650000,Petrol,Karachi,Original,Local,Automatic,5,2158.3333333333335
Suzuki,Cultus VXR,2006,115000,700000,Petrol,Lahore,Original,Local,Manual,20,5476.190476190476
Suzuki,Every,2013,77000,1525000,Petrol,Sindh,Original,Imported,Automatic,13,5500.0
Toyota,Corrolla Altis,2012,130000,3350000,Petrol,Lahore,Original,Local,Automatic,14,8666.666666666666
Honda,Civic Prosmetic,2007,100000,1800000,Petrol,Lahore,Original,Local,Automatic,19,5000.0
Suzuki,Cultus VXR,2008,80000,930000,Petrol,Karachi,Original,Local,Manual,18,4210.526315789473
Honda,Civic Oriel,2013,112000,2980000,Petrol,Lahore,Original,Imported,Automatic,13,8000.0
Daihatsu,Mira,2015,99000,2300000,Petrol,Lahore,Original,Imported,Automatic,11,8250.0
Honda,City IVTEC,2014,82000,2575000,Petrol,Karachi,Original,Local,Automatic,12,6307.692307692308
Daihatsu,Mira,2007,145000,1575000,Petrol,Karachi,Original,Imported,Automatic,19,7250.0
FAW,X-PV,2014,100000,730000,Petrol,Lahore,Original,Local,Manual,12,7692.307692307692
FAW,V2,2015,125000,1310000,Petrol,Lahore,Original,Imported,Manual,11,10416.666666666666
Toyota,Altis Grande,2017,104000,4450000,Petrol,Karachi,Original,Local,Automatic,9,10400.0
Suzuki,Mehran VXR,2018,12345,1250000,Petrol,Lahore,Original,Local,Manual,8,1371.6666666666667
Toyota,Corolla XLI,2011,200000,1960000,Petrol,Islamabad,Original,Local,Manual,15,12500.0
Toyota,Corolla GLI,2016,100000,3500000,Petrol,Karachi,Original,Local,Manual,10,9090.90909090909
Suzuki,Swift,2015,120000,2440000,Petrol,Islamabad,Original,Local,Manual,11,10000.0
Hyundai,Santro,2002,178455,600000,Petrol,Karachi,Original,Imported,Manual,24,7138.2
Honda,City IVTEC,2016,31000,3350000,Petrol,Karachi,Original,Local,Automatic,10,2818.181818181818
Honda,Civic Prosmetic,2010,250500,2270000,Petrol,Lahore,Original,Local,Automatic,16,14735.29411764706
Suzuki,Alto,2002,70000,625000,Petrol,Rawalpindi,Original,Local,Manual,24,2800.0
Suzuki,Ravi,2017,70000,820000,Petrol,Karachi,Original,Imported,Manual,9,7000.0
Honda,City IVTEC,2017,88000,3350000,Petrol,Lahore,Original,Local,Manual,9,8800.0
Honda,Civic Prosmetic,2003,100000,1180000,Petrol,Karachi,Original,Local,Automatic,23,4166.666666666667
Honda,Civic Prosmetic,2003,123456,1380000,Petrol,Sindh,Original,Local,Automatic,23,5144.0
Toyota,Yaris,2021,46000,4950000,Petrol,Unregistered,Original,Imported,Automatic,5,7666.666666666667
Changan,Alsvin,2022,35000,4200000,Petrol,Unknown,Original,Local,Automatic,4,7000.0
Honda,City IVTEC,2010,100000,2320000,Petrol,Lahore,Original,Local,Automatic,16,5882.35294117647
Daihatsu,Cuore,2006,123456,970000,Petrol,Lahore,Original,Imported,Automatic,20,5878.857142857143
Toyota,Corolla XLI,2013,220000,2350000,Petrol,Lahore,Original,Local,Manual,13,15714.285714285714
Honda,City Aspire,2014,101000,2780000,Petrol,Karachi,Original,Imported,Automatic,12,7769.2307692307695
Honda,City IVTEC,2016,70500,2820000,Petrol,Dadu,Original,Local,Manual,10,6409.090909090909
Daihatsu,Hijet,2017,121000,1450000,Petrol,Lahore,Original,Imported,Automatic,9,12100.0
Honda,City Aspire,2009,83000,2180000,Petrol,Karachi,Original,Local,Automatic,17,4611.111111111111
Daihatsu,Cuore,2003,100000,575000,Petrol,Karachi,Original,Local,Manual,23,4166.666666666667
Suzuki,Wagon R,2017,90000,3050000,Petrol,Islamabad,Original,Imported,Automatic,9,9000.0
Suzuki,Bolan,2014,81000,1250000,Petrol,Islamabad,Original,Local,Manual,12,6230.7692307692305
Daihatsu,Terios Kid,2011,99800,2475000,Petrol,Islamabad,Original,Imported,Automatic,15,6237.5
Daihatsu,Hijet,2011,236000,1180000,Petrol,Karachi,Original,Imported,Manual,15,14750.0
Toyota,Corolla XLI,2016,5555,3250000,Petrol,Islamabad,Duplicate,Local,Manual,10,505.0
Daihatsu,Cuore,2003,200000,650000,Petrol,Lahore,Original,Imported,Manual,23,8333.333333333334
Honda,Civic Prosmetic,2013,110000,3450000,Petrol,Islamabad,Original,Local,Automatic,13,7857.142857142857
Hyundai,Santro,2005,150000,975000,Petrol,Lahore,Original,Local,Manual,21,6818.181818181818
Honda,City IDSI,2003,235000,1180000,Petrol,Lahore,Original,Imported,Automatic,23,9791.666666666666
Mitsubishi,Pajero Mini,2008,291800,1500000,Petrol,Sialkot,Duplicate,Local,Manual,18,15357.894736842105
Daihatsu,Cuore,2008,95000,875000,Petrol,Lahore,Original,Local,Manual,18,5000.0
Daihatsu,Move,2007,125000,1250000,Petrol,Lahore,Original,Imported,Automatic,19,6250.0
Hyundai,Santro,2007,55000,1050000,Petrol,Rawalpindi,Original,Imported,Manual,19,2750.0
Toyota,Corrolla Altis,2009,159847,1960000,Petrol,Sindh,Original,Imported,Manual,17,8880.388888888889
Honda,City Aspire,2016,94000,2850000,Petrol,Sindh,Original,Local,Manual,10,8545.454545454546
Honda,City Aspire,2016,75000,3600000,Petrol,Karachi,Original,Local,Automatic,10,6818.181818181818
Daihatsu,Cuore,2008,88000,1050000,Petrol,Karachi,Original,Local,Manual,18,4631.578947368421
Mitsubishi,Lancer,2006,65000,1550000,Petrol,Karachi,Original,Imported,Automatic,20,3095.2380952380954
Changan,Karvaan,2021,65000,2275000,Petrol,Karachi,Original,Local,Manual,5,10833.333333333334
Toyota,Corrolla Altis,2012,185000,3050000,Petrol,Lahore,Original,Imported,Automatic,14,12333.333333333334
Honda,Civic Prosmetic,2002,160000,1680000,Petrol,Lahore,Original,Local,Automatic,24,6400.0
Honda,City IVTEC,2016,100000,3200000,Petrol,Lahore,Original,Local,Manual,10,9090.90909090909
Suzuki,Wagon R,2021,37500,2650000,Petrol,Punjab,Original,Local,Manual,5,6250.0
Honda,City IVTEC,2022,44000,4700000,Petrol,Islamabad,Original,Local,Automatic,4,8800.0
Toyota,Corolla XLI,2006,50000,1650000,Petrol,Sahiwal,Original,Local,Manual,20,2380.9523809523807
Hyundai,Santro,2001,170000,800000,Petrol,Lahore,Original,Imported,Manual,25,6538.461538461538
Toyota,Corolla GLI,2007,100000,2100000,Petrol,Lahore,Original,Imported,Manual,19,5000.0
Suzuki,Cultus VXR,2018,75000,2350000,Petrol,Lahore,Original,Local,Manual,8,8333.333333333334
Suzuki,Bolan,2012,86988,695000,Petrol,Faisalabad,Original,Local,Manual,14,5799.2
Daihatsu,Hijet,2018,16500,2450000,Petrol,Islamabad,Original,Imported,Automatic,8,1833.3333333333333
Honda,City Aspire,2017,51000,3400000,Petrol,Lahore,Original,Imported,Manual,9,5100.0
Toyota,Corolla XLI,2014,89000,2500000,Petrol,Sindh,Original,Local,Manual,12,6846.153846153846
Suzuki,Wagon R,2022,38850,2800000,Petrol,Punjab,Original,Local,Manual,4,7770.0
Mitsubishi,Lancer,2005,298050,1152000,Petrol,Sindh,Original,Imported,Manual,21,13547.727272727272
Suzuki,Swift,2021,56000,3000000,Petrol,Karachi,Original,Local,Automatic,5,9333.333333333334
Honda,City IDSI,2007,123456,1975000,Petrol,Lahore,Duplicate,Imported,Manual,19,6172.8
Daihatsu,Mira,2020,13323,3450000,Petrol,Unregistered,Original,Imported,Automatic,6,1903.2857142857142
Toyota,Corrolla Altis,2019,83000,4670000,Petrol,Lahore,Original,Local,Automatic,7,10375.0
Honda,City Aspire,2017,46000,3550000,Petrol,Lahore,Original,Local,Manual,9,4600.0
FAW,V2,2018,138000,1425000,Petrol,Karachi,Original,Local,Manual,8,15333.333333333334
Suzuki,Bolan,2022,34000,1825000,Petrol,Sindh,Original,Local,Manual,4,6800.0
Daihatsu,Cuore,2007,50000,750000,Petrol,Sindh,Original,Local,Manual,19,2500.0
Daihatsu,Mira,2006,91140,1350000,Petrol,Karachi,Original,Imported,Automatic,20,4340.0
Suzuki,Alto,2021,40000,2170000,Petrol,Karachi,Original,Local,Manual,5,6666.666666666667
KIA,Classic,2001,234568,330000,Petrol,Mirpur,Original,Local,Manual,25,9021.846153846154
Honda,City IVTEC,2016,107641,3200000,Petrol,Lahore,Original,Imported,Manual,10,9785.545454545454
Daihatsu,Terios Kid,2005,41816,1740000,Petrol,Karachi,Original,Imported,Automatic,21,1900.7272727272727
Toyota,Passo,2013,90000,2550000,Petrol,Islamabad,Original,Imported,Automatic,13,6428.571428571428
Suzuki,Every,2011,12345,1825000,Petrol,Islamabad,Original,Imported,Manual,15,771.5625
Suzuki,Bolan,2018,80000,1250000,Petrol,Lahore,Original,Local,Manual,8,8888.888888888889
Mercedes,C Class,2006,200000,2500000,Petrol,Lahore,Original,Imported,Automatic,20,9523.809523809523
Toyota,Corolla XLI,2016,108000,2895000,Petrol,Lahore,Original,Local,Manual,10,9818.181818181818
Daihatsu,Cuore,2009,94000,890000,Petrol,Karachi,Original,Local,Manual,17,5222.222222222223
Suzuki,Cultus VXR,2008,132000,840000,CNG,Karachi,Original,Local,Manual,18,6947.368421052632
Changan,Alsvin,2022,31000,3835000,Petrol,Punjab,Original,Local,Automatic,4,6200.0
Toyota,Corolla XLI,2010,218000,1980000,Petrol,Islamabad,Original,Local,Manual,16,12823.529411764706
Daihatsu,Cuore,2003,35000,930000,Petrol,Islamabad,Original,Imported,Manual,23,1458.3333333333333
Suzuki,Bolan,2022,6000,1740000,Petrol,Karachi,Original,Imported,Manual,4,1200.0
Suzuki,Wagon R,2019,76000,2220000,Petrol,Islamabad,Original,Local,Manual,7,9500.0
Suzuki,Alto,2021,30000,2150000,Petrol,Karachi,Original,Local,Manual,5,5000.0
Toyota,Passo,2006,186666,1700000,Petrol,Karachi,Original,Imported,Automatic,20,8888.857142857143
Toyota,Yaris,2020,119000,4095000,Petrol,Lahore,Original,Local,Automatic,6,17000.0
Suzuki,Bolan,2020,40000,1900000,Petrol,Rawalpindi,Original,Local,Manual,6,5714.285714285715
Mitsubishi,Pajero Mini,2012,84000,2300000,Petrol,Lahore,Original,Imported,Automatic,14,5600.0
Suzuki,Baleno,2005,130000,800000,Petrol,Multan,Original,Local,Manual,21,5909.090909090909
Suzuki,Cultus VXR,2015,72000,1450000,Petrol,Karachi,Original,Local,Manual,11,6000.0
Honda,City IDSI,2007,150000,1840000,Petrol,Sindh,Original,Local,Automatic,19,7500.0
Suzuki,Swift,2017,103000,2800000,Petrol,Islamabad,Original,Local,Automatic,9,10300.0
Honda,Civic Prosmetic,2014,118000,3150000,Petrol,Lahore,Original,Local,Automatic,12,9076.923076923076
Suzuki,Wagon R,2017,76500,2100000,Petrol,Lahore,Original,Local,Manual,9,7650.0
Hyundai,Santro,2000,150000,615000,Petrol,Lahore,Original,Local,Manual,26,5555.555555555556
Mitsubishi,Lancer,2005,95000,1525000,Petrol,Karachi,Original,Imported,Automatic,21,4318.181818181818
Toyota,Yaris,2021,21000,4270000,Petrol,Karachi,Original,Local,Automatic,5,3500.0
Daihatsu,Move,2014,68000,2450000,Petrol,Karachi,Original,Imported,Automatic,12,5230.7692307692305
Toyota,Corolla GLI,2017,152000,4000000,Petrol,Pirmahal,Original,Local,Manual,9,15200.0
Toyota,Corolla XLI,2009,160000,2300000,Petrol,Faisalabad,Original,Imported,Manual,17,8888.888888888889
Changan,Karvaan,2021,35000,2500000,Petrol,Punjab,Original,Local,Manual,5,5833.333333333333
Suzuki,Wagon R,2018,49000,2150000,Petrol,Lahore,Original,Local,Manual,8,5444.444444444444
Hyundai,Santro,2005,100000,800000,Petrol,Faisalabad,Original,Local,Manual,21,4545.454545454545
Suzuki,Mehran VXR,2015,82000,1050000,Petrol,Karachi,Original,Local,Manual,11,6833.333333333333
KIA,Spectra,2002,106000,650000,Petrol,Karachi,Original,Imported,Manual,24,4240.0
Suzuki,Bolan,2006,123456,660000,Petrol,Karachi,Original,Local,Manual,20,5878.857142857143
Honda,City IDSI,2007,180000,1810000,Petrol,Lahore,Original,Imported,Manual,19,9000.0
Changan,Alsvin,2022,2200,4100000,Petrol,Lahore,Original,Local,Automatic,4,440.0
Toyota,Corolla GLI,2010,130000,2285000,Petrol,Lahore,Original,Local,Automatic,16,7647.058823529412
Suzuki,Alto,2006,147500,950000,Petrol,Lahore,Original,Local,Manual,20,7023.809523809524
KIA,Classic,2002,125000,350000,CNG,Karachi,Original,Imported,Manual,24,5000.0
Suzuki,Cultus VXR,2014,99000,1415000,Petrol,Karachi,Original,Local,Manual,12,7615.384615384615
Toyota,Yaris,2020,109000,4850000,Petrol,Karachi,Original,Imported,Automatic,6,15571.42857142857
Changan,Alsvin,2022,22000,3750000,Petrol,Karachi,Original,Local,Automatic,4,4400.0
Hyundai,Santro,2003,100000,850000,Petrol,Multan,Original,Local,Manual,23,4166.666666666667
Toyota,Corolla GLI,2019,57000,4280000,Petrol,Karachi,Original,Local,Automatic,7,7125.0
Suzuki,Mehran VXR,2015,10000,815000,Petrol,Karachi,Original,Local,Manual,11,833.3333333333334
Honda,City IVTEC,2021,40000,4500000,Petrol,Islamabad,Original,Local,Manual,5,6666.666666666667
Honda,Civic Oriel,2005,100000,1230000,Petrol,Sindh,Original,Local,Manual,21,4545.454545454545
Suzuki,Cultus VXR,2012,7343,1050000,Petrol,Karachi,Original,Local,Manual,14,489.53333333333336
Daihatsu,Cuore,2004,173000,750000,Petrol,Karachi,Original,Local,Automatic,22,7521.739130434783
Toyota,Corrolla Altis,2019,156000,4925000,Petrol,Lahore,Original,Local,Automatic,7,19500.0
Suzuki,Alto,2014,180000,1650000,Petrol,Lahore,Original,Imported,Automatic,12,13846.153846153846
Daihatsu,Mira,2007,99000,1750000,Petrol,Karachi,Original,Imported,Automatic,19,4950.0
Suzuki,Swift,2018,41636,2350000,Petrol,Karachi,Original,Local,Manual,8,4626.222222222223
Suzuki,Alto,2021,33600,2450000,Petrol,Mianwali,Original,Local,Manual,5,5600.0
Honda,City IVTEC,2018,94000,3110000,Petrol,Islamabad,Original,Local,Manual,8,10444.444444444445
Suzuki,Bolan,2020,44000,1700000,Petrol,Islamabad,Original,Local,Manual,6,6285.714285714285
Suzuki,Cultus VXR,2016,87000,1825000,Petrol,Karachi,Original,Local,Manual,10,7909.090909090909
Honda,City IVTEC,2021,35500,4450000,Petrol,Islamabad,Original,Local,Automatic,5,5916.666666666667
Suzuki,Bolan,2017,62000,1150000,Petrol,Karachi,Original,Imported,Manual,9,6200.0
Suzuki,Cultus VXR,2001,100000,680000,Petrol,Sindh,Original,Local,Manual,25,3846.153846153846
Daihatsu,Mira,2018,123456,3300000,Petrol,Islamabad,Original,Imported,Automatic,8,13717.333333333334
Honda,City Aspire,2014,73000,2850000,Petrol,Lahore,Original,Local,Automatic,12,5615.384615384615
Suzuki,Bolan,2015,102300,850000,Petrol,Faisalabad,Original,Local,Manual,11,8525.0
Daihatsu,Mira,2017,123456,2095000,Petrol,Karachi,Original,Imported,Automatic,9,12345.6
Daihatsu,Mira,2019,17000,4000000,Petrol,Islamabad,Original,Imported,Automatic,7,2125.0
Honda,City Aspire,2001,154126,850000,Petrol,Karachi,Original,Local,Automatic,25,5927.923076923077
Toyota,Corolla GLI,2014,95000,2900000,Petrol,Rawalpindi,Original,Local,Manual,12,7307.692307692308
Toyota,Corolla GLI,2010,118000,2700000,Petrol,Islamabad,Original,Local,Manual,16,6941.176470588235
FAW,X-PV,2016,169000,850000,Petrol,Lahore,Original,Local,Manual,10,15363.636363636364
Mitsubishi,Lancer,2005,240000,1465000,CNG,Karachi,Original,Imported,Automatic,21,10909.09090909091
Suzuki,Bolan,2017,67000,1400000,Petrol,Lahore,Original,Local,Manual,9,6700.0
Daihatsu,Mira,2016,115000,2500000,Petrol,Lahore,Original,Imported,Automatic,10,10454.545454545454
Mitsubishi,Lancer,2006,212000,1850000,Petrol,Lahore,Original,Imported,Automatic,20,10095.238095238095
Suzuki,Cultus VXR,2003,18000,650000,Petrol,Lahore,Original,Local,Manual,23,750.0
Honda,City IVTEC,2015,90000,2990000,Petrol,Lahore,Original,Local,Manual,11,7500.0
Daihatsu,Mira,2013,100000,2450000,Petrol,Lahore,Original,Imported,Automatic,13,7142.857142857143
Suzuki,Bolan,2005,22000,735000,CNG,Islamabad,Original,Local,Manual,21,1000.0
Toyota,Altis Grande,2017,89000,4750000,Petrol,Karachi,Original,Local,Automatic,9,8900.0
Suzuki,Alto,2019,63000,2000000,Petrol,Karachi,Original,Local,Manual,7,7875.0
Honda,City Aspire,2015,175000,3250000,Petrol,Islamabad,Original,Imported,Automatic,11,14583.333333333334
Daihatsu,Mira,2020,13800,3350000,Petrol,Karachi,Original,Imported,Automatic,6,1971.4285714285713
Toyota,Yaris,2021,45000,4250000,Petrol,Punjab,Original,Local,Automatic,5,7500.0
Honda,City IVTEC,2011,101000,2450000,Petrol,Lahore,Original,Local,Manual,15,6312.5
Daihatsu,Move,2018,75000,2450000,Petrol,Lahore,Original,Imported,Automatic,8,8333.333333333334
Suzuki,Alto,2002,2020,580000,Petrol,Karachi,Original,Local,Manual,24,80.8
Suzuki,Bolan,2015,123456,760000,Petrol,Lahore,Original,Imported,Manual,11,10288.0
Honda,City IDSI,2005,12345,1650000,Petrol,Lahore,Original,Local,Automatic,21,561.1363636363636
Suzuki,Swift,2012,75000,1450000,Petrol,Karachi,Original,Local,Manual,14,5000.0
Daihatsu,Mira,2013,68000,2450000,Petrol,Karachi,Original,Imported,Automatic,13,4857.142857142857
Toyota,Corolla XLI,2016,165000,3280000,Petrol,Lahore,Original,Local,Manual,10,15000.0
Suzuki,Alto,2014,89000,2300000,Petrol,Karachi,Original,Imported,Automatic,12,6846.153846153846
Changan,Karvaan,2023,20000,2800000,Petrol,Islamabad,Original,Local,Manual,3,5000.0
Suzuki,Baleno,2003,252000,1050000,Petrol,Lahore,Original,Local,Manual,23,10500.0
Suzuki,Every,2009,115000,1280000,Petrol,Sindh,Original,Imported,Manual,17,6388.888888888889
Hyundai,Santro,2009,123456,1285000,Petrol,Lahore,Original,Imported,Manual,17,6858.666666666667
Suzuki,Swift,2017,105000,2425000,Petrol,Karachi,Original,Local,Automatic,9,10500.0
FAW,V2,2015,95000,1350000,Petrol,Sindh,Original,Local,Manual,11,7916.666666666667
Suzuki,Cultus VXR,2006,100000,655000,Petrol,Karachi,Original,Local,Manual,20,4761.9047619047615
Daihatsu,Cuore,2009,65000,1251000,Petrol,Lahore,Original,Imported,Automatic,17,3611.1111111111113
Suzuki,Bolan,2007,78000,660000,Petrol,Lahore,Original,Local,Manual,19,3900.0
Suzuki,Ravi,2022,27500,1610000,Petrol,Punjab,Original,Local,Manual,4,5500.0
Suzuki,Wagon R,2018,165000,1900000,Petrol,Lahore,Original,Local,Manual,8,18333.333333333332
Honda,Civic Prosmetic,2008,140000,3200000,Petrol,Islamabad,Original,Local,Automatic,18,7368.421052631579
Toyota,Corrolla Altis,2018,50000,4750000,Petrol,Karachi,Original,Local,Automatic,8,5555.555555555556
Suzuki,Cultus VXR,2012,160000,1215000,Petrol,Lahore,Original,Imported,Manual,14,10666.666666666666
Suzuki,Ravi,2017,28000,1150000,Petrol,Karachi,Original,Local,Manual,9,2800.0
Daihatsu,Cuore,2002,10000,650000,CNG,Rahimyar Khan,Original,Imported,Manual,24,400.0
Suzuki,Mehran VXR,2014,50000,970000,Petrol,Lahore,Original,Local,Manual,12,3846.153846153846
Toyota,Yaris,2022,27500,4950000,Petrol,Lahore,Original,Local,Automatic,4,5500.0
Daihatsu,Hijet,2013,100000,1240000,Petrol,Lahore,Original,Imported,Automatic,13,7142.857142857143
Suzuki,Wagon R,2014,135000,1880000,Petrol,Islamabad,Original,Local,Manual,12,10384.615384615385
Suzuki,Alto,2020,48000,2100000,Petrol,Karachi,Original,Local,Manual,6,6857.142857142857
Suzuki,Baleno,2005,185000,865000,Petrol,Sindh,Original,Local,Manual,21,8409.09090909091
Honda,Civic Prosmetic,2005,152500,1370000,Petrol,Faisalabad,Original,Local,Automatic,21,6931.818181818182
Toyota,Corolla GLI,2007,123456,1650000,Petrol,Islamabad,Original,Imported,Manual,19,6172.8
Toyota,Corolla GLI,2018,55000,4300000,Petrol,Lahore,Original,Local,Manual,8,6111.111111111111
Hyundai,Santro,2004,10000,790000,Petrol,Lahore,Original,Imported,Manual,22,434.7826086956522
Suzuki,Alto,2008,88000,980000,Petrol,Islamabad,Original,Imported,Manual,18,4631.578947368421
Honda,Civic Prosmetic,2012,137306,2470000,Petrol,Lahore,Original,Imported,Automatic,14,9153.733333333334
Daihatsu,Cuore,2010,80000,890000,Petrol,Karachi,Original,Imported,Automatic,16,4705.882352941177
Daihatsu,Cuore,2011,135000,980000,Petrol,Karachi,Original,Local,Manual,15,8437.5
Daihatsu,Hijet,2015,91000,1580000,Petrol,Karachi,Original,Imported,Automatic,11,7583.333333333333
Toyota,Passo,2011,100000,1650000,Petrol,Sindh,Original,Imported,Automatic,15,6250.0
Hyundai,Santro,2007,12345,860000,CNG,Sindh,Original,Local,Manual,19,617.25
Honda,City Aspire,2017,60000,3650000,Petrol,Lahore,Original,Local,Manual,9,6000.0
Honda,City IVTEC,2014,155000,2690000,Petrol,Lahore,Original,Local,Manual,12,11923.076923076924
FAW,V2,2016,129480,1325000,Petrol,Multan,Original,Imported,Manual,10,11770.90909090909
Toyota,Yaris,2022,14000,4595000,Petrol,Lahore,Original,Local,Automatic,4,2800.0
Suzuki,Mehran VXR,2006,40000,600000,Petrol,Bahawalpur,Original,Local,Manual,20,1904.7619047619048
Toyota,Corrolla Altis,2018,82000,4650000,Petrol,Lahore,Original,Local,Automatic,8,9111.111111111111
Toyota,Corolla XLI,2006,182000,1650000,Petrol,Lahore,Original,Local,Manual,20,8666.666666666666
Daihatsu,Mira,2014,102000,2500000,Petrol,Karachi,Original,Imported,Automatic,12,7846.153846153846
Honda,Civic Prosmetic,2007,125000,1970000,Petrol,Karachi,Original,Local,Automatic,19,6250.0
Suzuki,Every,2018,95000,1550000,Petrol,Karachi,Original,Imported,Manual,8,10555.555555555555
Mitsubishi,Lancer,2005,100000,1150000,Petrol,Karachi,Original,Local,Automatic,21,4545.454545454545
Suzuki,Mehran VXR,2008,123456,760000,Petrol,Lahore,Original,Local,Manual,18,6497.684210526316
Daihatsu,Mira,2013,123000,1995000,Petrol,Karachi,Original,Imported,Automatic,13,8785.714285714286
Suzuki,Every,2013,132000,1745000,Petrol,Lahore,Original,Imported,Automatic,13,9428.57142857143
Honda,City Aspire,2018,100000,3350000,Petrol,Islamabad,Original,Local,Manual,8,11111.111111111111
Hyundai,Santro,2006,75000,975000,Petrol,Lahore,Original,Imported,Manual,20,3571.4285714285716
Honda,Civic Prosmetic,2006,186644,1750000,Petrol,Sindh,Original,Local,Automatic,20,8887.809523809523
Toyota,Altis Grande,2015,107644,4500000,Petrol,Islamabad,Original,Local,Automatic,11,8970.333333333334
Suzuki,Wagon R,2017,60000,1900000,Petrol,Lahore,Original,Local,Manual,9,6000.0
Toyota,Corolla XLI,2004,250000,1400000,Petrol,Faisalabad,Original,Local,Manual,22,10869.565217391304
Honda,City IVTEC,2019,45000,3995000,Petrol,Karachi,Original,Local,Automatic,7,5625.0
Suzuki,Swift,2016,74000,1950000,Petrol,Karachi,Original,Local,Manual,10,6727.272727272727
Toyota,Corolla XLI,2011,116500,2320000,Petrol,Lahore,Original,Local,Manual,15,7281.25
Toyota,Corolla GLI,2010,130000,2100000,Petrol,Karachi,Original,Local,Manual,16,7647.058823529412
Suzuki,Mehran VXR,2014,62000,1160000,Petrol,Lahore,Original,Local,Manual,12,4769.2307692307695
Honda,City Aspire,2012,170000,2565000,Petrol,Lahore,Original,Local,Manual,14,11333.333333333334
Suzuki,Alto,2011,100000,1650000,Petrol,Karachi,Duplicate,Imported,Automatic,15,6250.0
Mitsubishi,Minicab Bravo,2012,156000,1450000,Petrol,Unregistered,Original,Imported,Automatic,14,10400.0
Daihatsu,Cuore,2006,124575,725000,Petrol,Karachi,Original,Imported,Automatic,20,5932.142857142857
Toyota,Corolla GLI,2019,46500,4150000,Petrol,Sindh,Original,Local,Automatic,7,5812.5
Daihatsu,Cuore,2007,1234,785000,Petrol,Faisalabad,Original,Imported,Manual,19,61.7
Daihatsu,Cuore,2003,246000,900000,Petrol,Lahore,Original,Imported,Manual,23,10250.0
Suzuki,Wagon R,2016,120000,1850000,Petrol,Lahore,Original,Local,Manual,10,10909.09090909091
Suzuki,Baleno,2004,1000,700000,Petrol,Karachi,Original,Local,Manual,22,43.47826086956522
FAW,V2,2018,94000,1250000,Petrol,Karachi,Original,Imported,Manual,8,10444.444444444445
Suzuki,Alto,2005,50000,1500000,Petrol,Islamabad,Original,Imported,Automatic,21,2272.7272727272725
Honda,City IDSI,2007,191000,1980000,Petrol,Lahore,Original,Local,Manual,19,9550.0
Mitsubishi,Ek Wagon,2011,114000,1550000,Petrol,Punjab,Original,Imported,Automatic,15,7125.0
Honda,City IVTEC,2019,34000,3800000,Petrol,Lahore,Original,Local,Manual,7,4250.0
Daihatsu,Hijet,2012,315439,1280000,Petrol,Lahore,Original,Imported,Automatic,14,21029.266666666666
Daihatsu,Cuore,2010,36000,950000,Petrol,Sindh,Original,Local,Manual,16,2117.6470588235293
Honda,Civic Prosmetic,2002,187000,1475000,Petrol,Lahore,Original,Imported,Automatic,24,7480.0
Suzuki,Swift,2016,177500,1790000,Petrol,Karachi,Original,Local,Manual,10,16136.363636363636
Suzuki,Bolan,2018,70000,1249000,Petrol,Lahore,Original,Local,Manual,8,7777.777777777777
Suzuki,Alto,2001,100000,575000,Petrol,Karachi,Original,Local,Manual,25,3846.153846153846
Suzuki,Ravi,2013,100000,575000,Petrol,Karachi,Original,Imported,Manual,13,7142.857142857143
Suzuki,Mehran VXR,2017,85000,1200000,Petrol,Lahore,Original,Local,Manual,9,8500.0
Daihatsu,Cuore,2009,107361,950000,Petrol,Lahore,Original,Local,Manual,17,5964.5
Suzuki,Wagon R,2016,117980,1875000,Petrol,Lahore,Original,Local,Manual,10,10725.454545454546
Suzuki,Alto,2006,10000,450000,Petrol,Sukkar,Original,Local,Manual,20,476.1904761904762
Suzuki,Bolan,2008,200000,850000,Petrol,Islamabad,Original,Local,Manual,18,10526.315789473685
Daihatsu,Mira,2015,133600,2050000,Petrol,Lahore,Original,Imported,Automatic,11,11133.333333333334
Suzuki,Bolan,2007,100000,750000,Petrol,Sindh,Original,Local,Manual,19,5000.0
Toyota,Corolla GLI,2018,84000,4250000,Petrol,Karachi,Original,Local,Manual,8,9333.333333333334
Honda,Civic Prosmetic,2012,100000,2400000,Petrol,Lahore,Original,Local,Manual,14,6666.666666666667
FAW,V2,2016,85000,1325000,Petrol,Lahore,Original,Local,Manual,10,7727.272727272727
Hyundai,Santro,2003,92000,1000000,Petrol,Karachi,Original,Imported,Manual,23,3833.3333333333335
Toyota,Corrolla Altis,2005,200000,2000000,Petrol,Peshawar,Original,Local,Automatic,21,9090.90909090909
Honda,Civic Prosmetic,2011,130000,2299000,Petrol,Islamabad,Original,Local,Automatic,15,8125.0
Suzuki,Every,2010,90000,1400000,Petrol,Karachi,Original,Imported,Automatic,16,5294.117647058823
Hyundai,Santro,2000,90000,635000,Petrol,Lahore,Original,Imported,Manual,26,3333.3333333333335
Suzuki,Mehran VXR,2009,88000,1200000,Petrol,Jhelum,Original,Local,Manual,17,4888.888888888889
Honda,City Aspire,2016,84000,3190000,Petrol,Karachi,Original,Local,Automatic,10,7636.363636363636
Changan,Karvaan,2022,5500,2550000,Petrol,Unregistered,Original,Local,Manual,4,1100.0
Daihatsu,Mira,2006,100000,1250000,Petrol,Karachi,Original,Imported,Automatic,20,4761.9047619047615
Hyundai,Santro,2004,12345,850000,Petrol,Karachi,Original,Imported,Manual,22,536.7391304347826
Suzuki,Bolan,2015,100000,1000000,Petrol,Multan,Original,Local,Manual,11,8333.333333333334
Daihatsu,Mira,2013,70000,2100000,Petrol,Lahore,Original,Imported,Automatic,13,5000.0
Daihatsu,Cuore,2005,123456,850000,Petrol,Lahore,Original,Imported,Manual,21,5611.636363636364
Daihatsu,Cuore,2003,241000,550000,Petrol,Karachi,Original,Imported,Manual,23,10041.666666666666
Daihatsu,Hijet,2012,107540,1350000,Petrol,Karachi,Original,Imported,Manual,14,7169.333333333333
Suzuki,Alto,2007,95000,1120000,Petrol,Lahore,Original,Local,Automatic,19,4750.0
Honda,City Aspire,2019,33000,4200000,Petrol,Punjab,Original,Local,Automatic,7,4125.0
Honda,City IVTEC,2021,49000,3990000,Petrol,Islamabad,Original,Local,Manual,5,8166.666666666667
Daihatsu,Mira,2014,82600,2190000,Petrol,Karachi,Original,Imported,Automatic,12,6353.846153846154
Suzuki,Wagon R,2022,11500,2950000,Petrol,Lahore,Original,Local,Manual,4,2300.0
Honda,Civic Prosmetic,2003,107000,1585000,Petrol,Karachi,Original,Local,Automatic,23,4458.333333333333
Toyota,Corolla GLI,2012,110000,3050000,Petrol,Lahore,Original,Local,Automatic,14,7333.333333333333
Suzuki,Bolan,2015,36000,1000000,Petrol,Rawalpindi,Original,Local,Manual,11,3000.0
Suzuki,Mehran VXR,2018,68000,1450000,Petrol,Multan,Original,Local,Manual,8,7555.555555555556
Honda,City IVTEC,2018,87000,3495000,Petrol,Lahore,Original,Local,Automatic,8,9666.666666666666
Suzuki,Bolan,2013,95000,895000,Petrol,Lahore,Original,Local,Manual,13,6785.714285714285
Honda,Civic Prosmetic,2006,200000,1600000,Petrol,Punjab,Original,Local,Automatic,20,9523.809523809523
Honda,City IDSI,2007,142000,2050000,Petrol,Islamabad,Original,Local,Manual,19,7100.0
Daihatsu,Move,2012,108000,2150000,Petrol,Lahore,Original,Imported,Automatic,14,7200.0
Honda,City IDSI,2002,90000,1380000,Petrol,Lahore,Original,Imported,Manual,24,3600.0
Daihatsu,Hijet,2017,124000,1285000,Petrol,Rawalpindi,Original,Imported,Automatic,9,12400.0
Suzuki,Baleno,2005,123456,875000,Petrol,Lahore,Original,Local,Manual,21,5611.636363636364
Toyota,Corolla GLI,2014,125000,3500000,Petrol,Lahore,Original,Local,Automatic,12,9615.384615384615
Hyundai,Santro,2005,1000,1040000,Petrol,Lahore,Original,Local,Manual,21,45.45454545454545
Hyundai,Santro,2000,200000,690000,Petrol,Islamabad,Original,Imported,Manual,26,7407.407407407408
Hyundai,Santro,2005,110000,780000,Petrol,Lahore,Original,Local,Manual,21,5000.0
Toyota,Passo,2015,74000,2750000,Petrol,Islamabad,Original,Imported,Automatic,11,6166.666666666667
Honda,Civic Prosmetic,2013,156000,3200000,Petrol,Islamabad,Original,Local,Automatic,13,11142.857142857143
Daihatsu,Cuore,2006,180047,735000,Petrol,Karachi,Original,Imported,Manual,20,8573.666666666666
Suzuki,Ravi,2014,44000,620000,Petrol,Karachi,Original,Local,Manual,12,3384.6153846153848
KIA,Picanto,2021,24000,3200000,Petrol,Lahore,Original,Local,Automatic,5,4000.0
Daihatsu,Move,2014,151000,2050000,Petrol,Lahore,Original,Imported,Automatic,12,11615.384615384615
Honda,Civic Prosmetic,2010,145696,2300000,Petrol,Lahore,Original,Local,Automatic,16,8570.35294117647
Suzuki,Alto,2006,242657,580000,Petrol,Sindh,Original,Local,Manual,20,11555.095238095239
Chevrolet,Exclusive,2005,100000,620000,Petrol,Islamabad,Original,Imported,Manual,21,4545.454545454545
Toyota,Corolla XLI,2009,350000,1900000,Petrol,Sindh,Original,Local,Manual,17,19444.444444444445
Suzuki,Swift,2017,12348,2390000,Petrol,Lahore,Original,Local,Manual,9,1234.8
Daihatsu,Mira,2014,82000,1995000,Petrol,Karachi,Original,Imported,Automatic,12,6307.692307692308
Toyota,Corolla GLI,2015,102758,3350000,Petrol,Sindh,Original,Local,Automatic,11,8563.166666666666
Daihatsu,Mira,2017,59000,3100000,Petrol,Karachi,Original,Imported,Automatic,9,5900.0
Suzuki,Every,2011,200000,1550000,Petrol,Islamabad,Original,Imported,Automatic,15,12500.0
Honda,City IVTEC,2009,146000,2050000,Petrol,Lahore,Original,Local,Manual,17,8111.111111111111
Honda,City IDSI,2007,180000,1670000,Petrol,Lahore,Original,Local,Manual,19,9000.0
FAW,X-PV,2017,168904,850000,Petrol,Lahore,Original,Imported,Manual,9,16890.4
Suzuki,Bolan,2012,72672,950000,Petrol,Karachi,Original,Local,Manual,14,4844.8
Toyota,Passo,2023,35000,4000000,Petrol,Karachi,Original,Imported,Automatic,3,8750.0
Suzuki,Bolan,2005,9990,520000,Petrol,Karachi,Original,Imported,Manual,21,454.09090909090907
Toyota,Altis Grande,2016,74000,3880000,Petrol,Karachi,Original,Local,Automatic,10,6727.272727272727
Toyota,Altis Grande,2016,48000,4250000,Petrol,Karachi,Original,Local,Automatic,10,4363.636363636364
Honda,City IVTEC,2021,11000,3950000,Petrol,Karachi,Original,Local,Manual,5,1833.3333333333333
Honda,City IVTEC,2011,200000,2650000,Petrol,Islamabad,Original,Local,Manual,15,12500.0
Hyundai,Santro,2005,200000,920000,Petrol,Lahore,Original,Imported,Manual,21,9090.90909090909
Honda,City IVTEC,2016,119000,2985000,Petrol,Lahore,Original,Local,Manual,10,10818.181818181818
Toyota,Corolla GLI,2015,80000,2790000,Petrol,Karachi,Original,Local,Manual,11,6666.666666666667
Suzuki,Swift,2018,146000,2500000,Petrol,Lahore,Original,Local,Manual,8,16222.222222222223
Suzuki,Bolan,2017,50000,1350000,Petrol,Multan,Original,Imported,Manual,9,5000.0
Daihatsu,Mira,2009,150000,1575000,Petrol,Lahore,Original,Imported,Automatic,17,8333.333333333334
Mitsubishi,Lancer,2009,125000,1410000,Petrol,Karachi,Original,Imported,Automatic,17,6944.444444444444
Honda,Civic Prosmetic,2002,245000,1250000,Petrol,Sindh,Original,Imported,Automatic,24,9800.0
Daihatsu,Mira,2006,129800,1300000,Petrol,Karachi,Original,Imported,Automatic,20,6180.952380952381
Daihatsu,Move,2014,1234,1865000,Petrol,Sialkot,Original,Imported,Automatic,12,94.92307692307692
Suzuki,Mehran VXR,2005,70000,600000,Petrol,Lahore,Original,Local,Manual,21,3181.818181818182
Honda,Civic Prosmetic,2007,180000,1950000,Petrol,Lahore,Original,Local,Automatic,19,9000.0
Hyundai,Santro,2006,180000,870000,Petrol,Lahore,Original,Local,Manual,20,8571.42857142857
Daihatsu,Cuore,2009,100000,800000,Petrol,Karachi,Original,Local,Manual,17,5555.555555555556
Suzuki,Wagon R,2022,10000,2900000,Petrol,Lahore,Original,Local,Manual,4,2000.0
Toyota,Corolla GLI,2020,61000,4665000,Petrol,Lahore,Original,Local,Automatic,6,8714.285714285714
Honda,Civic Prosmetic,2007,182000,1800000,Petrol,Karachi,Original,Local,Automatic,19,9100.0
Toyota,Corolla XLI,2015,12345,3350000,Petrol,Islamabad,Original,Local,Manual,11,1028.75
Honda,City IVTEC,2010,146500,2250000,Petrol,Lahore,Original,Local,Manual,16,8617.64705882353
Suzuki,Cultus VXR,2008,100000,890000,Petrol,Lahore,Original,Local,Manual,18,5263.1578947368425
Daihatsu,Cuore,2000,180833,730000,Petrol,Sindh,Original,Imported,Manual,26,6697.518518518518
Honda,City IVTEC,2001,111111,1235000,Petrol,Lahore,Original,Imported,Manual,25,4273.5
Suzuki,Mehran VXR,2011,65000,800000,Petrol,Karachi,Original,Local,Manual,15,4062.5
Suzuki,Alto,2001,10000,870000,Petrol,Karachi,Original,Local,Automatic,25,384.61538461538464
Toyota,Yaris,2021,17000,4500000,Petrol,Karachi,Original,Local,Automatic,5,2833.3333333333335
Suzuki,Swift,2017,49000,2100000,Petrol,Karachi,Original,Local,Manual,9,4900.0
Toyota,Corolla GLI,2015,123456,3425000,Petrol,Lahore,Original,Local,Manual,11,10288.0
Daihatsu,Mira,2015,98000,2230000,Petrol,Islamabad,Original,Imported,Automatic,11,8166.666666666667
Suzuki,Swift,2015,69850,1820000,Petrol,Karachi,Original,Local,Manual,11,5820.833333333333
Daihatsu,Cuore,2004,5000,585000,Petrol,Karachi,Original,Imported,Manual,22,217.3913043478261
Honda,City IVTEC,2016,109000,3400000,Petrol,Lahore,Original,Imported,Automatic,10,9909.09090909091
Suzuki,Alto,2009,75000,850000,Petrol,Karachi,Original,Local,Manual,17,4166.666666666667
Daihatsu,Hijet,2011,120000,1285000,Petrol,Lahore,Original,Imported,Automatic,15,7500.0
Honda,City IDSI,2006,123123,1425000,Petrol,Karachi,Original,Local,Manual,20,5863.0
Honda,City IVTEC,2014,142000,2690000,Petrol,Islamabad,Original,Local,Manual,12,10923.076923076924
Suzuki,Bolan,2009,11111,850000,Petrol,Islamabad,Original,Local,Manual,17,617.2777777777778
Honda,City IVTEC,2018,99999,3500000,Petrol,Lahore,Original,Local,Automatic,8,11111.0
Hyundai,Santro,2005,120000,1075000,Petrol,Islamabad,Original,Local,Manual,21,5454.545454545455
Daihatsu,Mira,2014,46000,1900000,Petrol,Karachi,Original,Imported,Automatic,12,3538.4615384615386
Suzuki,Bolan,2003,100000,950000,Petrol,Lahore,Original,Local,Manual,23,4166.666666666667
Mitsubishi,Minica,2008,198000,1050000,Petrol,Lahore,Original,Imported,Automatic,18,10421.052631578947
KIA,Classic,2003,100000,470000,Petrol,Faisalabad,Original,Imported,Manual,23,4166.666666666667
Suzuki,Cultus VXR,2013,62442,1325000,Petrol,Lahore,Original,Local,Manual,13,4460.142857142857
Honda,City Aspire,2017,73000,3650000,Petrol,Lahore,Original,Local,Automatic,9,7300.0
Suzuki,Mehran VXR,2005,150000,650000,Petrol,Lahore,Original,Imported,Manual,21,6818.181818181818
Suzuki,Cultus VXR,2004,30000,700000,Petrol,Lahore,Original,Local,Manual,22,1304.3478260869565
KIA,Classic,2005,129049,550000,Petrol,Islamabad,Duplicate,Local,Manual,21,5865.863636363636
Suzuki,Mehran VXR,2008,80000,525000,Petrol,Karachi,Original,Local,Manual,18,4210.526315789473
Suzuki,Every,2016,119000,1650000,Petrol,Lahore,Original,Imported,Automatic,10,10818.181818181818
Suzuki,Every,2023,85000,1450000,Petrol,Lahore,Original,Imported,Automatic,3,21250.0
Daihatsu,Move,2020,120000,3300000,Petrol,Unregistered,Original,Imported,Automatic,6,17142.85714285714
Toyota,Corolla GLI,2019,47000,4450000,Petrol,Karachi,Original,Local,Automatic,7,5875.0
Hyundai,Santro,2004,200000,840000,Petrol,Lahore,Original,Local,Manual,22,8695.652173913044
Honda,City Vario,2005,260000,1350000,Petrol,Karachi,Original,Local,Automatic,21,11818.181818181818
Honda,Civic Prosmetic,2017,92500,4070000,Petrol,Sindh,Original,Local,Automatic,9,9250.0
Toyota,Passo,2008,120000,1890000,Petrol,Islamabad,Original,Imported,Automatic,18,6315.789473684211
Daihatsu,Mira,2008,100000,1200000,Petrol,Lahore,Original,Imported,Automatic,18,5263.1578947368425
Daihatsu,Cuore,2005,1234,615000,Petrol,Karachi,Original,Local,Manual,21,56.09090909090909
Suzuki,Mehran VXR,2007,120000,640000,Petrol,Lahore,Original,Local,Manual,19,6000.0
Toyota,Corrolla Altis,2018,120000,4975000,Petrol,Lahore,Original,Local,Automatic,8,13333.333333333334
Honda,City IVTEC,2018,43000,3660000,Petrol,Lahore,Original,Local,Automatic,8,4777.777777777777
Mitsubishi,Minicab Bravo,2012,18000,1200000,Petrol,Karachi,Original,Imported,Automatic,14,1200.0
Daihatsu,Terios Kid,2007,186000,1450000,Petrol,Lahore,Original,Imported,Automatic,19,9300.0
Toyota,Corolla GLI,2015,123000,3500000,Petrol,Lahore,Original,Local,Automatic,11,10250.0
Suzuki,Every,2007,5000,950000,Petrol,Karachi,Original,Imported,Automatic,19,250.0
Honda,City IVTEC,2011,140000,2499900,Petrol,Lahore,Original,Local,Manual,15,8750.0
Suzuki,Cultus VXR,2012,100000,1210000,Petrol,Karachi,Original,Local,Manual,14,6666.666666666667
Suzuki,Mehran VXR,2006,99999,680000,Petrol,Lahore,Original,Imported,Manual,20,4761.857142857143
Suzuki,Alto,2006,75000,515000,Petrol,Karachi,Original,Imported,Manual,20,3571.4285714285716
Honda,City IVTEC,2017,110000,2950000,Petrol,Punjab,Original,Local,Manual,9,11000.0
Honda,City Vario,2001,200000,870000,Petrol,Faisalabad,Original,Local,Manual,25,7692.307692307692
Toyota,Altis Grande,2020,78000,5000000,Petrol,Sindh,Original,Imported,Manual,6,11142.857142857143
Honda,City IDSI,2005,190000,1400000,Petrol,Lahore,Original,Local,Manual,21,8636.363636363636
Honda,Civic Oriel,2007,143000,1575000,Petrol,Lahore,Original,Local,Automatic,19,7150.0
Toyota,Passo,2013,84000,2400000,Petrol,Karachi,Original,Imported,Automatic,13,6000.0
Suzuki,Mehran VXR,2017,100000,1200000,Petrol,Lahore,Original,Local,Manual,9,10000.0
Hyundai,Santro,2005,200000,950000,Petrol,Lahore,Original,Imported,Manual,21,9090.90909090909
Daihatsu,Mira,2018,56000,3300000,Petrol,Sindh,Original,Imported,Automatic,8,6222.222222222223
Suzuki,Every,2017,151000,2675000,Petrol,Unregistered,Original,Imported,Automatic,9,15100.0
Toyota,Corolla GLI,2014,82000,3320000,Petrol,Karachi,Original,Local,Manual,12,6307.692307692308
Honda,City IVTEC,2018,65000,3380000,Petrol,Lahore,Original,Local,Manual,8,7222.222222222223
Suzuki,Every,2013,100000,1350000,Petrol,Lahore,Original,Imported,Automatic,13,7142.857142857143
Toyota,Altis Grande,2016,92000,3900000,Petrol,Lahore,Original,Local,Automatic,10,8363.636363636364
Hyundai,Santro,2006,1122,815000,Petrol,Lahore,Original,Local,Manual,20,53.42857142857143
Suzuki,Ravi,2014,200000,600000,Petrol,Karachi,Original,Imported,Manual,12,15384.615384615385
Toyota,Yaris,2023,16000,4600000,Petrol,Karachi,Original,Local,Automatic,3,4000.0
Toyota,Corrolla Altis,2012,115000,3450000,Petrol,Islamabad,Original,Local,Automatic,14,7666.666666666667
Toyota,Corrolla Altis,2014,130000,3350000,Petrol,Karachi,Original,Imported,Automatic,12,10000.0
Honda,City Aspire,2013,50000,2850000,Petrol,Lahore,Original,Local,Automatic,13,3571.4285714285716
Toyota,Corrolla Altis,2015,85000,4375000,Petrol,Lahore,Original,Local,Automatic,11,7083.333333333333
Daihatsu,Move,2014,124000,2150000,Petrol,Lahore,Original,Imported,Automatic,12,9538.461538461539
KIA,Classic,2005,190000,670000,Petrol,Lahore,Original,Imported,Manual,21,8636.363636363636
Daihatsu,Terios Kid,2009,80000,1300000,Petrol,Lahore,Original,Imported,Automatic,17,4444.444444444444
Suzuki,Ravi,2015,336000,650000,Petrol,Multan,Original,Local,Manual,11,28000.0
Honda,City IVTEC,2015,109000,2600000,Petrol,Lahore,Original,Local,Manual,11,9083.333333333334
Daihatsu,Cuore,2008,141000,745000,Petrol,Karachi,Original,Local,Manual,18,7421.0526315789475
Daihatsu,Hijet,2016,178000,1100000,Petrol,Lahore,Original,Imported,Manual,10,16181.818181818182
Suzuki,Alto,2007,100000,710000,CNG,Karachi,Original,Local,Manual,19,5000.0
Toyota,Corrolla Altis,2021,34000,4800000,Petrol,Karachi,Original,Local,Manual,5,5666.666666666667
Honda,City Aspire,2013,106500,2700000,Petrol,Lahore,Original,Local,Automatic,13,7607.142857142857
Honda,City IVTEC,2018,93000,3350000,Petrol,Lahore,Original,Local,Manual,8,10333.333333333334
Suzuki,Mehran VXR,2006,90000,660000,Petrol,Rawalpindi,Original,Local,Manual,20,4285.714285714285
Toyota,Corolla GLI,2002,153000,1299000,Petrol,Lahore,Original,Local,Manual,24,6120.0
KIA,Picanto,2008,136000,750000,Petrol,Karachi,Original,Imported,Manual,18,7157.894736842105
KIA,Picanto,2021,38600,2590000,Petrol,Karachi,Original,Imported,Manual,5,6433.333333333333
Daihatsu,Hijet,2017,100000,1350000,Petrol,Lahore,Original,Imported,Automatic,9,10000.0
Hyundai,Santro,2006,137000,1000000,Petrol,Lahore,Original,Local,Manual,20,6523.809523809524
Daihatsu,Cuore,2007,100000,610000,Petrol,Karachi,Original,Local,Automatic,19,5000.0
Suzuki,Ravi,2017,90000,1100000,Petrol,Rawalpindi,Original,Local,Manual,9,9000.0
Suzuki,Wagon R,2023,7700,2975000,Petrol,Unregistered,Original,Local,Manual,3,1925.0
Daihatsu,Cuore,2004,130000,765000,Petrol,Karachi,Original,Imported,Automatic,22,5652.173913043478
Honda,City Aspire,2002,102700,840000,Petrol,Multan,Original,Local,Manual,24,4108.0
Daihatsu,Cuore,2011,142500,1190000,Petrol,Lahore,Original,Local,Manual,15,8906.25
Honda,City IVTEC,2016,110336,3400000,Petrol,Lahore,Original,Local,Manual,10,10030.545454545454
Suzuki,Baleno,2000,123456,930000,Petrol,Mardan,Original,Imported,Manual,26,4572.444444444444
Suzuki,Bolan,2009,70000,850000,Petrol,Islamabad,Original,Local,Manual,17,3888.8888888888887
Suzuki,Wagon R,2022,20000,3150000,Petrol,Lahore,Original,Local,Manual,4,4000.0
Suzuki,Bolan,2019,110000,1460000,Petrol,Rawalpindi,Original,Local,Manual,7,13750.0
Toyota,Corolla GLI,2015,72000,3300000,Petrol,Karachi,Original,Local,Manual,11,6000.0
Honda,City IVTEC,2014,136499,2575000,Petrol,Karachi,Original,Local,Manual,12,10499.923076923076
Toyota,Corrolla Altis,2006,111222,1675000,Petrol,Lahore,Original,Local,Manual,20,5296.285714285715
Suzuki,Swift,2011,121000,1525000,Petrol,Karachi,Original,Local,Manual,15,7562.5
Daihatsu,Terios Kid,2007,12345,1295000,Petrol,Karachi,Original,Imported,Automatic,19,617.25
Daihatsu,Mira,2014,95000,2430000,Petrol,Karachi,Original,Imported,Automatic,12,7307.692307692308
Mitsubishi,Pajero Mini,2006,160000,965000,Petrol,Lahore,Original,Local,Manual,20,7619.047619047619
KIA,Picanto,2021,35000,3650000,Petrol,Punjab,Original,Local,Automatic,5,5833.333333333333
Honda,City IVTEC,2006,90000,1775000,Petrol,Lahore,Original,Local,Manual,20,4285.714285714285
Honda,City IVTEC,2001,215000,1300000,Petrol,Lahore,Original,Imported,Automatic,25,8269.23076923077
Toyota,Corolla GLI,2015,100000,3200000,Petrol,Karachi,Original,Imported,Manual,11,8333.333333333334
Toyota,Corolla GLI,2013,146000,2920000,Petrol,Islamabad,Original,Local,Manual,13,10428.57142857143
Suzuki,Wagon R,2018,70000,2300000,Petrol,Lahore,Original,Local,Manual,8,7777.777777777777
Suzuki,Alto,2006,260448,810000,Petrol,Islamabad,Original,Local,Manual,20,12402.285714285714
Suzuki,Bolan,2013,75000,850000,Petrol,Lahore,Original,Local,Manual,13,5357.142857142857
Toyota,Yaris,2020,77230,4230000,Petrol,Punjab,Original,Imported,Manual,6,11032.857142857143
Hyundai,Santro,2003,1234,695000,CNG,Sindh,Original,Imported,Manual,23,51.416666666666664
Suzuki,Cultus VXR,2022,11500,3300000,Petrol,Karachi,Original,Local,Manual,4,2300.0
Suzuki,Alto,2015,73600,2345000,Petrol,Karachi,Original,Imported,Automatic,11,6133.333333333333
Honda,Civic Prosmetic,2008,137000,1870000,Petrol,Lahore,Original,Local,Automatic,18,7210.526315789473
Daihatsu,Mira,2014,78000,2600000,Petrol,Karachi,Original,Imported,Automatic,12,6000.0
Toyota,Yaris,2022,47718,4900000,Petrol,Islamabad,Original,Local,Automatic,4,9543.6
Honda,City IVTEC,2016,97000,3390000,Petrol,Islamabad,Original,Local,Manual,10,8818.181818181818
Daihatsu,Mira,2011,99000,2090000,Petrol,Lahore,Original,Imported,Automatic,15,6187.5
Daihatsu,Cuore,2008,124000,750000,Petrol,Karachi,Original,Imported,Manual,18,6526.315789473684
Toyota,Corolla GLI,2018,59000,4250000,Petrol,Islamabad,Original,Local,Automatic,8,6555.555555555556
Changan,Alsvin,2022,27000,4050000,Petrol,Islamabad,Original,Imported,Automatic,4,5400.0
Daihatsu,Hijet,2014,200000,1180000,Petrol,Lahore,Original,Imported,Automatic,12,15384.615384615385
Honda,Civic Prosmetic,2000,150000,1350000,Petrol,Peshawar,Original,Local,Automatic,26,5555.555555555556
Toyota,Corolla XLI,2013,200000,2750000,Petrol,Lahore,Original,Local,Manual,13,14285.714285714286
Toyota,Corrolla Altis,2018,67900,4500000,Petrol,Karachi,Original,Local,Automatic,8,7544.444444444444
Daihatsu,Hijet,2007,177850,1250000,Petrol,Lahore,Original,Imported,Manual,19,8892.5
Daihatsu,Mira,2016,140000,2000000,Petrol,Lahore,Original,Imported,Automatic,10,12727.272727272728
KIA,Picanto,2022,30000,3650000,Petrol,Islamabad,Original,Local,Automatic,4,6000.0
Daihatsu,Hijet,2011,77000,1600000,Petrol,Karachi,Original,Imported,Automatic,15,4812.5
Daihatsu,Mira,2012,97000,2150000,Petrol,Sindh,Original,Imported,Automatic,14,6466.666666666667
Suzuki,Mehran VXR,2016,12345,1040000,Petrol,Lahore,Original,Local,Manual,10,1122.2727272727273
Toyota,Yaris,2022,75000,4300000,Petrol,Islamabad,Original,Local,Automatic,4,15000.0
Suzuki,Every,2019,224000,1550000,Petrol,Lahore,Original,Imported,Automatic,7,28000.0
Toyota,Corolla GLI,2009,200000,2200000,Petrol,Lahore,Original,Local,Manual,17,11111.111111111111
Suzuki,Bolan,2006,58965,650000,Petrol,Peshawar,Original,Local,Manual,20,2807.8571428571427
Suzuki,Bolan,2017,60000,949000,Petrol,Karachi,Original,Local,Manual,9,6000.0
Hyundai,Santro,2007,100000,1000000,Petrol,Lahore,Original,Local,Manual,19,5000.0
Toyota,Corolla XLI,2017,54149,3820000,Petrol,Lahore,Original,Local,Manual,9,5414.9
Suzuki,Every,2007,140000,1345000,Petrol,Karachi,Original,Imported,Automatic,19,7000.0
Suzuki,Bolan,2011,70000,715000,Petrol,Lahore,Original,Local,Manual,15,4375.0
Changan,Karvaan,2023,19800,2450000,Petrol,Punjab,Original,Local,Manual,3,4950.0
Honda,City IVTEC,2010,111111,3000000,Petrol,Islamabad,Original,Imported,Manual,16,6535.941176470588
Daihatsu,Cuore,2008,100000,875000,Petrol,Lahore,Original,Local,Manual,18,5263.1578947368425
Hyundai,Santro,2003,137000,825000,Petrol,Karachi,Original,Local,Manual,23,5708.333333333333
Honda,City IDSI,2003,150000,1075000,Petrol,Lahore,Original,Local,Manual,23,6250.0
Mitsubishi,Minicab Bravo,2018,91000,1230000,Petrol,Lahore,Original,Imported,Automatic,8,10111.111111111111
Suzuki,Bolan,2015,78000,1125000,Petrol,Lahore,Original,Local,Manual,11,6500.0
Daihatsu,Cuore,2008,100000,665000,Petrol,Karachi,Original,Local,Manual,18,5263.1578947368425
Toyota,Passo,2014,215000,3000000,Petrol,Islamabad,Original,Imported,Automatic,12,16538.46153846154
Honda,Civic Prosmetic,2012,190666,2390000,Petrol,Islamabad,Original,Imported,Automatic,14,12711.066666666668
Suzuki,Bolan,2007,98000,770000,CNG,Karachi,Original,Local,Manual,19,4900.0
Honda,Civic Prosmetic,2004,200000,1980000,Petrol,Lahore,Original,Local,Automatic,22,8695.652173913044
Changan,Alsvin,2021,17800,3700000,Petrol,Karachi,Original,Imported,Automatic,5,2966.6666666666665
Daihatsu,Hijet,2018,129000,1250000,Petrol,Lahore,Original,Imported,Automatic,8,14333.333333333334
Changan,Karvaan,2022,33000,2325000,Petrol,Punjab,Original,Local,Manual,4,6600.0
Honda,City IDSI,2003,222000,1050000,Petrol,Karachi,Original,Local,Manual,23,9250.0
Toyota,Corolla XLI,2013,131000,2280000,Petrol,Lahore,Original,Local,Manual,13,9357.142857142857
Toyota,Corolla XLI,2009,80000,2100000,Petrol,Karachi,Original,Local,Manual,17,4444.444444444444
Honda,City IVTEC,2011,150000,2190000,Petrol,Karachi,Original,Local,Manual,15,9375.0
Honda,City IDSI,2002,250000,1450000,Petrol,Lahore,Original,Local,Manual,24,10000.0
Suzuki,Bolan,2019,90000,1400000,Petrol,Lahore,Original,Imported,Manual,7,11250.0
Changan,Karvaan,2021,21000,2020000,Petrol,Karachi,Original,Local,Manual,5,3500.0
FAW,X-PV,2016,50000,1075000,Petrol,Lahore,Original,Imported,Manual,10,4545.454545454545
Daihatsu,Cuore,2002,12345,600000,Petrol,Mirpur,Original,Imported,Manual,24,493.8
Suzuki,Alto,2005,99999,620000,Petrol,Karachi,Original,Local,Manual,21,4545.409090909091
Honda,Civic Oriel,2011,98500,1999000,Petrol,Lahore,Original,Imported,Manual,15,6156.25
Toyota,Yaris,2020,123456,4050000,Petrol,Islamabad,Original,Local,Automatic,6,17636.571428571428
Suzuki,Baleno,2002,375000,1030000,Petrol,Lahore,Original,Imported,Manual,24,15000.0
Daihatsu,Cuore,2000,123456,570000,Petrol,Lahore,Original,Imported,Manual,26,4572.444444444444
KIA,Picanto,2021,51000,2675000,Petrol,Islamabad,Original,Local,Automatic,5,8500.0
Honda,Civic Prosmetic,2005,116000,1545000,Petrol,Lahore,Original,Local,Automatic,21,5272.727272727273
KIA,Spectra,2001,145000,765000,Petrol,Islamabad,Original,Local,Manual,25,5576.923076923077
KIA,Sportage,2003,150000,1200000,Petrol,Karachi,Original,Imported,Manual,23,6250.0
Suzuki,Every,2012,100000,1600000,Petrol,Lahore,Original,Imported,Automatic,14,6666.666666666667
Honda,City IVTEC,2015,86500,2975000,Petrol,Lahore,Original,Local,Manual,11,7208.333333333333
Daihatsu,Hijet,2015,74000,2050000,Petrol,Karachi,Original,Imported,Automatic,11,6166.666666666667
Honda,Civic Oriel,2009,182000,2200000,Petrol,Lahore,Original,Local,Manual,17,10111.111111111111
Toyota,Corolla GLI,2009,250000,2125000,Petrol,Faisalabad,Original,Local,Manual,17,13888.888888888889
Suzuki,Bolan,2010,100000,625000,Petrol,Karachi,Original,Local,Manual,16,5882.35294117647
Honda,City Aspire,2019,41555,4000000,Petrol,Lahore,Original,Local,Automatic,7,5194.375
Honda,City IVTEC,2017,75000,3175000,Petrol,Lahore,Original,Local,Manual,9,7500.0
Suzuki,Baleno,2001,150000,700000,Petrol,Lahore,Original,Imported,Manual,25,5769.2307692307695
Toyota,Corolla GLI,2015,87000,3300000,Petrol,Sindh,Original,Local,Manual,11,7250.0
Suzuki,Alto,2023,8400,2860000,Petrol,Punjab,Original,Local,Automatic,3,2100.0
FAW,X-PV,2015,12345,685000,Petrol,Lahore,Original,Local,Manual,11,1028.75
Honda,City Aspire,2014,97000,2760000,Petrol,Lahore,Original,Local,Manual,12,7461.538461538462
Honda,City Vario,2003,12000,1500000,Petrol,Karachi,Original,Local,Automatic,23,500.0
Toyota,Corrolla Altis,2006,149940,1665000,Petrol,Karachi,Original,Local,Manual,20,7140.0
Honda,City IVTEC,2001,150000,700000,Petrol,Karachi,Original,Local,Manual,25,5769.2307692307695
Daihatsu,Cuore,2009,100000,870000,Petrol,Karachi,Original,Local,Manual,17,5555.555555555556
Honda,City Aspire,2014,200100,2800000,Petrol,Lahore,Original,Local,Automatic,12,15392.307692307691
Hyundai,Santro,2006,130000,980000,Petrol,Lahore,Original,Local,Manual,20,6190.476190476191
Honda,City Aspire,2016,85000,3470000,Petrol,Lahore,Original,Local,Automatic,10,7727.272727272727
Suzuki,Bolan,2018,80000,1120000,Petrol,Karachi,Original,Local,Manual,8,8888.888888888889
Daihatsu,Mira,2017,72000,3065000,Petrol,Karachi,Original,Imported,Automatic,9,7200.0
Suzuki,Mehran VXR,2016,120000,1185000,Petrol,Multan,Original,Local,Manual,10,10909.09090909091
Suzuki,Wagon R,2014,150000,1530000,Petrol,Sindh,Original,Local,Manual,12,11538.461538461539
Mitsubishi,Pajero Mini,2000,25252,1100000,CNG,Karachi,Original,Imported,Manual,26,935.2592592592592
Hyundai,Santro,2005,250000,670000,Petrol,Jhelum,Original,Local,Manual,21,11363.636363636364
Suzuki,Bolan,2008,100000,560000,Petrol,Karachi,Original,Local,Manual,18,5263.1578947368425
Mitsubishi,Lancer,2006,123456,1490000,Petrol,Faisalabad,Original,Imported,Manual,20,5878.857142857143
Hyundai,Santro,2004,100000,850000,Petrol,Karachi,Original,Local,Manual,22,4347.826086956522
Suzuki,Mehran VXR,2014,70000,990000,Petrol,Lahore,Original,Local,Manual,12,5384.615384615385
Suzuki,Wagon R,2021,22030,2915000,Petrol,Punjab,Original,Local,Manual,5,3671.6666666666665
Daihatsu,Cuore,2003,50000,700000,Petrol,Faisalabad,Original,Imported,Manual,23,2083.3333333333335
Suzuki,Wagon R,2016,83000,1900000,Petrol,Sialkot,Original,Local,Manual,10,7545.454545454545
Suzuki,Alto,2009,12345,1150000,Petrol,Karachi,Original,Local,Automatic,17,685.8333333333334
Toyota,Corrolla Altis,2019,35000,4650000,Petrol,Lahore,Original,Local,Automatic,7,4375.0
Changan,Alsvin,2021,58000,3400000,Petrol,Karachi,Original,Local,Automatic,5,9666.666666666666
Honda,City Aspire,2014,98000,2750000,Petrol,Islamabad,Original,Local,Automatic,12,7538.461538461538
Honda,City Aspire,2020,90000,4000000,Petrol,Lahore,Original,Imported,Automatic,6,12857.142857142857
Daihatsu,Move,2012,76698,1825000,Petrol,Lahore,Original,Imported,Automatic,14,5113.2
Honda,Civic Oriel,2017,70000,4450000,Petrol,Sindh,Original,Local,Automatic,9,7000.0
Honda,Civic Prosmetic,2005,88000,1600000,Petrol,Multan,Original,Local,Automatic,21,4000.0
Hyundai,Santro,2006,75500,866000,Petrol,Faisalabad,Original,Local,Manual,20,3595.2380952380954
Daihatsu,Hijet,2016,200000,1150000,Petrol,Lahore,Original,Imported,Manual,10,18181.81818181818
Suzuki,Alto,2007,180000,640000,Petrol,Karachi,Original,Local,Manual,19,9000.0
Suzuki,Every,2014,191619,1650000,Petrol,Islamabad,Original,Imported,Automatic,12,14739.923076923076
Suzuki,Mehran VXR,2013,123456,845000,Petrol,Sindh,Original,Imported,Manual,13,8818.285714285714
Honda,City IVTEC,2021,25000,4700000,Petrol,Islamabad,Original,Local,Automatic,5,4166.666666666667
Daihatsu,Mira,2020,22000,3750000,Petrol,Unregistered,Original,Imported,Manual,6,3142.8571428571427
Daihatsu,Mira,2014,124567,1675000,Petrol,Karachi,Original,Imported,Manual,12,9582.076923076924
Suzuki,Mehran VXR,2015,123456,1150000,Petrol,Rawalpindi,Original,Local,Manual,11,10288.0
Suzuki,Bolan,2015,105000,1050000,Petrol,Lahore,Original,Local,Manual,11,8750.0
Honda,City IDSI,2006,10000,1850000,Petrol,Lahore,Original,Imported,Manual,20,476.1904761904762
Suzuki,Wagon R,2015,68000,2400000,Petrol,Lahore,Original,Imported,Automatic,11,5666.666666666667
Changan,Alsvin,2021,42000,4050000,Petrol,Lahore,Original,Local,Automatic,5,7000.0
FAW,X-PV,2020,40000,1340000,Petrol,Punjab,Original,Local,Manual,6,5714.285714285715
Daihatsu,Cuore,2008,80000,1000000,Petrol,Lahore,Original,Local,Manual,18,4210.526315789473
Suzuki,Every,2006,148803,1100000,Petrol,Karachi,Original,Imported,Manual,20,7085.857142857143
Honda,City IVTEC,2018,80000,3300000,Petrol,Lahore,Original,Local,Manual,8,8888.888888888889
Suzuki,Bolan,2015,70000,1050000,Petrol,Lahore,Original,Imported,Manual,11,5833.333333333333
Toyota,Corrolla Altis,2007,112000,1785000,Petrol,Karachi,Original,Local,Automatic,19,5600.0
Daihatsu,Cuore,2007,94000,690000,Petrol,Karachi,Original,Imported,Manual,19,4700.0
Daihatsu,Cuore,2005,100000,620000,Petrol,Karachi,Original,Imported,Manual,21,4545.454545454545
FAW,X-PV,2021,50000,1950000,Petrol,Lahore,Original,Local,Manual,5,8333.333333333334
Suzuki,Wagon R,2015,70000,1850000,Petrol,Lahore,Original,Local,Manual,11,5833.333333333333
Suzuki,Every,2016,77500,2550000,Petrol,Islamabad,Original,Imported,Automatic,10,7045.454545454545
Daihatsu,Cuore,2001,90000,590000,Petrol,Sahiwal,Duplicate,Local,Manual,25,3461.5384615384614
Chevrolet,Joy,2006,143700,720000,Petrol,Sindh,Original,Imported,Manual,20,6842.857142857143
Daihatsu,Cuore,2012,89000,980000,Petrol,Karachi,Original,Local,Manual,14,5933.333333333333
Suzuki,Bolan,2010,100000,720000,Petrol,Karachi,Original,Imported,Manual,16,5882.35294117647
Honda,City IDSI,2004,140000,1295000,Petrol,Sindh,Original,Local,Manual,22,6086.95652173913
Daihatsu,Cuore,2007,1000,860000,Petrol,Karachi,Original,Imported,Manual,19,50.0
Daihatsu,Hijet,2012,123756,1320000,Petrol,Karachi,Original,Imported,Manual,14,8250.4
Suzuki,Cultus VXR,2017,71000,2300000,Petrol,Lahore,Original,Local,Manual,9,7100.0
Changan,Karvaan,2022,26000,2449000,Petrol,Punjab,Original,Local,Automatic,4,5200.0
Suzuki,Bolan,2015,70000,1080000,Petrol,Punjab,Original,Local,Manual,11,5833.333333333333
Suzuki,Swift,2012,107465,1750000,Petrol,Lahore,Original,Local,Manual,14,7164.333333333333
Toyota,Passo,2013,135000,2475000,Petrol,Karachi,Original,Imported,Automatic,13,9642.857142857143
Honda,City IVTEC,2016,95000,2890000,Petrol,Lahore,Original,Local,Manual,10,8636.363636363636
Honda,City Vario,2004,132000,1375000,Petrol,Karachi,Original,Imported,Automatic,22,5739.130434782609
Suzuki,Swift,2011,79000,1465000,Petrol,Karachi,Original,Local,Manual,15,4937.5
Daihatsu,Mira,2015,220000,2670000,Petrol,Islamabad,Original,Imported,Automatic,11,18333.333333333332
Suzuki,Alto,2008,75000,725000,Petrol,Karachi,Original,Local,Manual,18,3947.3684210526317
Suzuki,Alto,2011,201480,1150000,Petrol,Lahore,Original,Local,Manual,15,12592.5
Suzuki,Bolan,2017,55000,1375000,Petrol,Rawalpindi,Original,Local,Manual,9,5500.0
Suzuki,Mehran VXR,2018,28300,1550000,Petrol,Lahore,Original,Local,Manual,8,3144.4444444444443
Suzuki,Cultus VXR,2018,110000,2200000,Petrol,Lahore,Original,Local,Manual,8,12222.222222222223
Honda,City IDSI,2001,98000,850000,Petrol,Karachi,Original,Local,Manual,25,3769.230769230769
Hyundai,Santro,2006,75500,846000,Petrol,Faisalabad,Original,Local,Manual,20,3595.2380952380954
Toyota,Corolla XLI,2013,100000,3000000,Petrol,Lahore,Original,Imported,Manual,13,7142.857142857143
Toyota,Corolla XLI,2009,123456,1900000,Petrol,Lahore,Original,Local,Manual,17,6858.666666666667
Toyota,Corolla XLI,2014,80000,2750000,Petrol,Lahore,Original,Local,Manual,12,6153.846153846154
Toyota,Corolla XLI,2011,200000,2250000,Petrol,Islamabad,Original,Imported,Manual,15,12500.0
Suzuki,Wagon R,2022,24000,3200000,Petrol,Lahore,Original,Local,Automatic,4,4800.0
Suzuki,Wagon R,2019,75000,2350000,Petrol,Lahore,Original,Local,Manual,7,9375.0
Suzuki,Cultus VXR,2014,78000,1480000,Petrol,Lahore,Original,Local,Manual,12,6000.0
Suzuki,Cultus VXR,2008,80000,925000,Petrol,Karachi,Original,Local,Manual,18,4210.526315789473
Daihatsu,Terios Kid,2016,120000,2100000,Petrol,Lahore,Original,Imported,Automatic,10,10909.09090909091
Daihatsu,Cuore,2003,60000,580000,Petrol,Karachi,Original,Local,Manual,23,2500.0
Suzuki,Wagon R,2020,57000,2650000,Petrol,Sargodha,Original,Local,Manual,6,8142.857142857143
Honda,City IDSI,2007,123000,1755000,Petrol,Sindh,Original,Local,Manual,19,6150.0
Daihatsu,Mira,2012,82000,2125000,Petrol,Karachi,Original,Imported,Automatic,14,5466.666666666667
Daihatsu,Mira,2006,99000,1550000,Petrol,Karachi,Original,Imported,Manual,20,4714.285714285715
Honda,Civic Oriel,2006,135000,2300000,Petrol,Lahore,Original,Local,Manual,20,6428.571428571428
Toyota,Altis Grande,2015,200000,4150000,Petrol,Islamabad,Original,Local,Automatic,11,16666.666666666668
Honda,City IVTEC,2016,151000,3400000,Petrol,Islamabad,Original,Local,Manual,10,13727.272727272728
Honda,Civic Oriel,2017,148000,4850000,Petrol,Islamabad,Original,Local,Automatic,9,14800.0
Daihatsu,Cuore,2010,123456,550000,Petrol,Karachi,Duplicate,Local,Manual,16,7262.117647058823
Suzuki,Wagon R,2017,89000,1890000,Petrol,Lahore,Original,Local,Manual,9,8900.0
Toyota,Corrolla Altis,2006,95000,1780000,Petrol,Karachi,Original,Local,Automatic,20,4523.809523809524
Suzuki,Baleno,2004,237000,960000,Petrol,Islamabad,Original,Local,Manual,22,10304.347826086956
Daihatsu,Hijet,2008,1000,1250000,Petrol,Karachi,Original,Imported,Automatic,18,52.63157894736842
Suzuki,Alto,2022,40000,2225000,Petrol,Karachi,Original,Local,Manual,4,8000.0
Suzuki,Alto,2021,30000,2315000,Petrol,Karachi,Original,Local,Manual,5,5000.0
Daihatsu,Move,2013,69000,2450000,Petrol,Lahore,Original,Imported,Automatic,13,4928.571428571428
Daihatsu,Hijet,2015,100000,1270000,Petrol,Karachi,Original,Local,Automatic,11,8333.333333333334
Hyundai,Santro,2001,100000,630000,Petrol,Karachi,Original,Imported,Manual,25,3846.153846153846
Suzuki,Wagon R,2022,10000,3000000,Petrol,Islamabad,Original,Local,Automatic,4,2000.0
Hyundai,Santro,2006,152222,930000,CNG,Islamabad,Original,Local,Manual,20,7248.666666666667
Suzuki,Wagon R,2015,136000,1825000,Petrol,Multan,Original,Local,Manual,11,11333.333333333334
Honda,Civic Oriel,2017,69000,4700000,Petrol,Sindh,Original,Local,Automatic,9,6900.0
Honda,Civic Prosmetic,2002,100000,1050000,Petrol,Karachi,Original,Local,Automatic,24,4000.0
Suzuki,Alto,2006,100000,620000,Petrol,Karachi,Original,Imported,Manual,20,4761.9047619047615
Toyota,Yaris,2021,35000,3880000,Petrol,Sindh,Original,Local,Manual,5,5833.333333333333
Toyota,Corolla GLI,2016,130000,3775000,Petrol,Lahore,Original,Local,Automatic,10,11818.181818181818
Honda,City IVTEC,2006,200000,1580000,Petrol,Lahore,Original,Local,Manual,20,9523.809523809523
Toyota,Corrolla Altis,2009,145000,2400000,Petrol,Faisalabad,Original,Local,Automatic,17,8055.555555555556
Suzuki,Swift,2011,131000,1800000,Petrol,Faisalabad,Original,Local,Manual,15,8187.5
Suzuki,Mehran VXR,2005,30000,740000,Petrol,Lahore,Original,Imported,Manual,21,1363.6363636363637
Daihatsu,Move,2018,110000,3150000,Petrol,Karachi,Original,Imported,Automatic,8,12222.222222222223
Honda,City Aspire,2014,130000,2690000,Petrol,Lahore,Original,Local,Manual,12,10000.0
Suzuki,Alto,2003,6850,650000,Petrol,Karachi,Original,Imported,Manual,23,285.4166666666667
Suzuki,Bolan,2006,25088,700000,Petrol,Rawalpindi,Original,Local,Manual,20,1194.6666666666667
Toyota,Corolla XLI,2007,123456,2100000,Petrol,Lahore,Original,Local,Manual,19,6172.8
Toyota,Corolla XLI,2006,275196,1450000,Petrol,Faisalabad,Original,Local,Manual,20,13104.57142857143
Honda,Civic Prosmetic,2006,200000,1720000,Petrol,Islamabad,Original,Local,Automatic,20,9523.809523809523
Suzuki,Ravi,2011,80000,770000,CNG,Mardan,Original,Imported,Manual,15,5000.0
Hyundai,Santro,2004,99000,650000,Petrol,Karachi,Original,Imported,Manual,22,4304.347826086957
Suzuki,Alto,2022,24900,2450000,Petrol,Lahore,Original,Local,Manual,4,4980.0
Daihatsu,Cuore,2011,150000,840000,Petrol,Karachi,Original,Imported,Manual,15,9375.0
Changan,Karvaan,2022,29000,2200000,Petrol,Karachi,Original,Local,Manual,4,5800.0
Hyundai,Santro,2006,100000,840000,Petrol,Faisalabad,Original,Local,Manual,20,4761.9047619047615
Hyundai,Santro,2006,150000,950000,Petrol,Lahore,Original,Local,Manual,20,7142.857142857143
Suzuki,Mehran VXR,2004,45000,520000,Petrol,Lahore,Original,Local,Manual,22,1956.5217391304348
Toyota,Passo,2007,96000,1800000,Petrol,Islamabad,Original,Imported,Automatic,19,4800.0
Suzuki,Alto,2007,150000,725000,CNG,Karachi,Original,Local,Manual,19,7500.0
Toyota,Corolla GLI,2010,160000,2300000,Petrol,Faisalabad,Original,Local,Manual,16,9411.764705882353
Honda,City Aspire,2001,29500,1075000,Petrol,Sindh,Original,Local,Manual,25,1134.6153846153845
Daihatsu,Mira,2012,120000,1885000,Petrol,Karachi,Original,Imported,Automatic,14,8000.0
Daihatsu,Cuore,2008,123456,795000,Petrol,Karachi,Original,Local,Manual,18,6497.684210526316
Honda,City Vario,2006,30000,1750000,Petrol,Karachi,Original,Imported,Automatic,20,1428.5714285714287
Suzuki,Bolan,2015,77505,1180000,Petrol,Rawalpindi,Original,Local,Manual,11,6458.75
Suzuki,Alto,2021,34000,2250000,Petrol,Karachi,Original,Local,Manual,5,5666.666666666667
FAW,V2,2018,30000,1600000,Petrol,Karachi,Original,Local,Manual,8,3333.3333333333335
Toyota,Corolla XLI,2009,205000,2150000,Petrol,Lahore,Original,Local,Manual,17,11388.888888888889
Honda,City Aspire,2019,34000,4300000,Petrol,Islamabad,Original,Local,Automatic,7,4250.0
Suzuki,Mehran VXR,2011,50000,800000,Petrol,Sahiwal,Original,Local,Manual,15,3125.0
Honda,Civic Prosmetic,2007,99580,2150000,Petrol,Lahore,Original,Local,Automatic,19,4979.0
Toyota,Corolla XLI,2006,62000,2750000,Petrol,Islamabad,Original,Local,Manual,20,2952.3809523809523
Toyota,Corrolla Altis,2018,60000,4700000,Petrol,Islamabad,Original,Local,Automatic,8,6666.666666666667
Suzuki,Every,2013,52000,1850000,Petrol,Lahore,Original,Imported,Automatic,13,3714.285714285714
Toyota,Corolla GLI,2009,120000,2800000,Petrol,Lahore,Original,Local,Manual,17,6666.666666666667
Changan,Karvaan,2021,33000,2275000,Petrol,Karachi,Original,Local,Manual,5,5500.0
Suzuki,Mehran VXR,2016,55000,1100000,Petrol,Multan,Original,Local,Manual,10,5000.0
Daihatsu,Mira,2006,190000,1650000,Petrol,Lahore,Original,Imported,Automatic,20,9047.619047619048
Suzuki,Bolan,2019,65000,1180000,Petrol,Lahore,Original,Local,Manual,7,8125.0
Honda,City Aspire,2018,46000,3775000,Petrol,Lahore,Original,Local,Manual,8,5111.111111111111
Honda,City IVTEC,2016,78000,3380000,Petrol,Lahore,Original,Local,Automatic,10,7090.909090909091
Hyundai,Santro,2004,220000,790000,Petrol,Karachi,Original,Local,Manual,22,9565.217391304348
Daihatsu,Mira,2020,30000,3680000,Petrol,Unregistered,Original,Imported,Automatic,6,4285.714285714285
FAW,V2,2019,52000,1790000,Petrol,Lahore,Original,Local,Manual,7,6500.0
Hyundai,Santro,2005,212000,900000,Petrol,Sindh,Original,Imported,Manual,21,9636.363636363636
Changan,Karvaan,2021,65000,2700000,Petrol,Sindh,Original,Imported,Manual,5,10833.333333333334
Honda,City IDSI,2005,200000,1450000,Petrol,Lahore,Original,Local,Manual,21,9090.90909090909
Suzuki,Ravi,2007,40000,700000,Petrol,Karachi,Original,Local,Manual,19,2000.0
Hyundai,Santro,2005,243621,910000,Petrol,Lahore,Original,Imported,Manual,21,11073.681818181818
Chevrolet,Exclusive,2006,50000,670000,Petrol,Lahore,Original,Imported,Manual,20,2380.9523809523807
Suzuki,Bolan,2010,61000,600000,Petrol,Karachi,Original,Local,Manual,16,3588.235294117647
Suzuki,Bolan,2009,123456,650000,Petrol,Lahore,Original,Imported,Manual,17,6858.666666666667
Suzuki,Wagon R,2021,88000,2780000,Petrol,Sindh,Original,Local,Automatic,5,14666.666666666666
Daihatsu,Cuore,2008,55000,800000,Petrol,Karachi,Original,Local,Manual,18,2894.7368421052633
Daihatsu,Hijet,2014,180000,1675000,Petrol,Karachi,Original,Imported,Automatic,12,13846.153846153846
Hyundai,Santro,2003,110000,825000,Petrol,Lahore,Original,Local,Manual,23,4583.333333333333
Suzuki,Bolan,2018,440000,1225000,Petrol,Karachi,Original,Local,Manual,8,48888.88888888889
Honda,City Aspire,2016,135000,2875000,Petrol,Faisalabad,Original,Local,Manual,10,12272.727272727272
Honda,City Vario,2006,133000,1700000,Petrol,Sindh,Original,Imported,Automatic,20,6333.333333333333
Suzuki,Mehran VXR,2007,240000,650000,Petrol,Lahore,Original,Imported,Manual,19,12000.0
Mitsubishi,Minicab Bravo,2009,30000,1250000,Petrol,Karachi,Original,Imported,Automatic,17,1666.6666666666667
Daihatsu,Move,2016,71882,2250000,Petrol,Lahore,Original,Imported,Automatic,10,6534.727272727273
Suzuki,Cultus VXR,2001,74000,640000,Petrol,Sindh,Original,Local,Manual,25,2846.153846153846
Toyota,Corolla GLI,2016,68000,3630000,Petrol,Lahore,Original,Local,Manual,10,6181.818181818182
Honda,Civic Prosmetic,2008,150000,1950000,Petrol,Karachi,Original,Local,Automatic,18,7894.736842105263
Honda,City Aspire,2015,90000,3230000,Petrol,Islamabad,Original,Local,Manual,11,7500.0
Toyota,Corolla XLI,2009,235323,2250000,Petrol,Islamabad,Original,Local,Manual,17,13073.5
Hyundai,Santro,2004,1254,895000,Petrol,Lahore,Original,Local,Manual,22,54.52173913043478
Toyota,Corolla GLI,2012,110000,2250000,Petrol,Lahore,Original,Local,Manual,14,7333.333333333333
Daihatsu,Mira,2012,85000,2100000,Petrol,Karachi,Original,Imported,Automatic,14,5666.666666666667
Daihatsu,Cuore,2011,12345,1140000,Petrol,Lahore,Original,Local,Manual,15,771.5625
Suzuki,Mehran VXR,2017,120000,970000,Petrol,Punjab,Original,Local,Manual,9,12000.0
Honda,City IVTEC,2007,99000,2060000,Petrol,Islamabad,Original,Local,Automatic,19,4950.0
Hyundai,Santro,2005,95000,775000,Petrol,Faisalabad,Original,Local,Manual,21,4318.181818181818
Suzuki,Every,2022,44000,2385000,Petrol,Punjab,Original,Imported,Automatic,4,8800.0
Suzuki,Mehran VXR,2019,32600,1500000,Petrol,Sindh,Original,Local,Manual,7,4075.0
Daihatsu,Mira,2007,100000,1780000,Petrol,Karachi,Original,Imported,Automatic,19,5000.0
Hyundai,Santro,2000,12345,630000,CNG,Peshawar,Original,Local,Manual,26,457.22222222222223
Suzuki,Alto,2011,86000,850000,Petrol,Karachi,Original,Local,Manual,15,5375.0
Honda,Civic Prosmetic,2006,150000,1850000,Petrol,Lahore,Original,Imported,Automatic,20,7142.857142857143
Toyota,Corolla XLI,2003,100000,2200000,Petrol,Islamabad,Original,Local,Manual,23,4166.666666666667
Suzuki,Wagon R,2017,110000,1915000,Petrol,Lahore,Original,Imported,Manual,9,11000.0
Daihatsu,Move,2012,100000,2100000,Petrol,Karachi,Original,Imported,Automatic,14,6666.666666666667
Toyota,Corolla XLI,2006,123456,1590000,Petrol,Karachi,Original,Local,Manual,20,5878.857142857143
Suzuki,Alto,2004,1350,1080000,Petrol,Islamabad,Original,Imported,Automatic,22,58.69565217391305
Suzuki,Bolan,2015,12345,900000,Petrol,Gujranwala,Original,Local,Manual,11,1028.75
Suzuki,Bolan,2007,100000,690000,Petrol,Lahore,Original,Local,Manual,19,5000.0
Suzuki,Every,2014,200000,1590000,Petrol,Lahore,Original,Imported,Automatic,12,15384.615384615385
Honda,City IDSI,2008,160000,1980000,Petrol,Peshawar,Original,Local,Automatic,18,8421.052631578947
Suzuki,Mehran VXR,2006,50000,480000,Petrol,Karachi,Original,Local,Manual,20,2380.9523809523807
Toyota,Corrolla Altis,2008,130000,2200000,Petrol,Lahore,Original,Local,Automatic,18,6842.105263157895
Honda,City Vario,2001,150000,1295000,Petrol,Islamabad,Original,Local,Manual,25,5769.2307692307695
Daihatsu,Hijet,2023,41345,2495000,Petrol,Lahore,Original,Imported,Automatic,3,10336.25
Suzuki,Bolan,2012,56000,850000,Petrol,Karachi,Original,Local,Manual,14,3733.3333333333335
Suzuki,Bolan,2015,98000,940000,Petrol,Rawalpindi,Original,Local,Manual,11,8166.666666666667
Mitsubishi,Lancer,2004,128000,1590000,Petrol,Lahore,Original,Imported,Automatic,22,5565.217391304348
Changan,Alsvin,2022,15000,3785000,Petrol,Punjab,Original,Local,Manual,4,3000.0
Honda,City IVTEC,2016,200000,2995000,Petrol,Lahore,Original,Local,Manual,10,18181.81818181818
Suzuki,Cultus VXR,2005,120000,750000,CNG,Lahore,Original,Local,Manual,21,5454.545454545455
Suzuki,Alto,2007,111111,670000,Petrol,Karachi,Original,Local,Manual,19,5555.55
KIA,Picanto,2020,24000,2995000,Petrol,Punjab,Original,Imported,Automatic,6,3428.5714285714284
Suzuki,Wagon R,2018,90000,2190000,Petrol,Lahore,Original,Imported,Manual,8,10000.0
Mitsubishi,Lancer,2014,120000,1350000,Petrol,Karachi,Original,Imported,Automatic,12,9230.76923076923
Hyundai,Santro,2006,150000,980000,Petrol,Lahore,Original,Local,Manual,20,7142.857142857143
Changan,Alsvin,2022,27500,4350000,Petrol,Islamabad,Original,Local,Automatic,4,5500.0
Suzuki,Mehran VXR,2001,10000,450000,Petrol,Gujranwala,Original,Local,Manual,25,384.61538461538464
Suzuki,Alto,2019,42000,2050000,Petrol,Karachi,Original,Local,Manual,7,5250.0
Suzuki,Swift,2018,65000,2545000,Petrol,Karachi,Original,Local,Manual,8,7222.222222222223
Honda,Civic Oriel,2016,88500,4475000,Petrol,Islamabad,Original,Local,Automatic,10,8045.454545454545
Suzuki,Bolan,2017,59000,1250000,Petrol,Lahore,Original,Local,Manual,9,5900.0
Hyundai,Santro,2007,100000,875000,Petrol,Sialkot,Original,Local,Manual,19,5000.0
Suzuki,Bolan,2005,10000,650000,Petrol,Faisalabad,Original,Local,Manual,21,454.54545454545456
Suzuki,Bolan,2019,130000,1600000,Petrol,Lahore,Original,Local,Manual,7,16250.0
Honda,City IVTEC,2015,105000,2600000,Petrol,Islamabad,Original,Imported,Manual,11,8750.0
Suzuki,Wagon R,2016,95000,2150000,Petrol,Lahore,Original,Imported,Automatic,10,8636.363636363636
Honda,City Aspire,2020,53000,4400000,Petrol,Lahore,Original,Local,Automatic,6,7571.428571428572
Toyota,Corolla XLI,2010,120500,2350000,Petrol,Islamabad,Original,Imported,Manual,16,7088.235294117647
Honda,City IDSI,2005,120000,1265000,Petrol,Karachi,Original,Local,Manual,21,5454.545454545455
Honda,City Vario,2006,200000,1850000,Petrol,Karachi,Original,Local,Automatic,20,9523.809523809523
Daihatsu,Mira,2020,6000,3775000,Petrol,Unregistered,Original,Imported,Automatic,6,857.1428571428571
Honda,City IVTEC,2014,152000,3000000,Petrol,Islamabad,Original,Local,Manual,12,11692.307692307691
Toyota,Passo,2011,125000,1475000,Petrol,Karachi,Original,Imported,Automatic,15,7812.5
Suzuki,Swift,2022,11300,4750000,Petrol,Karachi,Original,Local,Automatic,4,2260.0
Suzuki,Mehran VXR,2006,180000,480000,Petrol,Sargodha,Original,Local,Manual,20,8571.42857142857
Daihatsu,Cuore,2003,176477,710000,Petrol,Islamabad,Original,Local,Manual,23,7353.208333333333
Honda,Civic Oriel,2008,195000,1950000,Petrol,Lahore,Original,Local,Automatic,18,10263.157894736842
Hyundai,Santro,2007,270000,988000,Petrol,Sindh,Original,Local,Manual,19,13500.0
Honda,City IVTEC,2013,107000,2880000,Petrol,Lahore,Original,Local,Automatic,13,7642.857142857143
Suzuki,Baleno,2005,240000,850000,CNG,Karachi,Original,Local,Manual,21,10909.09090909091
Daihatsu,Mira,2019,51000,3175000,Petrol,Karachi,Original,Imported,Automatic,7,6375.0
Suzuki,Bolan,2013,25750,1100000,Petrol,Lahore,Original,Imported,Manual,13,1839.2857142857142
KIA,Picanto,2022,46000,3200000,Petrol,Multan,Original,Local,Automatic,4,9200.0
Honda,City IVTEC,2019,79000,3470000,Petrol,Islamabad,Original,Local,Manual,7,9875.0
Daihatsu,Cuore,2010,48500,980000,Petrol,Karachi,Original,Local,Manual,16,2852.9411764705883
Toyota,Corrolla Altis,2018,66000,4600000,Petrol,Lahore,Original,Local,Automatic,8,7333.333333333333
Honda,City IDSI,2001,12345,900000,Petrol,Lahore,Original,Imported,Manual,25,474.8076923076923
Daihatsu,Mira,2015,123456,1850000,Petrol,Karachi,Original,Local,Automatic,11,10288.0
Suzuki,Bolan,2018,60000,1030000,Petrol,Lahore,Original,Local,Manual,8,6666.666666666667
Daihatsu,Mira,2015,45000,2500000,Petrol,Karachi,Original,Imported,Automatic,11,3750.0
Suzuki,Swift,2022,28000,4450000,Petrol,Karachi,Original,Local,Automatic,4,5600.0
Daihatsu,Cuore,2006,100000,750000,Petrol,Lahore,Original,Imported,Manual,20,4761.9047619047615
Toyota,Corolla GLI,2019,98598,4290000,Petrol,Lahore,Original,Local,Manual,7,12324.75
Suzuki,Cultus VXR,2008,85358,920000,Petrol,Karachi,Original,Local,Manual,18,4492.526315789473
Suzuki,Every,2015,135872,2215000,Petrol,Lahore,Original,Imported,Automatic,11,11322.666666666666
Toyota,Passo,2011,160000,2175000,Petrol,Karachi,Original,Imported,Automatic,15,10000.0
Honda,Civic Prosmetic,2000,126300,1100000,Petrol,Lahore,Original,Imported,Automatic,26,4677.777777777777
Daihatsu,Hijet,2016,72000,1850000,Petrol,Karachi,Original,Imported,Automatic,10,6545.454545454545
Toyota,Corrolla Altis,2010,65000,2477750,Petrol,Lahore,Original,Local,Automatic,16,3823.529411764706
Hyundai,Santro,2000,125876,525000,Petrol,Karachi,Original,Local,Manual,26,4662.074074074074
Honda,City IVTEC,2022,48000,4250000,Petrol,Lahore,Original,Local,Manual,4,9600.0
Toyota,Corolla GLI,2011,200000,2070000,Petrol,Karachi,Original,Local,Manual,15,12500.0
Suzuki,Bolan,2006,175000,620000,Petrol,Karachi,Original,Imported,Manual,20,8333.333333333334
Honda,City IVTEC,2021,53000,3770000,Petrol,Sindh,Original,Local,Manual,5,8833.333333333334
Suzuki,Alto,2005,156500,985000,Petrol,Karachi,Original,Local,Automatic,21,7113.636363636364
Honda,City Aspire,2019,52300,4100000,Petrol,Lahore,Original,Local,Automatic,7,6537.5
Changan,Alsvin,2021,49000,3950000,Petrol,Islamabad,Original,Local,Automatic,5,8166.666666666667
Toyota,Corolla XLI,2006,1000,1800000,Petrol,Lahore,Original,Local,Manual,20,47.61904761904762
Mitsubishi,Ek Wagon,2011,140000,1350000,Petrol,Karachi,Original,Imported,Manual,15,8750.0
Suzuki,Wagon R,2022,45000,2600000,Petrol,Islamabad,Original,Local,Manual,4,9000.0
Daihatsu,Mira,2022,8000,3800000,Petrol,Unregistered,Original,Imported,Automatic,4,1600.0
Suzuki,Alto,2021,70000,2350000,Petrol,Punjab,Original,Local,Manual,5,11666.666666666666
Suzuki,Cultus VXR,2011,95000,950000,Petrol,Multan,Original,Local,Manual,15,5937.5
Honda,City Aspire,2022,38000,4950000,Petrol,Islamabad,Original,Local,Automatic,4,7600.0
Hyundai,Santro,2007,130000,900000,Petrol,Lahore,Original,Local,Manual,19,6500.0
Suzuki,Baleno,2003,12345,1050000,Petrol,Islamabad,Original,Local,Manual,23,514.375
Honda,City Aspire,2014,120000,3200000,Petrol,Lahore,Original,Local,Automatic,12,9230.76923076923
Honda,City Vario,2008,110000,1800000,Petrol,Karachi,Original,Local,Automatic,18,5789.473684210527
Daihatsu,Move,2019,75000,3250000,Petrol,Islamabad,Original,Imported,Automatic,7,9375.0
Suzuki,Alto,2010,110000,870000,Petrol,Karachi,Original,Local,Manual,16,6470.588235294118
Suzuki,Bolan,2005,10000,520000,Petrol,Karachi,Original,Imported,Manual,21,454.54545454545456
Toyota,Corolla GLI,2014,145000,2450000,Petrol,Islamabad,Original,Local,Manual,12,11153.846153846154
Hyundai,Santro,2004,198000,1125000,Petrol,Lahore,Original,Local,Manual,22,8608.695652173914
Toyota,Corolla GLI,2013,30000,2250000,Petrol,Lahore,Original,Local,Manual,13,2142.8571428571427
Suzuki,Bolan,2015,46000,850000,Petrol,Lahore,Original,Local,Manual,11,3833.3333333333335
Honda,Civic Prosmetic,2010,93000,2250000,Petrol,Islamabad,Original,Local,Automatic,16,5470.588235294118
Daihatsu,Hijet,2015,75000,1385000,Petrol,Lahore,Original,Imported,Automatic,11,6250.0
Daihatsu,Cuore,2005,94000,675000,CNG,Karachi,Original,Imported,Manual,21,4272.727272727273
Suzuki,Baleno,2004,125000,640000,Petrol,Lahore,Original,Local,Manual,22,5434.782608695652
Toyota,Corolla XLI,2013,168000,2300000,Petrol,Multan,Original,Local,Manual,13,12000.0
Toyota,Corolla XLI,2020,19000,4490000,Petrol,Lahore,Original,Imported,Manual,6,2714.285714285714
Toyota,Corolla GLI,2019,72000,4000000,Petrol,Karachi,Original,Local,Automatic,7,9000.0
Toyota,Corolla GLI,2008,68000,1580000,Petrol,Karachi,Original,Local,Manual,18,3578.9473684210525
Mitsubishi,Lancer,2004,207000,1295000,Petrol,Lahore,Original,Imported,Manual,22,9000.0
Toyota,Corrolla Altis,2018,72000,4825000,Petrol,Lahore,Original,Local,Automatic,8,8000.0
Hyundai,Santro,2005,165000,860000,Petrol,Lahore,Original,Local,Manual,21,7500.0
KIA,Picanto,2021,33000,2930000,Petrol,Lahore,Original,Local,Automatic,5,5500.0
FAW,V2,2018,59000,1600000,Petrol,Lahore,Original,Local,Manual,8,6555.555555555556
Suzuki,Alto,2022,70000,2300000,Petrol,Rawalpindi,Original,Local,Manual,4,14000.0
Hyundai,Santro,2006,120000,875000,Petrol,Karachi,Original,Imported,Manual,20,5714.285714285715
KIA,Spectra,2002,2030,800000,Petrol,Lahore,Original,Imported,Manual,24,81.2
Suzuki,Mehran VXR,2008,100000,700000,Petrol,Sindh,Original,Local,Manual,18,5263.1578947368425
Daihatsu,Cuore,2005,10000,720000,Petrol,Lahore,Original,Local,Manual,21,454.54545454545456
Toyota,Yaris,2022,45000,4850000,Petrol,Islamabad,Original,Local,Automatic,4,9000.0
Toyota,Passo,2013,96000,2750000,Petrol,Islamabad,Original,Imported,Automatic,13,6857.142857142857
Daihatsu,Cuore,2008,100000,1100000,Petrol,Karachi,Original,Local,Automatic,18,5263.1578947368425
Toyota,Passo,2020,32500,3850000,Petrol,Unregistered,Original,Imported,Automatic,6,4642.857142857143
Suzuki,Cultus VXR,2009,97000,925000,Petrol,Lahore,Duplicate,Local,Manual,17,5388.888888888889
Suzuki,Wagon R,2018,137000,1950000,Petrol,Lahore,Original,Local,Manual,8,15222.222222222223
Daihatsu,Cuore,2009,12345,650000,Petrol,Karachi,Original,Local,Manual,17,685.8333333333334
Daihatsu,Cuore,2003,12345,520000,Petrol,Karachi,Original,Local,Manual,23,514.375
Toyota,Passo,2007,104000,1775000,Petrol,Karachi,Original,Imported,Automatic,19,5200.0
Suzuki,Wagon R,2018,100000,2000000,Petrol,Islamabad,Original,Local,Manual,8,11111.111111111111
Suzuki,Swift,2012,187000,1620000,Petrol,Peshawar,Original,Local,Manual,14,12466.666666666666
Suzuki,Cultus VXR,2002,10000,645000,Petrol,Lahore,Original,Local,Manual,24,400.0
Suzuki,Baleno,2003,200000,600000,Petrol,Lahore,Original,Local,Manual,23,8333.333333333334
Toyota,Corolla GLI,2016,85000,3750000,Petrol,Islamabad,Original,Local,Automatic,10,7727.272727272727
Daihatsu,Cuore,2004,12345,660000,Petrol,Sindh,Original,Imported,Manual,22,536.7391304347826
Suzuki,Every,2019,92000,1640000,Petrol,Lahore,Original,Imported,Automatic,7,11500.0
Toyota,Altis Grande,2016,1234,4290000,Petrol,Rawalpindi,Original,Local,Automatic,10,112.18181818181819
Daihatsu,Cuore,2011,90000,975000,Petrol,Karachi,Original,Local,Manual,15,5625.0
Suzuki,Bolan,2019,61000,1650000,Petrol,Islamabad,Original,Local,Automatic,7,7625.0
KIA,Picanto,2021,44000,2560000,Petrol,Karachi,Original,Imported,Automatic,5,7333.333333333333
Suzuki,Alto,2012,10000,1025000,Petrol,Sindh,Original,Local,Manual,14,666.6666666666666
Suzuki,Every,2018,95000,2680000,Petrol,Unregistered,Original,Imported,Automatic,8,10555.555555555555
Daihatsu,Mira,2020,2000,3500000,Petrol,Karachi,Original,Imported,Automatic,6,285.7142857142857
Daihatsu,Mira,2016,58750,2450000,Petrol,Karachi,Original,Imported,Automatic,10,5340.909090909091
Suzuki,Alto,2014,144000,2350000,Petrol,Islamabad,Original,Imported,Automatic,12,11076.923076923076
FAW,X-PV,2019,53000,1390000,Petrol,Lahore,Original,Local,Manual,7,6625.0
FAW,X-PV,2016,50140,900000,Petrol,Lahore,Original,Local,Manual,10,4558.181818181818
Toyota,Yaris,2020,54000,4500000,Petrol,Islamabad,Original,Local,Automatic,6,7714.285714285715
Suzuki,Mehran VXR,2005,100000,598000,Petrol,Lahore,Original,Local,Manual,21,4545.454545454545
Suzuki,Wagon R,2017,130000,1650000,Petrol,Lahore,Original,Imported,Manual,9,13000.0
Mitsubishi,Ek Wagon,2019,22000,3150000,Petrol,Karachi,Original,Imported,Automatic,7,2750.0
Daihatsu,Mira,2007,100000,1515000,Petrol,Karachi,Original,Imported,Automatic,19,5000.0
FAW,V2,2017,137543,1650000,Petrol,Islamabad,Original,Local,Manual,9,13754.3
Suzuki,Swift,2016,93000,2550000,Petrol,Punjab,Original,Local,Automatic,10,8454.545454545454
Suzuki,Alto,2021,32000,2150000,Petrol,Lahore,Original,Local,Manual,5,5333.333333333333
Suzuki,Swift,2018,131000,2500000,Petrol,Karachi,Original,Local,Automatic,8,14555.555555555555
Suzuki,Mehran VXR,2008,51214,600000,Petrol,Multan,Original,Local,Manual,18,2695.4736842105262
Mitsubishi,Pajero Mini,2000,100050,1300000,CNG,Karachi,Original,Imported,Automatic,26,3705.5555555555557
KIA,Classic,2001,189000,425000,Petrol,Lahore,Original,Local,Manual,25,7269.2307692307695
Chevrolet,Exclusive,2005,190211,720000,Petrol,Lahore,Original,Local,Manual,21,8645.954545454546
Honda,Civic Prosmetic,2015,67800,3600000,Petrol,Karachi,Original,Local,Automatic,11,5650.0
Honda,Civic Oriel,2001,100000,1450000,Petrol,Punjab,Original,Imported,Manual,25,3846.153846153846
Daihatsu,Cuore,2007,123456,825000,Petrol,Lahore,Original,Local,Manual,19,6172.8
Suzuki,Cultus VXR,2006,130000,760000,Petrol,Lahore,Original,Imported,Manual,20,6190.476190476191
Mitsubishi,Minica,2012,80000,1250000,Petrol,Karachi,Original,Imported,Automatic,14,5333.333333333333
Suzuki,Bolan,2011,44400,1150000,CNG,Lahore,Original,Imported,Manual,15,2775.0
Mercedes,C Class,2004,130000,3100000,Petrol,Islamabad,Original,Imported,Automatic,22,5652.173913043478
Hyundai,Santro,2003,175000,800000,Petrol,Lahore,Original,Imported,Manual,23,7291.666666666667
Suzuki,Bolan,2014,53000,920000,Petrol,Karachi,Original,Local,Manual,12,4076.923076923077
Toyota,Passo,2005,200000,1720000,Petrol,Peshawar,Original,Imported,Automatic,21,9090.90909090909
Suzuki,Swift,2013,151000,1795000,Petrol,Karachi,Original,Local,Manual,13,10785.714285714286
Mitsubishi,Lancer,2008,135823,1450000,Petrol,Karachi,Original,Imported,Manual,18,7148.578947368421
Honda,Civic Prosmetic,2004,22222,1450000,Petrol,Lahore,Original,Local,Automatic,22,966.1739130434783
Suzuki,Cultus VXR,2015,43520,1500000,Petrol,Karachi,Original,Imported,Manual,11,3626.6666666666665
Honda,City IVTEC,2017,110000,3300000,Petrol,Karachi,Original,Local,Automatic,9,11000.0
Honda,City IVTEC,2016,1234,2800000,Petrol,Lahore,Original,Local,Manual,10,112.18181818181819
Toyota,Corolla XLI,2006,123554,1620000,Petrol,Lahore,Original,Local,Manual,20,5883.523809523809
Toyota,Corolla XLI,2007,4628,1600000,Petrol,Sindh,Original,Local,Manual,19,231.4
Suzuki,Wagon R,2021,42000,2645000,Petrol,Punjab,Original,Local,Manual,5,7000.0
Suzuki,Mehran VXR,2008,94000,690000,Petrol,Lahore,Original,Local,Manual,18,4947.368421052632
Honda,City IDSI,2004,130000,1245000,Petrol,Lahore,Original,Local,Manual,22,5652.173913043478
Honda,City IVTEC,2015,69000,2745000,Petrol,Karachi,Original,Local,Manual,11,5750.0
Toyota,Corolla GLI,2019,12300,3800000,Petrol,Bahawalpur,Original,Imported,Automatic,7,1537.5
Suzuki,Bolan,2022,31500,1785000,Petrol,Punjab,Original,Local,Manual,4,6300.0
Suzuki,Alto,2003,120000,550000,Petrol,Sindh,Original,Local,Manual,23,5000.0
Daihatsu,Move,2018,130000,2390000,Petrol,Lahore,Original,Imported,Automatic,8,14444.444444444445
Honda,City IDSI,2007,137500,1925000,Petrol,Lahore,Original,Imported,Automatic,19,6875.0
Daihatsu,Cuore,2004,206906,870000,Petrol,Lahore,Original,Imported,Automatic,22,8995.91304347826
Honda,Civic Oriel,2011,106000,2600000,Petrol,Karachi,Original,Local,Manual,15,6625.0
Toyota,Corrolla Altis,2018,200000,4500000,Petrol,Faisalabad,Original,Local,Automatic,8,22222.222222222223
Hyundai,Santro,2004,71000,870000,Petrol,Lahore,Original,Local,Manual,22,3086.9565217391305
Daihatsu,Mira,2012,137000,2325000,Petrol,Lahore,Original,Imported,Automatic,14,9133.333333333334
Suzuki,Cultus VXR,2004,123456,810000,Petrol,Islamabad,Original,Local,Manual,22,5367.652173913043
Suzuki,Every,2014,80000,1550000,Petrol,Badin,Original,Imported,Automatic,12,6153.846153846154
Suzuki,Alto,2020,66000,2250000,Petrol,Punjab,Original,Local,Manual,6,9428.57142857143
Hyundai,Santro,2004,25000,1400000,Petrol,Lahore,Original,Imported,Manual,22,1086.9565217391305
Suzuki,Bolan,2009,143000,750000,Petrol,Karachi,Original,Imported,Manual,17,7944.444444444444
Toyota,Corolla XLI,2016,102018,3250000,Petrol,Lahore,Original,Local,Manual,10,9274.363636363636
Daihatsu,Cuore,2012,1234,1282000,Petrol,Lahore,Original,Local,Manual,14,82.26666666666667
KIA,Picanto,2022,14500,3000000,Petrol,Karachi,Original,Local,Automatic,4,2900.0
Daihatsu,Mira,2013,77000,2150000,Petrol,Sindh,Original,Imported,Automatic,13,5500.0
Toyota,Passo,2006,170000,1875000,Petrol,Islamabad,Original,Local,Automatic,20,8095.238095238095
Honda,City IVTEC,2018,116000,3575000,Petrol,Lahore,Original,Local,Manual,8,12888.888888888889
Daihatsu,Mira,2018,78000,3275000,Petrol,Sindh,Original,Imported,Automatic,8,8666.666666666666
Suzuki,Bolan,2012,45000,460000,Petrol,Karachi,Original,Local,Manual,14,3000.0
Toyota,Corolla XLI,2014,76000,2375000,Petrol,Faisalabad,Original,Local,Manual,12,5846.153846153846
Mitsubishi,Pajero Mini,2016,150000,890000,Petrol,Sindh,Original,Imported,Manual,10,13636.363636363636
Daihatsu,Cuore,2008,140000,1270000,Petrol,Lahore,Original,Imported,Manual,18,7368.421052631579
Honda,City Vario,2008,150000,2450000,Petrol,Islamabad,Original,Imported,Automatic,18,7894.736842105263
Toyota,Corolla GLI,2018,81000,4025000,Petrol,Lahore,Original,Local,Manual,8,9000.0
Toyota,Corolla GLI,2020,83000,4200000,Petrol,Lahore,Original,Local,Automatic,6,11857.142857142857
Suzuki,Alto,2008,168000,975000,CNG,Rawalpindi,Original,Local,Manual,18,8842.105263157895
Toyota,Corolla XLI,2009,203000,2090000,Petrol,Lahore,Original,Local,Manual,17,11277.777777777777
Suzuki,Wagon R,2020,60000,2850000,Petrol,Islamabad,Original,Imported,Automatic,6,8571.42857142857
Honda,Civic Prosmetic,2007,170000,1945000,Petrol,Lahore,Original,Local,Automatic,19,8500.0
Suzuki,Wagon R,2017,127000,1775000,Petrol,Lahore,Original,Local,Manual,9,12700.0
KIA,Picanto,2021,12000,3800000,Petrol,Nawabshah,Original,Imported,Manual,5,2000.0
Suzuki,Cultus VXR,2006,30000,780000,Petrol,Multan,Original,Imported,Automatic,20,1428.5714285714287
Toyota,Corolla GLI,2018,65000,1600000,Petrol,Lahore,Original,Local,Automatic,8,7222.222222222223
Mitsubishi,Ek Wagon,2006,123457,1520000,Petrol,Lahore,Original,Imported,Automatic,20,5878.9047619047615
Toyota,Corolla XLI,2008,1234,1725000,Petrol,Sindh,Original,Local,Manual,18,64.94736842105263
Hyundai,Santro,2006,40000,800000,Petrol,Faisalabad,Original,Imported,Manual,20,1904.7619047619048
Daihatsu,Mira,2007,129500,1680000,Petrol,Karachi,Original,Imported,Automatic,19,6475.0
Toyota,Corolla GLI,2013,213456,2650000,Petrol,Islamabad,Original,Local,Automatic,13,15246.857142857143
Suzuki,Wagon R,2017,60500,1800000,Petrol,Karachi,Original,Local,Manual,9,6050.0
Honda,Civic Prosmetic,2006,200000,1500000,Petrol,Lahore,Original,Local,Automatic,20,9523.809523809523
Honda,Civic Prosmetic,2002,212000,1450000,Petrol,Lahore,Original,Local,Automatic,24,8480.0
Suzuki,Alto,2014,41000,2590000,Petrol,Islamabad,Original,Imported,Automatic,12,3153.846153846154
Mercedes,E Class,2003,107000,4500000,Petrol,Karachi,Original,Imported,Automatic,23,4458.333333333333
Daihatsu,Hijet,2019,200000,1600000,Petrol,Lahore,Original,Local,Manual,7,25000.0
KIA,Picanto,2020,72000,2900000,Petrol,Islamabad,Original,Local,Automatic,6,10285.714285714286
Daihatsu,Mira,2012,113033,2200000,Petrol,Sindh,Original,Imported,Automatic,14,7535.533333333334
Daihatsu,Mira,2010,170000,1500000,Petrol,Islamabad,Original,Imported,Automatic,16,10000.0
Daihatsu,Cuore,2005,12345,850000,Petrol,Bahawalpur,Original,Local,Automatic,21,561.1363636363636
Suzuki,Bolan,2008,12345,900000,CNG,Rawalpindi,Original,Local,Manual,18,649.7368421052631
Suzuki,Mehran VXR,2018,35000,1290000,Petrol,Lahore,Original,Imported,Manual,8,3888.8888888888887
Honda,City IVTEC,2009,128000,2265000,Petrol,Lahore,Original,Local,Manual,17,7111.111111111111
Mitsubishi,Lancer,2012,120000,1950000,Petrol,Lahore,Original,Imported,Automatic,14,8000.0
Mitsubishi,Ek Wagon,2013,78500,1840000,Petrol,Karachi,Original,Imported,Automatic,13,5607.142857142857
Suzuki,Every,2007,250000,715000,Petrol,Punjab,Original,Imported,Manual,19,12500.0
Toyota,Corolla GLI,2011,111000,2290000,Petrol,Lahore,Original,Local,Manual,15,6937.5
KIA,Picanto,2020,57000,2710000,Petrol,Karachi,Original,Local,Automatic,6,8142.857142857143
Changan,Karvaan,2021,23200,2500000,Petrol,Lahore,Original,Local,Manual,5,3866.6666666666665
Toyota,Corolla GLI,2013,137500,2670000,Petrol,Islamabad,Original,Local,Manual,13,9821.42857142857
KIA,Classic,2001,9999,450000,Petrol,Lahore,Original,Imported,Manual,25,384.5769230769231
Suzuki,Swift,2014,134000,2395000,Petrol,Lahore,Original,Local,Automatic,12,10307.692307692309
Daihatsu,Mira,2014,121000,2075000,Petrol,Karachi,Original,Imported,Automatic,12,9307.692307692309
Suzuki,Bolan,2001,60000,530000,Petrol,Lahore,Original,Local,Manual,25,2307.6923076923076
Honda,City IVTEC,2019,58000,3775000,Petrol,Islamabad,Original,Local,Manual,7,7250.0
Honda,City IVTEC,2009,85000,1985000,Petrol,Lahore,Original,Imported,Manual,17,4722.222222222223
Suzuki,Cultus VXR,2005,400000,650000,Petrol,Lahore,Original,Local,Manual,21,18181.81818181818
Suzuki,Mehran VXR,2017,64000,1260000,Petrol,Lahore,Original,Local,Manual,9,6400.0
Suzuki,Wagon R,2014,67000,2500000,Petrol,Islamabad,Original,Imported,Automatic,12,5153.846153846154
Suzuki,Mehran VXR,2006,23260,630000,CNG,Islamabad,Original,Local,Manual,20,1107.6190476190477
Suzuki,Mehran VXR,2017,70000,1150000,Petrol,Karachi,Original,Local,Manual,9,7000.0
Daihatsu,Cuore,2005,160000,680000,Petrol,Faisalabad,Original,Imported,Manual,21,7272.727272727273
Suzuki,Wagon R,2012,100000,1550000,Petrol,Lahore,Original,Imported,Automatic,14,6666.666666666667
Mercedes,C Class,2003,200000,2300000,Petrol,Sindh,Original,Imported,Automatic,23,8333.333333333334
Honda,City IVTEC,2013,192000,2690000,Petrol,Lahore,Original,Local,Manual,13,13714.285714285714
Toyota,Passo,2009,135000,2000000,Petrol,Islamabad,Original,Imported,Automatic,17,7500.0
Daihatsu,Cuore,2008,12345,700000,Petrol,Karachi,Original,Imported,Manual,18,649.7368421052631
Toyota,Passo,2007,191000,1600000,Petrol,Karachi,Original,Imported,Automatic,19,9550.0
Toyota,Corolla GLI,2006,134000,1630000,Petrol,Sindh,Original,Local,Manual,20,6380.952380952381
Honda,City IVTEC,2016,108500,2775000,Petrol,Karachi,Original,Local,Manual,10,9863.636363636364
Suzuki,Mehran VXR,2007,60000,590000,Petrol,Lahore,Duplicate,Local,Manual,19,3000.0
Toyota,Altis Grande,2014,85000,3900000,Petrol,Karachi,Original,Local,Automatic,12,6538.461538461538
Daihatsu,Cuore,2004,99000,690000,Petrol,Faisalabad,Original,Imported,Manual,22,4304.347826086957
Toyota,Corolla XLI,2007,345000,1680000,Petrol,Sargodha,Original,Local,Manual,19,17250.0
Suzuki,Alto,2005,10000,700000,Petrol,Rawalpindi,Original,Local,Manual,21,454.54545454545456
Daihatsu,Cuore,2007,33500,949000,Petrol,Lahore,Original,Local,Manual,19,1675.0
Suzuki,Wagon R,2019,82000,2220000,Petrol,Lahore,Original,Local,Manual,7,10250.0
Honda,City IVTEC,2018,91000,2980000,Petrol,Karachi,Original,Local,Manual,8,10111.111111111111
Daihatsu,Cuore,2005,130000,670000,Petrol,Lahore,Original,Local,Manual,21,5909.090909090909
Suzuki,Alto,2012,143000,1020000,Petrol,Karachi,Original,Local,Manual,14,9533.333333333334
Honda,City IVTEC,2018,46000,3300000,Petrol,Karachi,Original,Local,Automatic,8,5111.111111111111
Honda,City IDSI,2006,250000,1520000,Petrol,Lahore,Original,Local,Manual,20,11904.761904761905
Honda,Civic Prosmetic,2005,164000,1580000,Petrol,Karachi,Original,Imported,Automatic,21,7454.545454545455
Daihatsu,Cuore,2009,300000,1050000,Petrol,Faisalabad,Original,Imported,Manual,17,16666.666666666668
Suzuki,Every,2021,75000,2075000,Petrol,Lahore,Original,Imported,Automatic,5,12500.0
Suzuki,Every,2015,126000,1348000,Petrol,Lahore,Original,Local,Automatic,11,10500.0
KIA,Sportage,2005,1234,1450000,CNG,Sindh,Original,Local,Automatic,21,56.09090909090909
Suzuki,Mehran VXR,2014,70000,1090000,Petrol,Lahore,Original,Local,Manual,12,5384.615384615385
Toyota,Corrolla Altis,2018,69000,4850000,Petrol,Karachi,Original,Local,Automatic,8,7666.666666666667
Toyota,Corolla XLI,2004,100000,1650000,Petrol,Punjab,Original,Local,Manual,22,4347.826086956522
Suzuki,Swift,2016,85000,2250000,Petrol,Lahore,Original,Local,Automatic,10,7727.272727272727
Suzuki,Alto,2009,9000,760000,Petrol,Karachi,Original,Local,Manual,17,500.0
Suzuki,Wagon R,2021,41000,2750000,Petrol,Punjab,Original,Local,Manual,5,6833.333333333333
Honda,Civic Prosmetic,2006,196000,1600000,Petrol,Lahore,Original,Local,Automatic,20,9333.333333333334
Suzuki,Bolan,2018,60000,1500000,Petrol,Lahore,Original,Local,Manual,8,6666.666666666667
Suzuki,Cultus VXR,2002,12345,625000,Petrol,Karachi,Original,Local,Manual,24,493.8
Suzuki,Bolan,2015,47000,715000,Petrol,Dera Ghazi Khan,Original,Local,Manual,11,3916.6666666666665
Mitsubishi,Lancer,2005,180000,1220000,Petrol,Sahiwal,Original,Imported,Manual,21,8181.818181818182
Mitsubishi,Ek Wagon,2015,75000,1995000,Petrol,Lahore,Original,Imported,Automatic,11,6250.0
Honda,City Vario,2006,118500,1600000,Petrol,Karachi,Original,Local,Automatic,20,5642.857142857143
Toyota,Corolla GLI,2018,95000,4100000,Petrol,Sindh,Original,Local,Manual,8,10555.555555555555
Toyota,Corolla GLI,2014,189500,3700000,Petrol,Islamabad,Original,Local,Automatic,12,14576.923076923076
Suzuki,Alto,2012,83000,1985000,Petrol,Karachi,Original,Imported,Automatic,14,5533.333333333333
Daihatsu,Cuore,2011,123456,820000,Petrol,Karachi,Original,Imported,Manual,15,7716.0
Daihatsu,Cuore,2006,50000,750000,Petrol,Karachi,Original,Imported,Manual,20,2380.9523809523807
Honda,City Aspire,2016,167000,3450000,Petrol,Lahore,Original,Local,Automatic,10,15181.818181818182
Mitsubishi,Ek Wagon,2013,160000,1685000,Petrol,Islamabad,Original,Imported,Automatic,13,11428.57142857143
Honda,Civic Prosmetic,2005,100000,1100000,Petrol,Karachi,Original,Local,Manual,21,4545.454545454545
Honda,City IVTEC,2009,123456,1985000,Petrol,Lahore,Original,Local,Manual,17,6858.666666666667
Toyota,Passo,2017,72000,3350000,Petrol,Lahore,Original,Imported,Automatic,9,7200.0
Honda,Civic Prosmetic,2005,129000,1350000,Petrol,Karachi,Original,Local,Automatic,21,5863.636363636364
Suzuki,Cultus VXR,2005,200000,650000,Petrol,Karachi,Original,Local,Manual,21,9090.90909090909
Toyota,Corolla XLI,2011,107078,2200000,Petrol,Sindh,Original,Local,Manual,15,6692.375
Toyota,Corolla XLI,2006,350000,1600000,Petrol,Lahore,Original,Local,Manual,20,16666.666666666668
Changan,Karvaan,2023,11000,3000000,Petrol,Lahore,Original,Imported,Manual,3,2750.0
Suzuki,Every,2013,20000,1750000,Petrol,Sargodha,Original,Imported,Automatic,13,1428.5714285714287
Suzuki,Alto,2012,85000,985000,Petrol,Rahimyar Khan,Original,Local,Manual,14,5666.666666666667
Honda,City IVTEC,2013,230000,2500000,Petrol,Rawalpindi,Duplicate,Local,Manual,13,16428.571428571428
Toyota,Corolla GLI,2011,240000,2100000,Petrol,Karachi,Original,Local,Manual,15,15000.0
Suzuki,Alto,2021,9000,2700000,Petrol,Karachi,Original,Local,Automatic,5,1500.0
Hyundai,Santro,2006,12345,810000,Petrol,Faisalabad,Original,Local,Manual,20,587.8571428571429
Suzuki,Swift,2019,112000,2750000,Petrol,Islamabad,Original,Imported,Manual,7,14000.0
Suzuki,Alto,2009,138332,1030000,Petrol,Lahore,Original,Local,Manual,17,7685.111111111111
Toyota,Altis Grande,2016,68000,4450000,Petrol,Lahore,Original,Local,Automatic,10,6181.818181818182
Daihatsu,Mira,2015,78000,2400000,Petrol,Karachi,Original,Imported,Automatic,11,6500.0
Daihatsu,Hijet,2013,123000,1480000,Petrol,Karachi,Original,Imported,Automatic,13,8785.714285714286
Suzuki,Alto,2022,35000,2080000,Petrol,Karachi,Original,Local,Manual,4,7000.0
Suzuki,Bolan,2010,123456,1050000,CNG,Islamabad,Original,Local,Manual,16,7262.117647058823
Honda,City IVTEC,2018,78000,3150000,Petrol,Islamabad,Original,Local,Manual,8,8666.666666666666
Suzuki,Alto,2020,40000,2150000,Petrol,Sindh,Original,Local,Manual,6,5714.285714285715
Suzuki,Mehran VXR,2016,138000,1220000,Petrol,Lahore,Original,Imported,Manual,10,12545.454545454546
Mitsubishi,Ek Wagon,2007,1111,1495000,Petrol,Islamabad,Original,Imported,Automatic,19,55.55
Suzuki,Every,2018,100000,2750000,Petrol,Unregistered,Original,Imported,Automatic,8,11111.111111111111
Daihatsu,Hijet,2007,114528,1250000,Petrol,Lahore,Original,Imported,Manual,19,5726.4
Suzuki,Wagon R,2018,93000,2150000,Petrol,Lahore,Original,Local,Manual,8,10333.333333333334
Suzuki,Every,2016,130000,2300000,Petrol,Karachi,Original,Imported,Automatic,10,11818.181818181818
Changan,Alsvin,2021,8000,4000000,Petrol,Karachi,Original,Local,Automatic,5,1333.3333333333333
Suzuki,Alto,2002,382668,450000,Petrol,Lahore,Original,Local,Manual,24,15306.72
Suzuki,Mehran VXR,2016,90000,1040000,Petrol,Lahore,Original,Local,Manual,10,8181.818181818182
Toyota,Corolla GLI,2010,100000,2300000,Petrol,Karachi,Original,Imported,Manual,16,5882.35294117647
Honda,City IVTEC,2014,92000,2950000,Petrol,Lahore,Original,Local,Manual,12,7076.923076923077
Suzuki,Wagon R,2012,12345,1780000,Petrol,Islamabad,Duplicate,Imported,Automatic,14,823.0
Daihatsu,Terios Kid,2004,75000,1300000,Petrol,Karachi,Original,Imported,Manual,22,3260.8695652173915
Changan,Alsvin,2022,23800,3925000,Petrol,Islamabad,Original,Local,Automatic,4,4760.0
Suzuki,Baleno,2004,256000,900000,Petrol,Karachi,Original,Local,Manual,22,11130.434782608696
Suzuki,Swift,2018,151000,2425000,Petrol,Islamabad,Original,Local,Manual,8,16777.777777777777
Mitsubishi,Lancer,2005,330000,1150000,Petrol,Faisalabad,Original,Local,Manual,21,15000.0
Suzuki,Alto,2012,135000,1200000,Petrol,Karachi,Original,Local,Manual,14,9000.0
Mitsubishi,Lancer,2004,190000,1030000,Petrol,Lahore,Original,Imported,Manual,22,8260.869565217392
Suzuki,Every,2017,100000,2500000,Petrol,Lahore,Original,Imported,Automatic,9,10000.0
Suzuki,Bolan,2021,29000,1800000,Petrol,Karachi,Original,Local,Manual,5,4833.333333333333
Daihatsu,Move,2015,86000,2325000,Petrol,Lahore,Original,Imported,Automatic,11,7166.666666666667
Suzuki,Mehran VXR,2016,52000,1080000,Petrol,Lahore,Original,Local,Manual,10,4727.272727272727
Honda,City Aspire,2017,61000,3300000,Petrol,Lahore,Original,Local,Manual,9,6100.0
Hyundai,Santro,2001,1234,560000,CNG,Karachi,Original,Imported,Manual,25,47.46153846153846
Honda,Civic Prosmetic,2002,230000,1180000,Petrol,Karachi,Original,Local,Automatic,24,9200.0
Toyota,Corolla XLI,2009,123568,1840000,Petrol,Lahore,Original,Local,Manual,17,6864.888888888889
Suzuki,Bolan,2017,10900,1210000,Petrol,Lahore,Original,Local,Manual,9,1090.0
Suzuki,Alto,2005,200000,750000,Petrol,Lahore,Original,Imported,Manual,21,9090.90909090909
Toyota,Corrolla Altis,2012,104000,3500000,Petrol,Lahore,Original,Local,Automatic,14,6933.333333333333
Mitsubishi,Pajero Mini,2009,196000,1050000,Petrol,Lahore,Original,Imported,Automatic,17,10888.888888888889
Daihatsu,Cuore,2007,150000,1000000,Petrol,Lahore,Original,Local,Manual,19,7500.0
Suzuki,Every,2011,166600,1400000,Petrol,Karachi,Original,Imported,Automatic,15,10412.5
Suzuki,Ravi,2010,124532,358000,Petrol,Karachi,Original,Local,Manual,16,7325.411764705882
Mitsubishi,Lancer,2009,91000,2150000,Petrol,Lahore,Original,Local,Manual,17,5055.555555555556
FAW,X-PV,2018,190000,1020000,Petrol,Lahore,Original,Imported,Manual,8,21111.11111111111
Honda,City IDSI,2003,145000,975000,Petrol,Lahore,Original,Imported,Manual,23,6041.666666666667
FAW,X-PV,2017,70000,1000000,Petrol,Islamabad,Original,Imported,Manual,9,7000.0
Toyota,Corolla XLI,2010,200000,1980000,Petrol,Lahore,Original,Local,Manual,16,11764.70588235294
Toyota,Corolla XLI,2007,122343,1700000,Petrol,Lahore,Original,Local,Manual,19,6117.15
Toyota,Altis Grande,2014,137000,3400000,Petrol,Karachi,Original,Local,Manual,12,10538.461538461539
KIA,Picanto,2022,9300,2800000,Petrol,Karachi,Original,Local,Automatic,4,1860.0
Daihatsu,Mira,2020,31000,4100000,Petrol,Unregistered,Original,Imported,Automatic,6,4428.571428571428
Suzuki,Bolan,2012,1111,720000,Petrol,Karachi,Original,Imported,Manual,14,74.06666666666666
Suzuki,Alto,2022,40000,2200000,Petrol,Karachi,Original,Local,Manual,4,8000.0
Honda,City Vario,2004,162000,1650000,Petrol,Islamabad,Original,Local,Automatic,22,7043.478260869565
Toyota,Altis Grande,2017,80000,4350000,Petrol,Sindh,Original,Local,Automatic,9,8000.0
Honda,City IVTEC,2017,75000,3350000,Petrol,Lahore,Original,Local,Automatic,9,7500.0
Daihatsu,Mira,2012,75000,2100000,Petrol,Karachi,Original,Imported,Automatic,14,5000.0
Daihatsu,Mira,2020,45000,3295000,Petrol,Unregistered,Original,Imported,Automatic,6,6428.571428571428
Daihatsu,Cuore,2007,160000,780000,Petrol,Rahimyar Khan,Original,Imported,Manual,19,8000.0
Mercedes,E Class,2000,159000,1900000,Petrol,Islamabad,Original,Imported,Automatic,26,5888.888888888889
Toyota,Corrolla Altis,2004,100558,2300000,Petrol,Karachi,Original,Imported,Automatic,22,4372.086956521739
Daihatsu,Cuore,2002,94523,625000,Petrol,Sialkot,Original,Local,Manual,24,3780.92
Suzuki,Alto,2022,33078,2700000,Petrol,Karachi,Original,Local,Automatic,4,6615.6
Suzuki,Alto,2013,87555,2050000,Petrol,Karachi,Original,Imported,Automatic,13,6253.928571428572
Daihatsu,Mira,2013,107000,2100000,Petrol,Karachi,Original,Imported,Automatic,13,7642.857142857143
Honda,City IDSI,2007,210341,1900000,Petrol,Lahore,Original,Local,Manual,19,10517.05
Toyota,Corolla GLI,2018,95000,3995000,Petrol,Lahore,Original,Local,Manual,8,10555.555555555555
Daihatsu,Move,2014,96071,2200000,Petrol,Multan,Original,Imported,Automatic,12,7390.076923076923
Suzuki,Wagon R,2022,10000,2990000,Petrol,Islamabad,Original,Local,Manual,4,2000.0
KIA,Picanto,2022,28500,3500000,Petrol,Lahore,Original,Local,Automatic,4,5700.0
KIA,Sportage,2002,200000,1250000,CNG,Karachi,Original,Imported,Manual,24,8000.0
Honda,Civic Oriel,2010,95000,1950000,Petrol,Sindh,Original,Imported,Manual,16,5588.235294117647
Suzuki,Bolan,2017,370000,1180000,Petrol,Bahawalpur,Original,Local,Manual,9,37000.0
Daihatsu,Mira,2019,115000,3550000,Petrol,Karachi,Original,Imported,Automatic,7,14375.0
Honda,Civic Prosmetic,2010,114000,2000000,Petrol,Sindh,Original,Imported,Automatic,16,6705.882352941177
Honda,Civic Oriel,2005,100000,1430000,Petrol,Multan,Original,Local,Manual,21,4545.454545454545
Suzuki,Mehran VXR,2010,12345,780000,Petrol,Lahore,Original,Local,Manual,16,726.1764705882352
Suzuki,Alto,2004,100000,530000,Petrol,Karachi,Original,Local,Manual,22,4347.826086956522
Changan,Karvaan,2021,40000,2075000,Petrol,Punjab,Original,Imported,Manual,5,6666.666666666667
Suzuki,Bolan,2008,59326,650000,Petrol,Karachi,Original,Local,Manual,18,3122.4210526315787
Honda,City IDSI,2008,100000,1925000,Petrol,Lahore,Original,Local,Manual,18,5263.1578947368425
Changan,Karvaan,2021,51000,2470000,Petrol,Faisalabad,Original,Local,Manual,5,8500.0
Suzuki,Bolan,2004,90000,490000,Petrol,Karachi,Original,Imported,Manual,22,3913.0434782608695
Daihatsu,Cuore,2007,70000,955000,Petrol,Islamabad,Original,Local,Manual,19,3500.0
FAW,X-PV,2016,95655,795000,Petrol,Lahore,Original,Imported,Manual,10,8695.90909090909
Suzuki,Alto,2012,95000,2150000,Petrol,Islamabad,Original,Imported,Automatic,14,6333.333333333333
Suzuki,Alto,2007,265000,750000,Petrol,Lahore,Original,Local,Manual,19,13250.0
FAW,X-PV,2014,90000,690000,Petrol,Karachi,Original,Local,Manual,12,6923.076923076923
Suzuki,Mehran VXR,2016,89000,1030000,Petrol,Karachi,Original,Local,Manual,10,8090.909090909091
Suzuki,Alto,2012,100000,1090000,CNG,Karachi,Original,Local,Manual,14,6666.666666666667
Daihatsu,Mira,2007,141000,1569000,Petrol,Punjab,Original,Imported,Automatic,19,7050.0
Suzuki,Alto,2022,26896,2300000,Petrol,Karachi,Original,Imported,Manual,4,5379.2
Toyota,Corolla GLI,2019,72000,4300000,Petrol,Karachi,Original,Imported,Automatic,7,9000.0
Suzuki,Wagon R,2018,66000,2450000,Petrol,Karachi,Original,Imported,Automatic,8,7333.333333333333
Daihatsu,Mira,2012,71000,2300000,Petrol,Lahore,Original,Imported,Automatic,14,4733.333333333333
Suzuki,Mehran VXR,2018,100000,1270000,Petrol,Lahore,Original,Local,Manual,8,11111.111111111111
Suzuki,Baleno,2004,100000,980000,Petrol,Lahore,Original,Imported,Manual,22,4347.826086956522
Honda,City Vario,2008,168000,2050000,Petrol,Sindh,Original,Local,Automatic,18,8842.105263157895
Honda,City IVTEC,2012,100000,2750000,Petrol,Lahore,Original,Local,Automatic,14,6666.666666666667
Suzuki,Baleno,2005,157000,875000,Petrol,Karachi,Original,Local,Manual,21,7136.363636363636
Chevrolet,Exclusive,2004,99999,599999,Petrol,Islamabad,Original,Imported,Manual,22,4347.782608695652
Suzuki,Alto,2022,26000,2875000,Petrol,Lahore,Original,Local,Automatic,4,5200.0
Toyota,Corrolla Altis,2019,38000,4950000,Petrol,Lahore,Original,Local,Automatic,7,4750.0
Daihatsu,Mira,2018,30000,3250000,Petrol,Lahore,Original,Imported,Automatic,8,3333.3333333333335
Suzuki,Wagon R,2022,20339,3200000,Petrol,Punjab,Original,Local,Manual,4,4067.8
Suzuki,Every,2023,141000,2750000,Petrol,Unregistered,Original,Imported,Automatic,3,35250.0
Suzuki,Mehran VXR,2017,1100,1480000,Petrol,Islamabad,Original,Local,Manual,9,110.0
Toyota,Yaris,2020,35000,4500000,Petrol,Karachi,Original,Local,Automatic,6,5000.0
KIA,Spectra,2005,160000,1030000,CNG,Rawalpindi,Original,Imported,Manual,21,7272.727272727273
Suzuki,Bolan,2008,123456,790000,Petrol,Lahore,Original,Local,Manual,18,6497.684210526316
Daihatsu,Cuore,2004,50000,830000,Petrol,Karachi,Original,Local,Automatic,22,2173.913043478261
Daihatsu,Mira,2012,159000,2100000,Petrol,Lahore,Original,Imported,Automatic,14,10600.0
Daihatsu,Mira,2016,125643,2200000,Petrol,Lahore,Original,Imported,Automatic,10,11422.09090909091
Suzuki,Alto,2021,32000,2200000,Petrol,Lahore,Original,Local,Manual,5,5333.333333333333
Toyota,Passo,2016,84000,3260000,Petrol,Lahore,Original,Imported,Automatic,10,7636.363636363636
Suzuki,Ravi,2012,50000,630000,Petrol,Karachi,Original,Local,Manual,14,3333.3333333333335
Toyota,Corrolla Altis,2014,90000,3800000,Petrol,Islamabad,Original,Local,Manual,12,6923.076923076923
Suzuki,Mehran VXR,2007,70000,610000,Petrol,Lahore,Original,Imported,Manual,19,3500.0
Suzuki,Alto,2005,49000,630000,Petrol,Karachi,Original,Imported,Manual,21,2227.2727272727275
Honda,Civic Oriel,2010,110000,2350000,Petrol,Lahore,Original,Local,Automatic,16,6470.588235294118
Daihatsu,Cuore,2006,100000,665000,Petrol,Faisalabad,Original,Local,Manual,20,4761.9047619047615
Toyota,Corolla GLI,2017,75000,3350000,Petrol,Lahore,Original,Local,Automatic,9,7500.0
KIA,Sportage,2002,2000,1200000,Petrol,Karachi,Original,Imported,Manual,24,80.0
Suzuki,Baleno,2003,50000,1050000,Petrol,Islamabad,Original,Imported,Manual,23,2083.3333333333335
Suzuki,Mehran VXR,2007,100000,700000,Petrol,Lahore,Original,Local,Manual,19,5000.0
Suzuki,Every,2016,100300,2300000,Petrol,Karachi,Original,Imported,Automatic,10,9118.181818181818
Daihatsu,Mira,2015,1230,2030000,Petrol,Sindh,Original,Imported,Automatic,11,102.5
Honda,City IVTEC,2011,103100,2450000,Petrol,Lahore,Original,Local,Manual,15,6443.75
Suzuki,Baleno,2003,123456,750000,Petrol,Punjab,Original,Local,Manual,23,5144.0
Honda,City IVTEC,2000,123456,725000,Petrol,Lahore,Original,Local,Manual,26,4572.444444444444
Daihatsu,Mira,2017,82000,2545000,Petrol,Punjab,Original,Imported,Automatic,9,8200.0
Hyundai,Santro,2004,93000,835000,Petrol,Lahore,Original,Local,Manual,22,4043.478260869565
Daihatsu,Hijet,2017,86250,1450000,Petrol,Lahore,Original,Imported,Automatic,9,8625.0
Toyota,Corolla XLI,2007,200000,2000000,Petrol,Islamabad,Original,Local,Manual,19,10000.0
Suzuki,Alto,2016,91999,2050000,Petrol,Karachi,Original,Imported,Automatic,10,8363.545454545454
Chevrolet,Joy,2005,9999,350000,Petrol,Sindh,Original,Imported,Manual,21,454.5
Changan,Alsvin,2021,22000,3400000,Petrol,Karachi,Original,Local,Automatic,5,3666.6666666666665
Honda,Civic Oriel,2005,168000,1650000,Petrol,Lahore,Original,Local,Manual,21,7636.363636363636
Suzuki,Baleno,2004,12345,700000,Petrol,Kasur,Original,Local,Manual,22,536.7391304347826
Daihatsu,Mira,2011,115000,2075000,Petrol,Karachi,Original,Imported,Automatic,15,7187.5
Honda,City IVTEC,2015,142000,2900000,Petrol,Lahore,Original,Local,Manual,11,11833.333333333334
Suzuki,Swift,2016,65000,1950000,Petrol,Sindh,Original,Imported,Manual,10,5909.090909090909
Daihatsu,Mira,2006,100000,1250000,Petrol,Karachi,Original,Imported,Automatic,20,4761.9047619047615
Honda,City Aspire,2018,91000,3750000,Petrol,Islamabad,Original,Local,Automatic,8,10111.111111111111
Honda,City IVTEC,2016,171000,2800000,Petrol,Lahore,Original,Local,Manual,10,15545.454545454546
Honda,City Aspire,2014,84000,3050000,Petrol,Lahore,Original,Local,Automatic,12,6461.538461538462
Changan,Alsvin,2021,49990,3675000,Petrol,Punjab,Original,Local,Automatic,5,8331.666666666666
Suzuki,Swift,2010,160000,1480000,Petrol,Karachi,Original,Imported,Manual,16,9411.764705882353
Suzuki,Alto,2007,97000,980000,CNG,Lahore,Original,Local,Manual,19,4850.0
Suzuki,Alto,2016,60000,2720000,Petrol,Islamabad,Original,Imported,Automatic,10,5454.545454545455
Suzuki,Bolan,2000,10000,450000,Petrol,Karachi,Original,Imported,Manual,26,370.3703703703704
Honda,City IVTEC,2012,120000,2525000,Petrol,Karachi,Original,Local,Automatic,14,8000.0
Toyota,Corolla XLI,2011,97000,2320000,Petrol,Karachi,Original,Local,Manual,15,6062.5
Changan,Karvaan,2022,5500,2450000,Petrol,Punjab,Original,Local,Manual,4,1100.0
Changan,Alsvin,2022,23500,3970000,Petrol,Islamabad,Original,Local,Automatic,4,4700.0
Toyota,Corolla GLI,2014,122000,2722000,Petrol,Karachi,Original,Local,Automatic,12,9384.615384615385
Mitsubishi,Pajero Mini,2011,140000,2200000,Petrol,Lahore,Original,Imported,Automatic,15,8750.0
Changan,Karvaan,2022,20000,2100000,Petrol,Lahore,Original,Local,Manual,4,4000.0
Suzuki,Cultus VXR,2008,90000,825000,Petrol,Lahore,Original,Local,Manual,18,4736.8421052631575
Suzuki,Wagon R,2019,80000,2250000,Petrol,Karachi,Original,Local,Manual,7,10000.0
Toyota,Corrolla Altis,2005,100000,1350000,Petrol,Karachi,Original,Local,Manual,21,4545.454545454545
Honda,City IDSI,2004,250000,1650000,Petrol,Islamabad,Original,Local,Manual,22,10869.565217391304
Toyota,Corolla GLI,2013,135000,2950000,Petrol,Lahore,Original,Local,Manual,13,9642.857142857143
Toyota,Altis Grande,2016,65000,4700000,Petrol,Lahore,Original,Local,Automatic,10,5909.090909090909
Honda,Civic Oriel,2014,98560,3200000,Petrol,Lahore,Original,Local,Manual,12,7581.538461538462
Toyota,Altis Grande,2017,58000,3750000,Petrol,Karachi,Original,Local,Automatic,9,5800.0
Toyota,Passo,2013,134000,2450000,Petrol,Karachi,Original,Imported,Automatic,13,9571.42857142857
Hyundai,Santro,2006,135000,1085000,Petrol,Faisalabad,Original,Local,Manual,20,6428.571428571428
Honda,City IDSI,2003,214545,1350000,Petrol,Sindh,Original,Local,Manual,23,8939.375
Honda,City IVTEC,2019,85000,3850000,Petrol,Islamabad,Original,Local,Automatic,7,10625.0
Hyundai,Santro,2002,15000,650000,Petrol,Islamabad,Original,Local,Manual,24,600.0
Hyundai,Santro,2007,99000,1035000,Petrol,Lahore,Original,Imported,Automatic,19,4950.0
Toyota,Corrolla Altis,2005,140000,1595000,Petrol,Karachi,Original,Local,Automatic,21,6363.636363636364
Toyota,Corolla GLI,2012,93000,2500000,Petrol,Multan,Original,Local,Manual,14,6200.0
Toyota,Corolla XLI,2015,148537,2960000,Petrol,Karachi,Original,Local,Manual,11,12378.083333333334
Suzuki,Alto,2020,54000,3450000,Petrol,Unregistered,Original,Imported,Automatic,6,7714.285714285715
Daihatsu,Hijet,2010,200000,1325000,Petrol,Lahore,Original,Imported,Automatic,16,11764.70588235294
Hyundai,Santro,2004,145000,795000,Petrol,Lahore,Original,Local,Manual,22,6304.347826086957
Daihatsu,Cuore,2009,176631,950000,Petrol,Lahore,Original,Local,Manual,17,9812.833333333334
Honda,City IDSI,2008,150000,1550000,Petrol,Faisalabad,Original,Imported,Manual,18,7894.736842105263
Honda,Civic Oriel,2001,105000,1400000,Petrol,Lahore,Original,Imported,Automatic,25,4038.4615384615386
Hyundai,Santro,2005,85000,799998,Petrol,Karachi,Original,Imported,Manual,21,3863.6363636363635
Mitsubishi,Lancer,2004,229000,1350000,Petrol,Faisalabad,Original,Imported,Manual,22,9956.521739130434
Toyota,Corolla GLI,2008,150000,1770000,CNG,Peshawar,Original,Imported,Manual,18,7894.736842105263
Honda,City IVTEC,2000,250000,825000,Petrol,Karachi,Original,Local,Manual,26,9259.25925925926
Honda,City IVTEC,2009,45000,2200000,Petrol,Karachi,Original,Imported,Automatic,17,2500.0
Mitsubishi,Minica,2014,190000,1600000,Petrol,Karachi,Original,Imported,Manual,12,14615.384615384615
FAW,X-PV,2021,45000,1530000,Petrol,Islamabad,Original,Local,Manual,5,7500.0
Changan,Karvaan,2020,39000,1950000,Petrol,Karachi,Original,Imported,Manual,6,5571.428571428572
Suzuki,Every,2019,180000,2490000,Petrol,Unregistered,Original,Imported,Automatic,7,22500.0
Suzuki,Baleno,2003,150000,975000,Petrol,Lahore,Original,Local,Manual,23,6250.0
Daihatsu,Move,2019,51000,2950000,Petrol,Lahore,Original,Imported,Automatic,7,6375.0
Toyota,Corrolla Altis,2016,21000,4300000,Petrol,Lahore,Original,Local,Automatic,10,1909.090909090909
Toyota,Corolla XLI,2011,145000,2500000,Petrol,Islamabad,Original,Local,Manual,15,9062.5
Suzuki,Cultus VXR,2017,88000,2250000,Petrol,Lahore,Original,Local,Manual,9,8800.0
Honda,Civic Prosmetic,2010,200000,2425000,Petrol,Lahore,Original,Imported,Automatic,16,11764.70588235294
Honda,City IVTEC,2017,150000,3200000,Petrol,Islamabad,Original,Local,Manual,9,15000.0
Daihatsu,Hijet,2011,120000,1345000,Petrol,Karachi,Original,Imported,Automatic,15,7500.0
Daihatsu,Cuore,2010,60000,800000,Petrol,Sindh,Original,Imported,Manual,16,3529.4117647058824
Suzuki,Wagon R,2017,390000,2050000,Petrol,Bahawalpur,Original,Local,Manual,9,39000.0
Toyota,Altis Grande,2017,72500,4800000,Petrol,Karachi,Original,Local,Automatic,9,7250.0
Chevrolet,Joy,2009,100000,740000,Petrol,Karachi,Original,Local,Manual,17,5555.555555555556
Honda,City Aspire,2015,96000,3150000,Petrol,Lahore,Original,Local,Manual,11,8000.0
Suzuki,Alto,2004,160000,575000,Petrol,Karachi,Original,Local,Manual,22,6956.521739130435
Suzuki,Swift,2018,63000,2250000,Petrol,Islamabad,Original,Local,Manual,8,7000.0
Toyota,Corrolla Altis,2005,123456,1595000,Petrol,Karachi,Original,Local,Automatic,21,5611.636363636364
Toyota,Corolla XLI,2004,200000,1600000,Petrol,Sindh,Original,Imported,Automatic,22,8695.652173913044
Suzuki,Alto,2022,19000,2450000,Petrol,Hyderabad,Original,Local,Manual,4,3800.0
Suzuki,Wagon R,2020,103000,2630000,Petrol,Islamabad,Original,Local,Manual,6,14714.285714285714
Honda,Civic Prosmetic,2005,150000,1650000,Petrol,Karachi,Original,Local,Automatic,21,6818.181818181818
Daihatsu,Move,2014,88350,2325000,Petrol,Lahore,Original,Imported,Automatic,12,6796.153846153846
Suzuki,Every,2017,125000,1550000,Petrol,Lahore,Original,Imported,Automatic,9,12500.0
Daihatsu,Cuore,2007,10000,750000,Petrol,Sindh,Original,Local,Manual,19,500.0
Toyota,Corolla GLI,2017,15000,4850000,Petrol,Islamabad,Original,Local,Automatic,9,1500.0
Daihatsu,Mira,2018,14000,1130000,Petrol,Unregistered,Duplicate,Imported,Automatic,8,1555.5555555555557
Suzuki,Cultus VXR,2007,85000,720000,Petrol,Karachi,Original,Local,Manual,19,4250.0
Daihatsu,Hijet,2013,87200,1450000,Petrol,Lahore,Original,Imported,Automatic,13,6228.571428571428
Honda,City IVTEC,2005,100000,1450000,Petrol,Karachi,Original,Imported,Automatic,21,4545.454545454545
Hyundai,Santro,2005,12540,1075000,Petrol,Lahore,Original,Imported,Manual,21,570.0
Honda,City IVTEC,2011,106000,2355000,Petrol,Karachi,Original,Local,Automatic,15,6625.0
Honda,Civic Prosmetic,2005,168000,1750000,Petrol,Karachi,Original,Local,Automatic,21,7636.363636363636
Hyundai,Santro,2005,95000,795000,Petrol,Sargodha,Original,Local,Manual,21,4318.181818181818
Toyota,Corolla XLI,2009,120000,1975000,Petrol,Lahore,Original,Local,Manual,17,6666.666666666667
Honda,City IVTEC,2019,55000,3700000,Petrol,Lahore,Original,Local,Manual,7,6875.0
Suzuki,Cultus VXR,2013,43000,1370000,Petrol,Lahore,Original,Local,Manual,13,3071.4285714285716
Toyota,Corolla XLI,2007,12345,2000000,Petrol,Lahore,Original,Local,Automatic,19,617.25
Honda,City IDSI,2005,177000,1590000,Petrol,Lahore,Original,Imported,Manual,21,8045.454545454545
Honda,City Vario,2007,208000,1800000,Petrol,Lahore,Original,Local,Automatic,19,10400.0
Suzuki,Wagon R,2017,75444,1900000,Petrol,Lahore,Original,Imported,Manual,9,7544.4
Suzuki,Mehran VXR,2015,63000,890000,Petrol,Sindh,Original,Local,Manual,11,5250.0
Daihatsu,Cuore,2006,252010,725000,Petrol,Faisalabad,Original,Local,Manual,20,12000.47619047619
Daihatsu,Mira,2020,38000,3450000,Petrol,Punjab,Original,Imported,Automatic,6,5428.571428571428
Toyota,Corolla GLI,2017,74545,4150000,Petrol,Islamabad,Original,Local,Manual,9,7454.5
Mitsubishi,Ek Wagon,2016,119000,2500000,Petrol,Islamabad,Original,Imported,Automatic,10,10818.181818181818
Suzuki,Cultus VXR,2007,75000,720000,CNG,Multan,Original,Local,Manual,19,3750.0
Suzuki,Alto,2007,103000,1200000,Petrol,Karachi,Original,Imported,Automatic,19,5150.0
Hyundai,Santro,2005,150000,920000,Petrol,Lahore,Original,Local,Manual,21,6818.181818181818
Suzuki,Bolan,2018,90000,1250000,Petrol,Karachi,Original,Imported,Manual,8,10000.0
Toyota,Corrolla Altis,2007,103588,2450000,Petrol,Karachi,Original,Local,Automatic,19,5179.4
Honda,City IVTEC,2018,1256,3250000,Petrol,Sindh,Original,Local,Automatic,8,139.55555555555554
Honda,City IVTEC,2016,107000,3070000,Petrol,Lahore,Original,Local,Manual,10,9727.272727272728
Suzuki,Every,2023,99500,2625000,Petrol,Lahore,Original,Imported,Manual,3,24875.0
Toyota,Corolla GLI,2009,218000,2400000,Petrol,Islamabad,Original,Local,Manual,17,12111.111111111111
Toyota,Corrolla Altis,2005,100000,1500000,Petrol,Karachi,Original,Local,Automatic,21,4545.454545454545
Daihatsu,Mira,2014,95000,2175000,Petrol,Karachi,Original,Imported,Automatic,12,7307.692307692308
Honda,Civic Prosmetic,2004,116000,1395000,Petrol,Lahore,Original,Local,Automatic,22,5043.478260869565
Changan,Alsvin,2022,28000,4100000,Petrol,Islamabad,Original,Local,Automatic,4,5600.0
Toyota,Altis Grande,2015,76000,4250000,Petrol,Karachi,Original,Local,Automatic,11,6333.333333333333
KIA,Picanto,2021,16800,2735000,Petrol,Karachi,Original,Local,Manual,5,2800.0
Honda,City IDSI,2006,172000,1795000,Petrol,Lahore,Original,Local,Manual,20,8190.476190476191
Hyundai,Santro,2004,123456,880000,Petrol,Lahore,Original,Local,Manual,22,5367.652173913043
Honda,Civic Prosmetic,2015,80000,3600000,Petrol,Karachi,Original,Imported,Automatic,11,6666.666666666667
Honda,City Aspire,2022,13543,4850000,Petrol,Islamabad,Original,Local,Automatic,4,2708.6
Suzuki,Mehran VXR,2016,77600,1250000,Petrol,Lahore,Original,Local,Manual,10,7054.545454545455
Suzuki,Mehran VXR,2007,120000,690000,Petrol,Rawalpindi,Original,Local,Manual,19,6000.0
Daihatsu,Move,2014,100000,2100000,Petrol,Karachi,Original,Imported,Automatic,12,7692.307692307692
Hyundai,Santro,2004,150000,983000,Petrol,Lahore,Original,Local,Manual,22,6521.739130434783
KIA,Picanto,2022,37000,3100000,Petrol,Karachi,Original,Local,Automatic,4,7400.0
Suzuki,Bolan,2021,10400,1550000,Petrol,Karachi,Original,Local,Manual,5,1733.3333333333333
Toyota,Corolla XLI,2007,54287,2250000,CNG,Islamabad,Original,Local,Manual,19,2714.35
Suzuki,Cultus VXR,2008,59256,950000,Petrol,Karachi,Original,Local,Automatic,18,3118.7368421052633
Toyota,Corrolla Altis,2013,100000,2690000,Petrol,Lahore,Original,Local,Manual,13,7142.857142857143
Toyota,Corolla GLI,2013,354720,2450000,Petrol,Multan,Original,Imported,Manual,13,25337.14285714286
Changan,Karvaan,2021,27000,2300000,Petrol,Punjab,Original,Local,Manual,5,4500.0
Daihatsu,Cuore,2000,150000,830000,Petrol,Faisalabad,Original,Imported,Manual,26,5555.555555555556
Honda,Civic Oriel,2007,120000,1650000,Petrol,Islamabad,Original,Local,Automatic,19,6000.0
Daihatsu,Cuore,2010,50000,1050000,Petrol,Faisalabad,Original,Imported,Manual,16,2941.176470588235
Honda,City IVTEC,2016,103000,3100000,Petrol,Lahore,Original,Imported,Manual,10,9363.636363636364
Toyota,Corolla XLI,2005,400000,1420000,Petrol,Karachi,Original,Local,Manual,21,18181.81818181818
Daihatsu,Mira,2015,65000,2775000,Petrol,Islamabad,Original,Imported,Automatic,11,5416.666666666667
Suzuki,Mehran VXR,2018,38000,1420000,Petrol,Lahore,Original,Local,Manual,8,4222.222222222223
Toyota,Passo,2011,126000,2400000,Petrol,Islamabad,Original,Imported,Automatic,15,7875.0
Suzuki,Ravi,2018,65000,1480000,Petrol,Lahore,Original,Local,Manual,8,7222.222222222223
Suzuki,Wagon R,2022,8800,3200000,Petrol,Lahore,Original,Local,Automatic,4,1760.0
Toyota,Altis Grande,2015,85000,4190000,Petrol,Lahore,Original,Local,Automatic,11,7083.333333333333
Toyota,Corolla XLI,2012,150000,1950000,Petrol,Karachi,Original,Local,Manual,14,10000.0
Honda,City Aspire,2012,185000,2450000,Petrol,Karachi,Original,Local,Manual,14,12333.333333333334
Suzuki,Alto,2005,10000,780000,Petrol,Islamabad,Original,Imported,Manual,21,454.54545454545456
Daihatsu,Cuore,2008,55000,660000,Petrol,Sindh,Original,Imported,Manual,18,2894.7368421052633
Honda,Civic Prosmetic,2012,100000,2600000,Petrol,Lahore,Original,Local,Automatic,14,6666.666666666667
Toyota,Corolla XLI,2005,400000,1580000,Petrol,Sindh,Original,Local,Manual,21,18181.81818181818
Hyundai,Santro,2008,163000,975000,Petrol,Lahore,Original,Local,Manual,18,8578.947368421053
Daihatsu,Mira,2016,90000,2480000,Petrol,Karachi,Original,Imported,Automatic,10,8181.818181818182
Suzuki,Cultus VXR,2005,100000,590000,Petrol,Lahore,Original,Imported,Manual,21,4545.454545454545
Daihatsu,Move,2015,69000,2600000,Petrol,Lahore,Original,Imported,Automatic,11,5750.0
Daihatsu,Mira,2007,113000,1685000,Petrol,Lahore,Original,Imported,Automatic,19,5650.0
Suzuki,Cultus VXR,2014,22000,1420000,Petrol,Karachi,Original,Local,Manual,12,1692.3076923076924
Toyota,Corolla GLI,2018,105000,3980000,Petrol,Lahore,Original,Local,Manual,8,11666.666666666666
Honda,City Aspire,2016,72000,3300000,Petrol,Islamabad,Original,Local,Automatic,10,6545.454545454545
Toyota,Passo,2007,69743,1790000,Petrol,Karachi,Original,Imported,Automatic,19,3487.15
Daihatsu,Mira,2019,47000,3300000,Petrol,Islamabad,Original,Imported,Automatic,7,5875.0
Toyota,Corrolla Altis,2014,155000,4080000,Petrol,Lahore,Original,Local,Automatic,12,11923.076923076924
Toyota,Corolla GLI,2014,173000,2530000,Petrol,Islamabad,Original,Local,Manual,12,13307.692307692309
Suzuki,Wagon R,2019,38000,2600000,Petrol,Lahore,Original,Local,Manual,7,4750.0
Toyota,Corolla GLI,2016,70000,3400000,Petrol,Karachi,Original,Imported,Automatic,10,6363.636363636364
Suzuki,Every,2017,160000,2400000,Petrol,Karachi,Original,Imported,Automatic,9,16000.0
Toyota,Corolla GLI,2015,92000,2850000,Petrol,Karachi,Original,Local,Manual,11,7666.666666666667
Suzuki,Wagon R,2014,115000,2725000,Petrol,Islamabad,Original,Imported,Automatic,12,8846.153846153846
Suzuki,Wagon R,2017,100000,1850000,Petrol,Lahore,Original,Local,Manual,9,10000.0
KIA,Spectra,2001,123456,1100000,Petrol,Lahore,Original,Imported,Automatic,25,4748.307692307692
Suzuki,Alto,2009,89000,970000,Petrol,Lahore,Original,Imported,Manual,17,4944.444444444444
Daihatsu,Move,2016,95000,2050000,Petrol,Gujranwala,Original,Imported,Automatic,10,8636.363636363636
